B_Deficient,B_Sufficient,Cu_Deficient,Cu_Sufficient,EC_NonSaline,EC_Saline,Fe_Deficient,Fe_Sufficient,Mn_Deficient,Mn_Sufficient,OC_High,OC_Low,OC_Medium,S_Deficient,S_Sufficient,Zn_Deficient,Zn_Sufficient,block,block_code,block_id,createdAt,cycle,district,district_id,k_High,k_Low,k_Medium,lastProcessedAt,n_High,n_Low,n_Medium,pH_Acidic,pH_Alkaline,pH_Neutral,p_High,p_Low,p_Medium,record_id,scheme,scheme_id,state,state_id,updatedAt,village,village_code,village_id,n_sample_count,n_low_pct,n_medium_pct,n_high_pct,p_sample_count,p_low_pct,p_medium_pct,p_high_pct,k_sample_count,k_low_pct,k_medium_pct,k_high_pct,OC_sample_count,OC_low_pct,OC_medium_pct,OC_high_pct,S_sample_count,S_sufficient_pct,S_deficient_pct,Fe_sample_count,Fe_sufficient_pct,Fe_deficient_pct,Zn_sample_count,Zn_sufficient_pct,Zn_deficient_pct,Cu_sample_count,Cu_sufficient_pct,Cu_deficient_pct,B_sample_count,B_sufficient_pct,B_deficient_pct,Mn_sample_count,Mn_sufficient_pct,Mn_deficient_pct,pH_sample_count,pH_acidic_pct,pH_neutral_pct,pH_alkaline_pct,EC_sample_count,EC_saline_pct,EC_nonsaline_pct,village_total_samples,N_dominant,P_dominant,K_dominant,OC_dominant,pH_dominant,data_quality
49,0,1,48,49,0,49,0,49,0,0,49,0,21,28,22,27,ARIYALUR,6256,6492fcaa680216eb6c940915,2026-08-27T17:52:33.497Z,2026-27,Ariyalur,63f9cb8c519359b7438e3856,0,0,49,2026-09-16T18:06:09.078Z,0,49,0,0,28,21,0,0,49,6a90796166839ee331802e8c,Soil Health Card RKVY,660f941a5c8405ca8375c7c6,TAMIL NADU,63f9be9f519359b7438d08bb,2026-09-16T18:08:21.181Z,Valajanagaram,636467,63f9cbab519359b7438e3b25,49,100.0,0.0,0.0,49,0.0,100.0,0.0,49,0.0,100.0,0.0,49,100.0,0.0,0.0,49,57.14285714285714,42.857142857142854,49,0.0,100.0,49,55.10204081632652,44.89795918367347,49,97.95918367346938,2.0408163265306123,49,0.0,100.0,49,0.0,100.0,49,0.0,42.857142857142854,57.14285714285714,49,0.0,100.0,49,n_low,p_medium,k_medium,OC_low,pH_alkaline,GOOD
20,0,1,19,20,0,20,0,19,1,0,20,0,10,10,17,3,ARIYALUR,6256,6492fcaa680216eb6c940915,2026-08-24T17:50:38.313Z,2026-27,Ariyalur,63f9cb8c519359b7438e3856,0,0,20,2026-09-16T18:06:09.078Z,0,20,0,0,8,12,0,0,20,6a8c846e2ce21ef285530e17,Soil Health Card RKVY,660f941a5c8405ca8375c7c6,TAMIL NADU,63f9be9f519359b7438d08bb,2026-09-16T18:08:21.181Z,Kadugur,636458,63f9cbb2519359b7438e3bcf,20,100.0,0.0,0.0,20,0.0,100.0,0.0,20,0.0,100.0,0.0,20,100.0,0.0,0.0,20,50.0,50.0,20,0.0,100.0,20,15.0,85.0,20,95.0,5.0,20,0.0,100.0,20,5.0,95.0,20,0.0,60.0,40.0,20,0.0,100.0,20,n_low,p_medium,k_medium,OC_low,pH_neutral,GOOD
31,0,3,27,31,0,31,0,31,0,0,30,1,14,17,23,8,ARIYALUR,6256,6492fcaa680216eb6c940915,2026-08-27T17:52:33.497Z,2026-27,Ariyalur,63f9cb8c519359b7438e3856,0,1,30,2026-09-16T18:06:09.078Z,0,31,0,0,22,9,0,0,31,6a90796166839ee331802e8d,Soil Health Card RKVY,660f941a5c8405ca8375c7c6,TAMIL NADU,63f9be9f519359b7438d08bb,2026-09-16T18:08:21.181Z,Illuppaiyur,636454,63f9cbb3519359b7438e3bde,31,100.0,0.0,0.0,31,0.0,100.0,0.0,31,3.225806451612903,96.7741935483871,0.0,31,96.7741935483871,3.225806451612903,0.0,31,54.83870967741935,45.16129032258064,31,0.0,100.0,31,25.806451612903224,74.19354838709677,30,90.0,10.0,31,0.0,100.0,31,0.0,100.0,31,0.0,29.03225806451613,70.96774193548387,31,0.0,100.0,31,n_low,p_medium,k_medium,OC_low,pH_alkaline,GOOD
1,1,0,2,2,0,1,1,1,1,1,1,0,0,2,0,2,MADURANTAKAM,6181,6492fcab680216eb6c940927,2026-08-04T17:50:37.740Z,2026-27,CHENGALPATTU,63f9cc92519359b7438e4f61,0,2,0,2026-09-16T18:06:09.078Z,0,2,0,0,0,2,1,0,1,6a72266d707b2ec6eb4935ea,Soil Health Card RKVY,660f941a5c8405ca8375c7c6,TAMIL NADU,63f9be9f519359b7438d08bb,2026-09-16T18:08:21.181Z,Nethapakkam,630077,63f9ccd6519359b7438e555c,2,100.0,0.0,0.0,2,0.0,50.0,50.0,2,100.0,0.0,0.0,2,50.0,0.0,50.0,2,100.0,0.0,2,50.0,50.0,2,100.0,0.0,2,100.0,0.0,2,50.0,50.0,2,50.0,50.0,2,0.0,100.0,0.0,2,0.0,100.0,2,n_low,p_medium,k_low,OC_low,pH_neutral,LIMITED
1,1,0,2,2,0,0,2,1,1,0,1,1,0,2,0,2,MADURANTAKAM,6181,6492fcab680216eb6c940927,2026-08-04T17:50:37.741Z,2026-27,CHENGALPATTU,63f9cc92519359b7438e4f61,0,2,0,2026-09-16T18:06:09.078Z,0,2,0,0,0,2,1,0,1,6a72266d707b2ec6eb4935eb,Soil Health Card RKVY,660f941a5c8405ca8375c7c6,TAMIL NADU,63f9be9f519359b7438d08bb,2026-09-16T18:08:21.181Z,Peruveli,630092,63f9cce7519359b7438e56ce,2,100.0,0.0,0.0,2,0.0,50.0,50.0,2,100.0,0.0,0.0,2,50.0,50.0,0.0,2,100.0,0.0,2,100.0,0.0,2,100.0,0.0,2,100.0,0.0,2,50.0,50.0,2,50.0,50.0,2,0.0,100.0,0.0,2,0.0,100.0,2,n_low,p_medium,k_low,OC_low,pH_neutral,LIMITED
1,2,0,3,3,0,0,3,2,1,0,1,2,0,3,0,3,MADURANTAKAM,6181,6492fcab680216eb6c940927,2026-08-04T17:50:37.741Z,2026-27,CHENGALPATTU,63f9cc92519359b7438e4f61,0,3,0,2026-09-16T18:06:09.078Z,0,3,0,0,0,3,1,0,2,6a72266d707b2ec6eb4935ec,Soil Health Card RKVY,660f941a5c8405ca8375c7c6,TAMIL NADU,63f9be9f519359b7438d08bb,2026-09-16T18:08:21.181Z,Sirunallur,630078,63f9cce8519359b7438e56ec,3,100.0,0.0,0.0,3,0.0,66.66666666666666,33.33333333333333,3,100.0,0.0,0.0,3,33.33333333333333,66.66666666666666,0.0,3,100.0,0.0,3,100.0,0.0,3,100.0,0.0,3,100.0,0.0,3,66.66666666666666,33.33333333333333,3,33.33333333333333,66.66666666666666,3,0.0,100.0,0.0,3,0.0,100.0,3,n_low,p_medium,k_low,OC_medium,pH_neutral,LIMITED
4,1,0,5,5,0,2,3,3,2,0,5,0,3,2,1,4,POLLACHI SOUTH,6112,6492fcab680216eb6c94092d,2026-07-24T17:51:46.670Z,2026-27,COIMBATORE,63f9beae519359b7438d0a39,4,0,1,2026-09-16T18:06:09.078Z,0,4,1,0,0,5,0,2,3,6a63a6321298ca6884f97df2,Soil Health Card RKVY,660f941a5c8405ca8375c7c6,TAMIL NADU,63f9be9f519359b7438d08bb,2026-09-16T18:08:21.181Z,Kanjampatti,644557,63f9bec4519359b7438d0c35,5,80.0,20.0,0.0,5,40.0,60.0,0.0,5,0.0,20.0,80.0,5,100.0,0.0,0.0,5,40.0,60.0,5,60.0,40.0,5,80.0,20.0,5,100.0,0.0,5,20.0,80.0,5,40.0,60.0,5,0.0,100.0,0.0,5,0.0,100.0,5,n_low,p_medium,k_high,OC_low,pH_neutral,GOOD
1,1,0,2,2,0,1,1,1,1,0,2,0,0,2,0,2,POLLACHI SOUTH,6112,6492fcab680216eb6c94092d,2026-07-28T18:06:04.936Z,2026-27,COIMBATORE,63f9beae519359b7438d0a39,2,0,0,2026-09-16T18:06:09.078Z,0,2,0,0,0,2,0,1,1,6a68ef8c1a76497cd6b2160b,Soil Health Card RKVY,660f941a5c8405ca8375c7c6,TAMIL NADU,63f9be9f519359b7438d08bb,2026-09-16T18:08:21.181Z,Sinjuvadi,644574,63f9bec5519359b7438d0c49,2,100.0,0.0,0.0,2,50.0,50.0,0.0,2,0.0,0.0,100.0,2,100.0,0.0,0.0,2,100.0,0.0,2,50.0,50.0,2,100.0,0.0,2,100.0,0.0,2,50.0,50.0,2,50.0,50.0,2,0.0,100.0,0.0,2,0.0,100.0,2,n_low,p_low,k_high,OC_low,pH_neutral,LIMITED
2,1,0,3,2,1,1,2,2,1,0,1,2,1,2,1,2,POLLACHI SOUTH,6112,6492fcab680216eb6c94092d,2026-08-10T17:48:51.628Z,2026-27,COIMBATORE,63f9beae519359b7438d0a39,3,0,0,2026-09-16T18:06:09.078Z,0,3,0,0,0,3,0,1,2,6a7a0f03d5288ecb5564d0f5,Soil Health Card RKVY,660f941a5c8405ca8375c7c6,TAMIL NADU,63f9be9f519359b7438d08bb,2026-09-16T18:08:21.181Z,Gomangalam,644554,63f9bec6519359b7438d0c62,3,100.0,0.0,0.0,3,33.33333333333333,66.66666666666666,0.0,3,0.0,0.0,100.0,3,33.33333333333333,66.66666666666666,0.0,3,66.66666666666666,33.33333333333333,3,66.66666666666666,33.33333333333333,3,66.66666666666666,33.33333333333333,3,100.0,0.0,3,33.33333333333333,66.66666666666666,3,33.33333333333333,66.66666666666666,3,0.0,100.0,0.0,3,33.33333333333333,66.66666666666666,3,n_low,p_medium,k_high,OC_medium,pH_neutral,LIMITED
1,2,0,3,3,0,0,3,0,3,0,1,2,0,3,0,3,POLLACHI SOUTH,6112,6492fcab680216eb6c94092d,2026-07-22T17:46:58.719Z,2026-27,COIMBATORE,63f9beae519359b7438d0a39,0,0,3,2026-09-16T18:06:09.078Z,0,3,0,0,0,3,0,0,3,6a610212093342621f3a2adb,Soil Health Card RKVY,660f941a5c8405ca8375c7c6,TAMIL NADU,63f9be9f519359b7438d08bb,2026-09-16T18:08:21.181Z,Koolanaickenpatti,644572,63f9bec9519359b7438d0cb2,3,100.0,0.0,0.0,3,0.0,100.0,0.0,3,0.0,100.0,0.0,3,33.33333333333333,66.66666666666666,0.0,3,100.0,0.0,3,100.0,0.0,3,100.0,0.0,3,100.0,0.0,3,66.66666666666666,33.33333333333333,3,100.0,0.0,3,0.0,100.0,0.0,3,0.0,100.0,3,n_low,p_medium,k_medium,OC_medium,pH_neutral,LIMITED
3,0,0,3,3,0,2,1,2,1,0,2,1,0,3,1,2,POLLACHI SOUTH,6112,6492fcab680216eb6c94092d,2026-08-10T17:48:51.629Z,2026-27,COIMBATORE,63f9beae519359b7438d0a39,3,0,0,2026-09-16T18:06:09.078Z,0,3,0,0,0,3,0,1,2,6a7a0f03d5288ecb5564d0f6,Soil Health Card RKVY,660f941a5c8405ca8375c7c6,TAMIL NADU,63f9be9f519359b7438d08bb,2026-09-16T18:08:21.181Z,Gomangalampudur,644573,63f9bec9519359b7438d0cbc,3,100.0,0.0,0.0,3,33.33333333333333,66.66666666666666,0.0,3,0.0,0.0,100.0,3,66.66666666666666,33.33333333333333,0.0,3,100.0,0.0,3,33.33333333333333,66.66666666666666,3,66.66666666666666,33.33333333333333,3,100.0,0.0,3,0.0,100.0,3,33.33333333333333,66.66666666666666,3,0.0,100.0,0.0,3,0.0,100.0,3,n_low,p_medium,k_high,OC_low,pH_neutral,LIMITED
4,2,1,5,6,0,4,2,4,2,0,6,0,1,5,3,3,POLLACHI SOUTH,6112,6492fcab680216eb6c94092d,2026-08-06T17:51:23.185Z,2026-27,COIMBATORE,63f9beae519359b7438d0a39,6,0,0,2026-09-16T18:06:09.078Z,0,6,0,0,0,6,0,1,5,6a74c99bcb17f79fd1c8b47d,Soil Health Card RKVY,660f941a5c8405ca8375c7c6,TAMIL NADU,63f9be9f519359b7438d08bb,2026-09-16T18:08:21.181Z,Seelakkampatti,644553,63f9beca519359b7438d0ccb,6,100.0,0.0,0.0,6,16.666666666666664,83.33333333333334,0.0,6,0.0,0.0,100.0,6,100.0,0.0,0.0,6,83.33333333333334,16.666666666666664,6,33.33333333333333,66.66666666666666,6,50.0,50.0,6,83.33333333333334,16.666666666666664,6,33.33333333333333,66.66666666666666,6,33.33333333333333,66.66666666666666,6,0.0,100.0,0.0,6,0.0,100.0,6,n_low,p_medium,k_high,OC_low,pH_neutral,GOOD
3,0,0,3,3,0,0,3,2,1,0,3,0,0,3,0,3,POLLACHI SOUTH,6112,6492fcab680216eb6c94092d,2026-07-22T17:46:58.719Z,2026-27,COIMBATORE,63f9beae519359b7438d0a39,0,0,3,2026-09-16T18:06:09.078Z,0,3,0,0,0,3,0,0,3,6a610212093342621f3a2add,Soil Health Card RKVY,660f941a5c8405ca8375c7c6,TAMIL NADU,63f9be9f519359b7438d08bb,2026-09-16T18:08:21.181Z,Kolarpatti,644556,63f9becf519359b7438d0d48,3,100.0,0.0,0.0,3,0.0,100.0,0.0,3,0.0,100.0,0.0,3,100.0,0.0,0.0,3,100.0,0.0,3,100.0,0.0,3,100.0,0.0,3,100.0,0.0,3,0.0,100.0,3,33.33333333333333,66.66666666666666,3,0.0,100.0,0.0,3,0.0,100.0,3,n_low,p_medium,k_medium,OC_low,pH_neutral,LIMITED
10,1,0,11,11,0,7,4,5,6,0,11,0,2,9,5,6,POLLACHI SOUTH,6112,6492fcab680216eb6c94092d,2026-07-24T17:51:46.671Z,2026-27,COIMBATORE,63f9beae519359b7438d0a39,7,0,4,2026-09-16T18:06:09.078Z,0,11,0,0,0,11,0,5,6,6a63a6321298ca6884f97dfa,Soil Health Card RKVY,660f941a5c8405ca8375c7c6,TAMIL NADU,63f9be9f519359b7438d08bb,2026-09-16T18:08:21.181Z,VAKKAMPALAYAM,933603,63f9beea519359b7438d0fc0,11,100.0,0.0,0.0,11,45.45454545454545,54.54545454545454,0.0,11,0.0,36.36363636363637,63.63636363636363,11,100.0,0.0,0.0,11,81.81818181818183,18.181818181818183,11,36.36363636363637,63.63636363636363,11,54.54545454545454,45.45454545454545,11,100.0,0.0,11,9.090909090909092,90.9090909090909,11,54.54545454545454,45.45454545454545,11,0.0,100.0,0.0,11,0.0,100.0,11,n_low,p_medium,k_high,OC_low,pH_neutral,GOOD
3,0,0,3,3,0,0,3,1,2,0,3,0,0,3,0,3,POLLACHI SOUTH,6112,6492fcab680216eb6c94092d,2026-09-14T17:57:33.327Z,2026-27,COIMBATORE,63f9beae519359b7438d0a39,0,0,3,2026-09-16T18:06:09.078Z,0,3,0,0,1,2,0,0,3,6aa8358d2016b0ff9e9b3fd5,Soil Health Card RKVY,660f941a5c8405ca8375c7c6,TAMIL NADU,63f9be9f519359b7438d08bb,2026-09-16T18:08:21.181Z,Dhalavaipalayam,644577,63f9beeb519359b7438d0fe3,3,100.0,0.0,0.0,3,0.0,100.0,0.0,3,0.0,100.0,0.0,3,100.0,0.0,0.0,3,100.0,0.0,3,100.0,0.0,3,100.0,0.0,3,100.0,0.0,3,0.0,100.0,3,66.66666666666666,33.33333333333333,3,0.0,66.66666666666666,33.33333333333333,3,0.0,100.0,3,n_low,p_medium,k_medium,OC_low,pH_neutral,LIMITED
4,0,0,4,4,0,0,4,1,3,0,4,0,0,4,0,4,POLLACHI SOUTH,6112,6492fcab680216eb6c94092d,2026-09-14T17:57:33.327Z,2026-27,COIMBATORE,63f9beae519359b7438d0a39,0,0,4,2026-09-16T18:06:09.078Z,0,4,0,0,0,4,0,0,4,6aa8358d2016b0ff9e9b3fd6,Soil Health Card RKVY,660f941a5c8405ca8375c7c6,TAMIL NADU,63f9be9f519359b7438d08bb,2026-09-16T18:08:21.181Z,Palayur,644570,63f9beec519359b7438d0fe8,4,100.0,0.0,0.0,4,0.0,100.0,0.0,4,0.0,100.0,0.0,4,100.0,0.0,0.0,4,100.0,0.0,4,100.0,0.0,4,100.0,0.0,4,100.0,0.0,4,0.0,100.0,4,75.0,25.0,4,0.0,100.0,0.0,4,0.0,100.0,4,n_low,p_medium,k_medium,OC_low,pH_neutral,LIMITED
2,0,0,2,2,0,0,2,1,1,0,1,1,0,2,0,2,POLLACHI SOUTH,6112,6492fcab680216eb6c94092d,2026-09-14T17:57:33.327Z,2026-27,COIMBATORE,63f9beae519359b7438d0a39,0,0,2,2026-09-16T18:06:09.078Z,0,2,0,0,0,2,0,0,2,6aa8358d2016b0ff9e9b3fd7,Soil Health Card RKVY,660f941a5c8405ca8375c7c6,TAMIL NADU,63f9be9f519359b7438d08bb,2026-09-16T18:08:21.181Z,Veeralpatti,644576,63f9beec519359b7438d0fed,2,100.0,0.0,0.0,2,0.0,100.0,0.0,2,0.0,100.0,0.0,2,50.0,50.0,0.0,2,100.0,0.0,2,100.0,0.0,2,100.0,0.0,2,100.0,0.0,2,0.0,100.0,2,50.0,50.0,2,0.0,100.0,0.0,2,0.0,100.0,2,n_low,p_medium,k_medium,OC_low,pH_neutral,LIMITED
1,2,0,3,3,0,2,1,2,1,0,3,0,2,1,0,3,POLLACHI SOUTH,6112,6492fcab680216eb6c94092d,2026-08-06T17:51:23.186Z,2026-27,COIMBATORE,63f9beae519359b7438d0a39,1,0,2,2026-09-16T18:06:09.078Z,0,3,0,0,0,3,0,1,2,6a74c99bcb17f79fd1c8b47e,Soil Health Card RKVY,660f941a5c8405ca8375c7c6,TAMIL NADU,63f9be9f519359b7438d08bb,2026-09-16T18:08:21.181Z,Thondamuthur,644578,63f9beec519359b7438d0ffc,3,100.0,0.0,0.0,3,33.33333333333333,66.66666666666666,0.0,3,0.0,66.66666666666666,33.33333333333333,3,100.0,0.0,0.0,3,33.33333333333333,66.66666666666666,3,33.33333333333333,66.66666666666666,3,100.0,0.0,3,100.0,0.0,3,66.66666666666666,33.33333333333333,3,33.33333333333333,66.66666666666666,3,0.0,100.0,0.0,3,0.0,100.0,3,n_low,p_medium,k_medium,OC_low,pH_neutral,LIMITED
3,1,0,4,4,0,3,1,4,0,0,1,3,1,3,1,3,POLLACHI SOUTH,6112,6492fcab680216eb6c94092d,2026-08-05T17:46:06.103Z,2026-27,COIMBATORE,63f9beae519359b7438d0a39,4,0,0,2026-09-16T18:06:09.078Z,0,4,0,0,0,4,0,0,4,6a7376deabd36e5d4e77ba33,Soil Health Card RKVY,660f941a5c8405ca8375c7c6,TAMIL NADU,63f9be9f519359b7438d08bb,2026-09-16T18:08:21.181Z,S. Nallur,644575,63f9beee519359b7438d101a,4,100.0,0.0,0.0,4,0.0,100.0,0.0,4,0.0,0.0,100.0,4,25.0,75.0,0.0,4,75.0,25.0,4,25.0,75.0,4,75.0,25.0,4,100.0,0.0,4,25.0,75.0,4,0.0,100.0,4,0.0,100.0,0.0,4,0.0,100.0,4,n_low,p_medium,k_high,OC_medium,pH_neutral,LIMITED
4,0,0,4,4,0,3,1,4,0,0,3,1,2,2,1,3,POLLACHI SOUTH,6112,6492fcab680216eb6c94092d,2026-07-24T17:51:46.671Z,2026-27,COIMBATORE,63f9beae519359b7438d0a39,2,0,2,2026-09-16T18:06:09.078Z,0,2,2,0,0,4,0,1,3,6a63a6321298ca6884f97dfb,Soil Health Card RKVY,660f941a5c8405ca8375c7c6,TAMIL NADU,63f9be9f519359b7438d08bb,2026-09-16T18:08:21.181Z,Thenkumarapalayam,644571,63f9beef519359b7438d1038,4,50.0,50.0,0.0,4,25.0,75.0,0.0,4,0.0,50.0,50.0,4,75.0,25.0,0.0,4,50.0,50.0,4,25.0,75.0,4,75.0,25.0,4,100.0,0.0,4,0.0,100.0,4,0.0,100.0,4,0.0,100.0,0.0,4,0.0,100.0,4,n_low,p_medium,k_medium,OC_low,pH_neutral,LIMITED
66,4,0,70,70,0,46,24,14,56,0,54,16,49,21,8,62,ANAMALAI,6101,6492fcac680216eb6c94092f,2026-08-10T17:48:51.630Z,2026-27,COIMBATORE,63f9beae519359b7438d0a39,36,1,33,2026-09-16T18:06:09.078Z,0,56,14,0,0,70,0,29,41,6a7a0f03d5288ecb5564d0f8,Soil Health Card RKVY,660f941a5c8405ca8375c7c6,TAMIL NADU,63f9be9f519359b7438d08bb,2026-09-16T18:08:21.181Z,Marchinaickenpalayam,644565,63f9beec519359b7438d0ff7,70,80.0,20.0,0.0,70,41.42857142857143,58.57142857142858,0.0,70,1.4285714285714286,47.14285714285714,51.42857142857142,70,77.14285714285715,22.857142857142858,0.0,70,30.0,70.0,70,34.285714285714285,65.71428571428571,70,88.57142857142857,11.428571428571429,70,100.0,0.0,70,5.714285714285714,94.28571428571428,70,80.0,20.0,70,0.0,100.0,0.0,70,0.0,100.0,70,n_low,p_medium,k_high,OC_low,pH_neutral,GOOD
28,2,0,30,30,0,1,29,7,23,0,14,16,5,25,1,29,ANAMALAI,6101,6492fcac680216eb6c94092f,2026-08-20T17:50:36.005Z,2026-27,COIMBATORE,63f9beae519359b7438d0a39,9,0,21,2026-09-16T18:06:09.078Z,0,30,0,0,0,30,0,1,29,6a873e6c8241b4e3ac63052e,Soil Health Card RKVY,660f941a5c8405ca8375c7c6,TAMIL NADU,63f9be9f519359b7438d08bb,2026-09-16T18:08:21.181Z,Athupollachi,644564,63f9beef519359b7438d1042,30,100.0,0.0,0.0,30,3.3333333333333335,96.66666666666667,0.0,30,0.0,70.0,30.0,30,46.666666666666664,53.333333333333336,0.0,30,83.33333333333334,16.666666666666664,30,96.66666666666667,3.3333333333333335,30,96.66666666666667,3.3333333333333335,30,100.0,0.0,30,6.666666666666667,93.33333333333333,30,76.66666666666667,23.333333333333332,30,0.0,100.0,0.0,30,0.0,100.0,30,n_low,p_medium,k_medium,OC_medium,pH_neutral,GOOD
1,0,0,1,1,0,1,0,1,0,0,1,0,0,1,0,1,SARCARSAMAKULAM,6114,6492fcac680216eb6c940931,2026-08-13T17:49:12.650Z,2026-27,COIMBATORE,63f9beae519359b7438d0a39,0,0,1,2026-09-16T18:06:09.078Z,0,1,0,0,0,1,0,0,1,6a7e03985649bb3abb470b7a,Soil Health Card RKVY,660f941a5c8405ca8375c7c6,TAMIL NADU,63f9be9f519359b7438d08bb,2026-09-16T18:08:21.181Z,KALAPATTI (EAST),933367,63f9bebe519359b7438d0baa,1,100.0,0.0,0.0,1,0.0,100.0,0.0,1,0.0,100.0,0.0,1,100.0,0.0,0.0,1,100.0,0.0,1,0.0,100.0,1,100.0,0.0,1,100.0,0.0,1,0.0,100.0,1,0.0,100.0,1,0.0,100.0,0.0,1,0.0,100.0,1,n_low,p_medium,k_medium,OC_low,pH_neutral,VERY_LIMITED
1,0,0,1,1,0,0,1,0,1,0,1,0,0,1,0,1,SARCARSAMAKULAM,6114,6492fcac680216eb6c940931,2026-08-13T17:49:12.650Z,2026-27,COIMBATORE,63f9beae519359b7438d0a39,1,0,0,2026-09-16T18:06:09.078Z,0,1,0,0,0,1,0,0,1,6a7e03985649bb3abb470b7b,Soil Health Card RKVY,660f941a5c8405ca8375c7c6,TAMIL NADU,63f9be9f519359b7438d08bb,2026-09-16T18:08:21.181Z,SARVANAMPATTY ,933366,63f9bebe519359b7438d0bb4,1,100.0,0.0,0.0,1,0.0,100.0,0.0,1,0.0,0.0,100.0,1,100.0,0.0,0.0,1,100.0,0.0,1,100.0,0.0,1,100.0,0.0,1,100.0,0.0,1,0.0,100.0,1,100.0,0.0,1,0.0,100.0,0.0,1,0.0,100.0,1,n_low,p_medium,k_high,OC_low,pH_neutral,VERY_LIMITED
20,0,0,20,20,0,0,20,14,6,3,0,17,0,20,0,20,SARCARSAMAKULAM,6114,6492fcac680216eb6c940931,2026-08-07T17:53:16.286Z,2026-27,COIMBATORE,63f9beae519359b7438d0a39,20,0,0,2026-09-16T18:06:09.078Z,0,20,0,0,0,20,0,0,20,6a761b8ca28634dc2cc140a7,Soil Health Card RKVY,660f941a5c8405ca8375c7c6,TAMIL NADU,63f9be9f519359b7438d08bb,2026-09-16T18:08:21.181Z,Vilankurichi (CT) ,644445,63f9bebf519359b7438d0bb9,20,100.0,0.0,0.0,20,0.0,100.0,0.0,20,0.0,0.0,100.0,20,0.0,85.0,15.0,20,100.0,0.0,20,100.0,0.0,20,100.0,0.0,20,100.0,0.0,20,0.0,100.0,20,30.0,70.0,20,0.0,100.0,0.0,20,0.0,100.0,20,n_low,p_medium,k_high,OC_medium,pH_neutral,GOOD
2,0,0,2,2,0,0,2,1,1,0,2,0,0,2,1,1,SARCARSAMAKULAM,6114,6492fcac680216eb6c940931,2026-08-13T17:49:12.651Z,2026-27,COIMBATORE,63f9beae519359b7438d0a39,1,0,1,2026-09-16T18:06:09.078Z,0,2,0,0,0,2,0,0,2,6a7e03985649bb3abb470b7c,Soil Health Card RKVY,660f941a5c8405ca8375c7c6,TAMIL NADU,63f9be9f519359b7438d08bb,2026-09-16T18:08:21.181Z,CHINNAVEDAMPATTY ,933375,63f9bec0519359b7438d0bd2,2,100.0,0.0,0.0,2,0.0,100.0,0.0,2,0.0,50.0,50.0,2,100.0,0.0,0.0,2,100.0,0.0,2,100.0,0.0,2,50.0,50.0,2,100.0,0.0,2,0.0,100.0,2,50.0,50.0,2,0.0,100.0,0.0,2,0.0,100.0,2,n_low,p_medium,k_medium,OC_low,pH_neutral,LIMITED
4,0,0,4,4,0,0,4,3,1,0,4,0,1,3,0,4,SARCARSAMAKULAM,6114,6492fcac680216eb6c940931,2026-08-13T17:49:12.651Z,2026-27,COIMBATORE,63f9beae519359b7438d0a39,2,0,2,2026-09-16T18:06:09.078Z,0,4,0,0,0,4,0,2,2,6a7e03985649bb3abb470b7d,Soil Health Card RKVY,660f941a5c8405ca8375c7c6,TAMIL NADU,63f9be9f519359b7438d08bb,2026-09-16T18:08:21.181Z,SARKAR SAMAKULAM,932152,63f9bed1519359b7438d0d7e,4,100.0,0.0,0.0,4,50.0,50.0,0.0,4,0.0,50.0,50.0,4,100.0,0.0,0.0,4,75.0,25.0,4,100.0,0.0,4,100.0,0.0,4,100.0,0.0,4,0.0,100.0,4,25.0,75.0,4,0.0,100.0,0.0,4,0.0,100.0,4,n_low,p_low,k_medium,OC_low,pH_neutral,LIMITED
8,2,0,10,10,0,0,10,0,10,0,7,3,0,10,0,10,SARCARSAMAKULAM,6114,6492fcac680216eb6c940931,2026-08-11T17:54:25.137Z,2026-27,COIMBATORE,63f9beae519359b7438d0a39,4,0,6,2026-09-16T18:06:09.078Z,0,10,0,0,0,10,0,0,10,6a7b61d11def2707e2a7d62b,Soil Health Card RKVY,660f941a5c8405ca8375c7c6,TAMIL NADU,63f9be9f519359b7438d08bb,2026-09-16T18:08:21.181Z,Vellamadai,644429,63f9bed2519359b7438d0d88,10,100.0,0.0,0.0,10,0.0,100.0,0.0,10,0.0,60.0,40.0,10,70.0,30.0,0.0,10,100.0,0.0,10,100.0,0.0,10,100.0,0.0,10,100.0,0.0,10,20.0,80.0,10,100.0,0.0,10,0.0,100.0,0.0,10,0.0,100.0,10,n_low,p_medium,k_medium,OC_low,pH_neutral,GOOD
3,0,0,3,3,0,3,0,0,3,0,3,0,1,2,0,3,SARCARSAMAKULAM,6114,6492fcac680216eb6c940931,2026-09-07T18:11:10.054Z,2026-27,COIMBATORE,63f9beae519359b7438d0a39,3,0,0,2026-09-16T18:06:09.078Z,0,3,0,0,0,3,0,1,2,6a9efe3e96c54e28dc2b1f08,Soil Health Card RKVY,660f941a5c8405ca8375c7c6,TAMIL NADU,63f9be9f519359b7438d08bb,2026-09-16T18:08:21.181Z,Kondayampalayam,644430,63f9bed2519359b7438d0d8d,3,100.0,0.0,0.0,3,33.33333333333333,66.66666666666666,0.0,3,0.0,0.0,100.0,3,100.0,0.0,0.0,3,66.66666666666666,33.33333333333333,3,0.0,100.0,3,100.0,0.0,3,100.0,0.0,3,0.0,100.0,3,100.0,0.0,3,0.0,100.0,0.0,3,0.0,100.0,3,n_low,p_medium,k_high,OC_low,pH_neutral,LIMITED
13,0,0,13,12,1,7,6,5,8,0,12,1,2,11,6,7,SARCARSAMAKULAM,6114,6492fcac680216eb6c940931,2026-08-11T17:54:25.137Z,2026-27,COIMBATORE,63f9beae519359b7438d0a39,8,0,5,2026-09-16T18:06:09.078Z,0,13,0,0,0,13,0,5,8,6a7b61d11def2707e2a7d62c,Soil Health Card RKVY,660f941a5c8405ca8375c7c6,TAMIL NADU,63f9be9f519359b7438d08bb,2026-09-16T18:08:21.181Z,Agraharasamakulam,644431,63f9bed2519359b7438d0d92,13,100.0,0.0,0.0,13,38.46153846153847,61.53846153846154,0.0,13,0.0,38.46153846153847,61.53846153846154,13,92.3076923076923,7.6923076923076925,0.0,13,84.61538461538461,15.384615384615385,13,46.15384615384615,53.84615384615385,13,53.84615384615385,46.15384615384615,13,100.0,0.0,13,0.0,100.0,13,61.53846153846154,38.46153846153847,13,0.0,100.0,0.0,13,7.6923076923076925,92.3076923076923,13,n_low,p_medium,k_high,OC_low,pH_neutral,GOOD
16,0,0,16,16,0,3,13,11,5,0,16,0,1,15,5,11,SARCARSAMAKULAM,6114,6492fcac680216eb6c940931,2026-08-11T17:54:25.137Z,2026-27,COIMBATORE,63f9beae519359b7438d0a39,6,0,10,2026-09-16T18:06:09.078Z,0,16,0,0,0,16,0,7,9,6a7b61d11def2707e2a7d62d,Soil Health Card RKVY,660f941a5c8405ca8375c7c6,TAMIL NADU,63f9be9f519359b7438d08bb,2026-09-16T18:08:21.181Z,Keeranatham,644436,63f9bed4519359b7438d0dba,16,100.0,0.0,0.0,16,43.75,56.25,0.0,16,0.0,62.5,37.5,16,100.0,0.0,0.0,16,93.75,6.25,16,81.25,18.75,16,68.75,31.25,16,100.0,0.0,16,0.0,100.0,16,31.25,68.75,16,0.0,100.0,0.0,16,0.0,100.0,16,n_low,p_medium,k_medium,OC_low,pH_neutral,GOOD
21,2,1,22,21,2,7,16,14,9,0,22,1,18,5,1,22,ANNUR,6102,6492fcac680216eb6c940933,2026-07-22T17:46:58.719Z,2026-27,COIMBATORE,63f9beae519359b7438d0a39,23,0,0,2026-09-16T18:06:09.078Z,0,23,0,0,12,11,11,0,12,6a610212093342621f3a2ade,Soil Health Card RKVY,660f941a5c8405ca8375c7c6,TAMIL NADU,63f9be9f519359b7438d08bb,2026-09-16T18:08:21.181Z,Karegoundenpalayam,644418,63f9bed3519359b7438d0dab,23,100.0,0.0,0.0,23,0.0,52.17391304347826,47.82608695652174,23,0.0,0.0,100.0,23,95.65217391304348,4.3478260869565215,0.0,23,21.73913043478261,78.26086956521739,23,69.56521739130434,30.434782608695656,23,95.65217391304348,4.3478260869565215,23,95.65217391304348,4.3478260869565215,23,8.695652173913043,91.30434782608695,23,39.130434782608695,60.86956521739131,23,0.0,47.82608695652174,52.17391304347826,23,8.695652173913043,91.30434782608695,23,n_low,p_medium,k_high,OC_low,pH_alkaline,GOOD
10,1,0,11,11,0,6,5,8,3,0,10,1,9,2,0,11,ANNUR,6102,6492fcac680216eb6c940933,2026-08-27T17:52:33.479Z,2026-27,COIMBATORE,63f9beae519359b7438d0a39,11,0,0,2026-09-16T18:06:09.078Z,0,11,0,0,0,11,0,0,11,6a90796166839ee331802e7e,Soil Health Card RKVY,660f941a5c8405ca8375c7c6,TAMIL NADU,63f9be9f519359b7438d08bb,2026-09-16T18:08:21.181Z,Masagoundenchettipalayam,644425,63f9bed4519359b7438d0db5,11,100.0,0.0,0.0,11,0.0,100.0,0.0,11,0.0,0.0,100.0,11,90.9090909090909,9.090909090909092,0.0,11,18.181818181818183,81.81818181818183,11,45.45454545454545,54.54545454545454,11,100.0,0.0,11,100.0,0.0,11,9.090909090909092,90.9090909090909,11,27.27272727272727,72.72727272727273,11,0.0,100.0,0.0,11,0.0,100.0,11,n_low,p_medium,k_high,OC_low,pH_neutral,GOOD
6,1,0,7,5,2,5,2,6,1,0,7,0,7,0,0,7,ANNUR,6102,6492fcac680216eb6c940933,2026-07-22T17:46:58.719Z,2026-27,COIMBATORE,63f9beae519359b7438d0a39,7,0,0,2026-09-16T18:06:09.078Z,0,7,0,0,0,7,0,0,7,6a610212093342621f3a2adf,Soil Health Card RKVY,660f941a5c8405ca8375c7c6,TAMIL NADU,63f9be9f519359b7438d08bb,2026-09-16T18:08:21.181Z,Kariampalayam,644421,63f9bed6519359b7438d0df6,7,100.0,0.0,0.0,7,0.0,100.0,0.0,7,0.0,0.0,100.0,7,100.0,0.0,0.0,7,0.0,100.0,7,28.57142857142857,71.42857142857143,7,100.0,0.0,7,100.0,0.0,7,14.285714285714285,85.71428571428571,7,14.285714285714285,85.71428571428571,7,0.0,100.0,0.0,7,28.57142857142857,71.42857142857143,7,n_low,p_medium,k_high,OC_low,pH_neutral,GOOD
4,6,0,10,10,0,5,5,7,3,0,9,1,5,5,1,9,PERIYANAYAKKANPALAYAM,6110,6492fcac680216eb6c940935,2026-08-06T17:51:23.185Z,2026-27,COIMBATORE,63f9beae519359b7438d0a39,9,0,1,2026-09-16T18:06:09.078Z,0,10,0,0,0,10,0,5,5,6a74c99bcb17f79fd1c8b47c,Soil Health Card RKVY,660f941a5c8405ca8375c7c6,TAMIL NADU,63f9be9f519359b7438d08bb,2026-09-16T18:08:21.181Z,Somayampalayam (CT),644446,63f9bebd519359b7438d0b91,10,100.0,0.0,0.0,10,50.0,50.0,0.0,10,0.0,10.0,90.0,10,90.0,10.0,0.0,10,50.0,50.0,10,50.0,50.0,10,90.0,10.0,10,100.0,0.0,10,60.0,40.0,10,30.0,70.0,10,0.0,100.0,0.0,10,0.0,100.0,10,n_low,p_low,k_high,OC_low,pH_neutral,GOOD
14,0,0,14,14,0,6,8,2,12,0,13,1,4,10,0,14,PERIYANAYAKKANPALAYAM,6110,6492fcac680216eb6c940935,2026-07-30T17:53:48.577Z,2026-27,COIMBATORE,63f9beae519359b7438d0a39,6,0,8,2026-09-16T18:06:09.078Z,0,14,0,0,2,12,0,4,10,6a6b8face7baf7911a5200e5,Soil Health Card RKVY,660f941a5c8405ca8375c7c6,TAMIL NADU,63f9be9f519359b7438d08bb,2026-09-16T18:08:21.181Z,Pannimadai,644435,63f9bec0519359b7438d0be1,14,100.0,0.0,0.0,14,28.57142857142857,71.42857142857143,0.0,14,0.0,57.14285714285714,42.857142857142854,14,92.85714285714286,7.142857142857142,0.0,14,71.42857142857143,28.57142857142857,14,57.14285714285714,42.857142857142854,14,100.0,0.0,14,100.0,0.0,14,0.0,100.0,14,85.71428571428571,14.285714285714285,14,0.0,85.71428571428571,14.285714285714285,14,0.0,100.0,14,n_low,p_medium,k_medium,OC_low,pH_neutral,GOOD
5,2,0,7,7,0,3,4,3,4,0,7,0,4,3,0,7,KINATHUKADAVU,6106,6492fcac680216eb6c940937,2026-07-24T17:51:46.671Z,2026-27,COIMBATORE,63f9beae519359b7438d0a39,7,0,0,2026-09-16T18:06:09.078Z,0,7,0,0,0,7,0,3,4,6a63a6321298ca6884f97df3,Soil Health Card RKVY,660f941a5c8405ca8375c7c6,TAMIL NADU,63f9be9f519359b7438d08bb,2026-09-16T18:08:21.181Z,Pottaiyandiporambu,644483,63f9bed9519359b7438d0e2f,7,100.0,0.0,0.0,7,42.857142857142854,57.14285714285714,0.0,7,0.0,0.0,100.0,7,100.0,0.0,0.0,7,42.857142857142854,57.14285714285714,7,57.14285714285714,42.857142857142854,7,100.0,0.0,7,100.0,0.0,7,28.57142857142857,71.42857142857143,7,57.14285714285714,42.857142857142854,7,0.0,100.0,0.0,7,0.0,100.0,7,n_low,p_medium,k_high,OC_low,pH_neutral,GOOD
10,0,0,10,10,0,9,1,3,7,0,10,0,5,5,2,8,KINATHUKADAVU,6106,6492fcac680216eb6c940937,2026-07-30T17:53:48.578Z,2026-27,COIMBATORE,63f9beae519359b7438d0a39,10,0,0,2026-09-16T18:06:09.078Z,0,10,0,0,0,10,0,4,6,6a6b8face7baf7911a5200e6,Soil Health Card RKVY,660f941a5c8405ca8375c7c6,TAMIL NADU,63f9be9f519359b7438d08bb,2026-09-16T18:08:21.181Z,Sangarayapuram,644485,63f9bed9519359b7438d0e34,10,100.0,0.0,0.0,10,40.0,60.0,0.0,10,0.0,0.0,100.0,10,100.0,0.0,0.0,10,50.0,50.0,10,10.0,90.0,10,80.0,20.0,10,100.0,0.0,10,0.0,100.0,10,70.0,30.0,10,0.0,100.0,0.0,10,0.0,100.0,10,n_low,p_medium,k_high,OC_low,pH_neutral,GOOD
1,0,0,1,1,0,1,0,1,0,0,1,0,0,1,0,1,KINATHUKADAVU,6106,6492fcac680216eb6c940937,2026-07-24T17:51:46.671Z,2026-27,COIMBATORE,63f9beae519359b7438d0a39,1,0,0,2026-09-16T18:06:09.078Z,0,1,0,0,0,1,0,0,1,6a63a6321298ca6884f97df4,Soil Health Card RKVY,660f941a5c8405ca8375c7c6,TAMIL NADU,63f9be9f519359b7438d08bb,2026-09-16T18:08:21.181Z,Sokkanur,644484,63f9beda519359b7438d0e3e,1,100.0,0.0,0.0,1,0.0,100.0,0.0,1,0.0,0.0,100.0,1,100.0,0.0,0.0,1,100.0,0.0,1,0.0,100.0,1,100.0,0.0,1,100.0,0.0,1,0.0,100.0,1,0.0,100.0,1,0.0,100.0,0.0,1,0.0,100.0,1,n_low,p_medium,k_high,OC_low,pH_neutral,VERY_LIMITED
10,0,0,10,10,0,6,4,8,2,0,8,2,3,7,4,6,KINATHUKADAVU,6106,6492fcac680216eb6c940937,2026-07-24T17:51:46.671Z,2026-27,COIMBATORE,63f9beae519359b7438d0a39,7,0,3,2026-09-16T18:06:09.078Z,0,10,0,0,1,9,0,5,5,6a63a6321298ca6884f97df5,Soil Health Card RKVY,660f941a5c8405ca8375c7c6,TAMIL NADU,63f9be9f519359b7438d08bb,2026-09-16T18:08:21.181Z,Kondampatty,644479,63f9beda519359b7438d0e48,10,100.0,0.0,0.0,10,50.0,50.0,0.0,10,0.0,30.0,70.0,10,80.0,20.0,0.0,10,70.0,30.0,10,40.0,60.0,10,60.0,40.0,10,100.0,0.0,10,0.0,100.0,10,20.0,80.0,10,0.0,90.0,10.0,10,0.0,100.0,10,n_low,p_low,k_high,OC_low,pH_neutral,GOOD
7,0,0,7,7,0,5,2,1,6,0,7,0,1,6,1,6,KINATHUKADAVU,6106,6492fcac680216eb6c940937,2026-07-30T17:53:48.578Z,2026-27,COIMBATORE,63f9beae519359b7438d0a39,7,0,0,2026-09-16T18:06:09.078Z,0,7,0,0,0,7,0,3,4,6a6b8face7baf7911a5200e7,Soil Health Card RKVY,660f941a5c8405ca8375c7c6,TAMIL NADU,63f9be9f519359b7438d08bb,2026-09-16T18:08:21.181Z,Govindapuram,644496,63f9bedb519359b7438d0e57,7,100.0,0.0,0.0,7,42.857142857142854,57.14285714285714,0.0,7,0.0,0.0,100.0,7,100.0,0.0,0.0,7,85.71428571428571,14.285714285714285,7,28.57142857142857,71.42857142857143,7,85.71428571428571,14.285714285714285,7,100.0,0.0,7,0.0,100.0,7,85.71428571428571,14.285714285714285,7,0.0,100.0,0.0,7,0.0,100.0,7,n_low,p_medium,k_high,OC_low,pH_neutral,GOOD
1,0,0,1,1,0,1,0,1,0,0,1,0,0,1,0,1,KINATHUKADAVU,6106,6492fcac680216eb6c940937,2026-07-24T17:51:46.671Z,2026-27,COIMBATORE,63f9beae519359b7438d0a39,1,0,0,2026-09-16T18:06:09.078Z,0,1,0,0,0,1,0,1,0,6a63a6321298ca6884f97df6,Soil Health Card RKVY,660f941a5c8405ca8375c7c6,TAMIL NADU,63f9be9f519359b7438d08bb,2026-09-16T18:08:21.181Z,Andipalayam,644492,63f9bedc519359b7438d0e70,1,100.0,0.0,0.0,1,100.0,0.0,0.0,1,0.0,0.0,100.0,1,100.0,0.0,0.0,1,100.0,0.0,1,0.0,100.0,1,100.0,0.0,1,100.0,0.0,1,0.0,100.0,1,0.0,100.0,1,0.0,100.0,0.0,1,0.0,100.0,1,n_low,p_low,k_high,OC_low,pH_neutral,VERY_LIMITED
2,0,0,2,2,0,1,1,1,1,0,2,0,0,2,0,2,KINATHUKADAVU,6106,6492fcac680216eb6c940937,2026-07-24T17:51:46.671Z,2026-27,COIMBATORE,63f9beae519359b7438d0a39,2,0,0,2026-09-16T18:06:09.078Z,0,2,0,0,0,2,0,0,2,6a63a6321298ca6884f97df7,Soil Health Card RKVY,660f941a5c8405ca8375c7c6,TAMIL NADU,63f9be9f519359b7438d08bb,2026-09-16T18:08:21.181Z,Vadasithur,644478,63f9bedc519359b7438d0e7a,2,100.0,0.0,0.0,2,0.0,100.0,0.0,2,0.0,0.0,100.0,2,100.0,0.0,0.0,2,100.0,0.0,2,50.0,50.0,2,100.0,0.0,2,100.0,0.0,2,0.0,100.0,2,50.0,50.0,2,0.0,100.0,0.0,2,0.0,100.0,2,n_low,p_medium,k_high,OC_low,pH_neutral,LIMITED
4,1,0,5,5,0,2,3,2,3,0,5,0,0,5,0,5,KINATHUKADAVU,6106,6492fcac680216eb6c940937,2026-07-24T17:51:46.671Z,2026-27,COIMBATORE,63f9beae519359b7438d0a39,5,0,0,2026-09-16T18:06:09.078Z,0,5,0,0,1,4,0,0,5,6a63a6321298ca6884f97df8,Soil Health Card RKVY,660f941a5c8405ca8375c7c6,TAMIL NADU,63f9be9f519359b7438d08bb,2026-09-16T18:08:21.181Z,Kappalankarai,644505,63f9bede519359b7438d0e9d,5,100.0,0.0,0.0,5,0.0,100.0,0.0,5,0.0,0.0,100.0,5,100.0,0.0,0.0,5,100.0,0.0,5,60.0,40.0,5,100.0,0.0,5,100.0,0.0,5,20.0,80.0,5,60.0,40.0,5,0.0,80.0,20.0,5,0.0,100.0,5,n_low,p_medium,k_high,OC_low,pH_neutral,GOOD
2,0,0,2,2,0,1,1,1,1,0,2,0,0,2,0,2,KINATHUKADAVU,6106,6492fcac680216eb6c940937,2026-08-03T17:49:24.432Z,2026-27,COIMBATORE,63f9beae519359b7438d0a39,2,0,0,2026-09-16T18:06:09.078Z,0,2,0,0,0,2,0,1,1,6a70d4a49922d3c3a0c03c35,Soil Health Card RKVY,660f941a5c8405ca8375c7c6,TAMIL NADU,63f9be9f519359b7438d08bb,2026-09-16T18:08:21.181Z,Muthur,644486,63f9bedf519359b7438d0eb6,2,100.0,0.0,0.0,2,50.0,50.0,0.0,2,0.0,0.0,100.0,2,100.0,0.0,0.0,2,100.0,0.0,2,50.0,50.0,2,100.0,0.0,2,100.0,0.0,2,0.0,100.0,2,50.0,50.0,2,0.0,100.0,0.0,2,0.0,100.0,2,n_low,p_low,k_high,OC_low,pH_neutral,LIMITED
4,1,0,5,5,0,0,5,0,5,0,5,0,0,5,0,5,KINATHUKADAVU,6106,6492fcac680216eb6c940937,2026-07-24T17:51:46.671Z,2026-27,COIMBATORE,63f9beae519359b7438d0a39,5,0,0,2026-09-16T18:06:09.078Z,0,5,0,0,0,5,0,0,5,6a63a6321298ca6884f97df9,Soil Health Card RKVY,660f941a5c8405ca8375c7c6,TAMIL NADU,63f9be9f519359b7438d08bb,2026-09-16T18:08:21.181Z,Devarayapuram,644495,63f9bedf519359b7438d0ebb,5,100.0,0.0,0.0,5,0.0,100.0,0.0,5,0.0,0.0,100.0,5,100.0,0.0,0.0,5,100.0,0.0,5,100.0,0.0,5,100.0,0.0,5,100.0,0.0,5,20.0,80.0,5,100.0,0.0,5,0.0,100.0,0.0,5,0.0,100.0,5,n_low,p_medium,k_high,OC_low,pH_neutral,GOOD
23,0,0,23,23,0,8,15,11,12,0,22,1,4,19,3,20,MADUKKARAI,6108,6492fcac680216eb6c940939,2026-08-17T17:52:49.836Z,2026-27,COIMBATORE,63f9beae519359b7438d0a39,17,0,6,2026-09-16T18:06:09.078Z,0,23,0,0,11,12,0,11,12,6a834a71f6e224ac5e5eaaf6,Soil Health Card RKVY,660f941a5c8405ca8375c7c6,TAMIL NADU,63f9be9f519359b7438d08bb,2026-09-16T18:08:21.181Z,ETTIMADAI,932330,63f9bee6519359b7438d0f5f,23,100.0,0.0,0.0,23,47.82608695652174,52.17391304347826,0.0,23,0.0,26.08695652173913,73.91304347826086,23,95.65217391304348,4.3478260869565215,0.0,23,82.6086956521739,17.391304347826086,23,65.21739130434783,34.78260869565217,23,86.95652173913044,13.043478260869565,23,100.0,0.0,23,0.0,100.0,23,52.17391304347826,47.82608695652174,23,0.0,52.17391304347826,47.82608695652174,23,0.0,100.0,23,n_low,p_medium,k_high,OC_low,pH_neutral,GOOD
3,0,0,3,3,0,1,2,2,1,0,3,0,0,3,0,3,MADUKKARAI,6108,6492fcac680216eb6c940939,2026-08-13T17:49:12.652Z,2026-27,COIMBATORE,63f9beae519359b7438d0a39,2,0,1,2026-09-16T18:06:09.078Z,0,3,0,0,0,3,0,1,2,6a7e03985649bb3abb470b7e,Soil Health Card RKVY,660f941a5c8405ca8375c7c6,TAMIL NADU,63f9be9f519359b7438d08bb,2026-09-16T18:08:21.181Z,Arisippalayam,644464,63f9bee7519359b7438d0f82,3,100.0,0.0,0.0,3,33.33333333333333,66.66666666666666,0.0,3,0.0,33.33333333333333,66.66666666666666,3,100.0,0.0,0.0,3,100.0,0.0,3,66.66666666666666,33.33333333333333,3,100.0,0.0,3,100.0,0.0,3,0.0,100.0,3,33.33333333333333,66.66666666666666,3,0.0,100.0,0.0,3,0.0,100.0,3,n_low,p_medium,k_high,OC_low,pH_neutral,LIMITED
43,1,0,44,44,0,32,12,22,22,0,43,1,14,30,9,35,MADUKKARAI,6108,6492fcac680216eb6c940939,2026-08-14T17:50:35.096Z,2026-27,COIMBATORE,63f9beae519359b7438d0a39,36,0,8,2026-09-16T18:06:09.078Z,0,44,0,0,3,41,0,16,28,6a7f556b1d0ece276109f09f,Soil Health Card RKVY,660f941a5c8405ca8375c7c6,TAMIL NADU,63f9be9f519359b7438d08bb,2026-09-16T18:08:21.181Z,Mavuthampathi,644456,63f9bee8519359b7438d0f96,44,100.0,0.0,0.0,44,36.36363636363637,63.63636363636363,0.0,44,0.0,18.181818181818183,81.81818181818183,44,97.72727272727273,2.272727272727273,0.0,44,68.18181818181817,31.818181818181817,44,27.27272727272727,72.72727272727273,44,79.54545454545455,20.454545454545457,44,100.0,0.0,44,2.272727272727273,97.72727272727273,44,50.0,50.0,44,0.0,93.18181818181817,6.8181818181818175,44,0.0,100.0,44,n_low,p_medium,k_high,OC_low,pH_neutral,GOOD
13,1,0,14,14,0,10,4,7,7,0,14,0,11,3,0,14,KARAMADAI,6105,6492fcac680216eb6c94093b,2026-08-27T17:52:33.477Z,2026-27,COIMBATORE,63f9beae519359b7438d0a39,14,0,0,2026-09-16T18:06:09.078Z,0,14,0,0,7,7,2,0,12,6a90796166839ee331802e7d,Soil Health Card RKVY,660f941a5c8405ca8375c7c6,TAMIL NADU,63f9be9f519359b7438d08bb,2026-09-16T18:08:21.181Z,Tholampalayam,644350,63f9beb1519359b7438d0a70,14,100.0,0.0,0.0,14,0.0,85.71428571428571,14.285714285714285,14,0.0,0.0,100.0,14,100.0,0.0,0.0,14,21.428571428571427,78.57142857142857,14,28.57142857142857,71.42857142857143,14,100.0,0.0,14,100.0,0.0,14,7.142857142857142,92.85714285714286,14,50.0,50.0,14,0.0,50.0,50.0,14,0.0,100.0,14,n_low,p_medium,k_high,OC_low,pH_neutral,GOOD
6,1,0,7,7,0,6,1,4,3,0,4,3,1,6,1,6,THONDAMUTHUR,6117,6492fcac680216eb6c94093d,2026-08-05T17:46:06.103Z,2026-27,COIMBATORE,63f9beae519359b7438d0a39,7,0,0,2026-09-16T18:06:09.078Z,0,7,0,0,0,7,0,4,3,6a7376deabd36e5d4e77ba32,Soil Health Card RKVY,660f941a5c8405ca8375c7c6,TAMIL NADU,63f9be9f519359b7438d08bb,2026-09-16T18:08:21.181Z,THONDAMUTHUR,932226,63f9bedf519359b7438d0ec7,7,100.0,0.0,0.0,7,57.14285714285714,42.857142857142854,0.0,7,0.0,0.0,100.0,7,57.14285714285714,42.857142857142854,0.0,7,85.71428571428571,14.285714285714285,7,14.285714285714285,85.71428571428571,7,85.71428571428571,14.285714285714285,7,100.0,0.0,7,14.285714285714285,85.71428571428571,7,42.857142857142854,57.14285714285714,7,0.0,100.0,0.0,7,0.0,100.0,7,n_low,p_low,k_high,OC_low,pH_neutral,GOOD
6,2,0,8,8,0,6,2,1,7,0,8,0,5,3,0,8,THONDAMUTHUR,6117,6492fcac680216eb6c94093d,2026-07-30T17:53:48.578Z,2026-27,COIMBATORE,63f9beae519359b7438d0a39,7,0,1,2026-09-16T18:06:09.078Z,0,8,0,0,1,7,0,3,5,6a6b8face7baf7911a5200e8,Soil Health Card RKVY,660f941a5c8405ca8375c7c6,TAMIL NADU,63f9be9f519359b7438d08bb,2026-09-16T18:08:21.181Z,ALANTHURAI,932200,63f9bee1519359b7438d0eef,8,100.0,0.0,0.0,8,37.5,62.5,0.0,8,0.0,12.5,87.5,8,100.0,0.0,0.0,8,37.5,62.5,8,25.0,75.0,8,100.0,0.0,8,100.0,0.0,8,25.0,75.0,8,87.5,12.5,8,0.0,87.5,12.5,8,0.0,100.0,8,n_low,p_medium,k_high,OC_low,pH_neutral,GOOD
8,1,0,9,9,0,7,2,5,4,0,6,3,4,5,0,9,THONDAMUTHUR,6117,6492fcac680216eb6c94093d,2026-07-30T17:53:48.578Z,2026-27,COIMBATORE,63f9beae519359b7438d0a39,8,0,1,2026-09-16T18:06:09.078Z,0,9,0,0,0,9,0,0,9,6a6b8face7baf7911a5200e9,Soil Health Card RKVY,660f941a5c8405ca8375c7c6,TAMIL NADU,63f9be9f519359b7438d08bb,2026-09-16T18:08:21.181Z,VADAVALLI,932244,63f9bee1519359b7438d0ef4,9,100.0,0.0,0.0,9,0.0,100.0,0.0,9,0.0,11.11111111111111,88.88888888888889,9,66.66666666666666,33.33333333333333,0.0,9,55.55555555555556,44.44444444444444,9,22.22222222222222,77.77777777777779,9,100.0,0.0,9,100.0,0.0,9,11.11111111111111,88.88888888888889,9,44.44444444444444,55.55555555555556,9,0.0,100.0,0.0,9,0.0,100.0,9,n_low,p_medium,k_high,OC_low,pH_neutral,GOOD
6,1,0,7,7,0,3,4,4,3,0,7,0,3,4,1,6,THONDAMUTHUR,6117,6492fcac680216eb6c94093d,2026-08-11T17:54:25.138Z,2026-27,COIMBATORE,63f9beae519359b7438d0a39,6,0,1,2026-09-16T18:06:09.078Z,0,7,0,0,0,7,0,2,5,6a7b61d11def2707e2a7d62e,Soil Health Card RKVY,660f941a5c8405ca8375c7c6,TAMIL NADU,63f9be9f519359b7438d08bb,2026-09-16T18:08:21.181Z,POOLUVAMPATTI,932271,63f9bee2519359b7438d0f0d,7,100.0,0.0,0.0,7,28.57142857142857,71.42857142857143,0.0,7,0.0,14.285714285714285,85.71428571428571,7,100.0,0.0,0.0,7,57.14285714285714,42.857142857142854,7,57.14285714285714,42.857142857142854,7,85.71428571428571,14.285714285714285,7,100.0,0.0,7,14.285714285714285,85.71428571428571,7,42.857142857142854,57.14285714285714,7,0.0,100.0,0.0,7,0.0,100.0,7,n_low,p_medium,k_high,OC_low,pH_neutral,GOOD
6,1,0,7,7,0,5,2,6,1,0,6,1,3,4,0,7,THONDAMUTHUR,6117,6492fcac680216eb6c94093d,2026-08-11T17:54:25.138Z,2026-27,COIMBATORE,63f9beae519359b7438d0a39,6,0,1,2026-09-16T18:06:09.078Z,0,7,0,0,0,7,0,2,5,6a7b61d11def2707e2a7d62f,Soil Health Card RKVY,660f941a5c8405ca8375c7c6,TAMIL NADU,63f9be9f519359b7438d08bb,2026-09-16T18:08:21.181Z,Theethipalayam,644455,63f9bee3519359b7438d0f1c,7,100.0,0.0,0.0,7,28.57142857142857,71.42857142857143,0.0,7,0.0,14.285714285714285,85.71428571428571,7,85.71428571428571,14.285714285714285,0.0,7,57.14285714285714,42.857142857142854,7,28.57142857142857,71.42857142857143,7,100.0,0.0,7,100.0,0.0,7,14.285714285714285,85.71428571428571,7,14.285714285714285,85.71428571428571,7,0.0,100.0,0.0,7,0.0,100.0,7,n_low,p_medium,k_high,OC_low,pH_neutral,GOOD
7,0,0,7,7,0,3,4,0,7,0,7,0,7,0,0,7,THONDAMUTHUR,6117,6492fcac680216eb6c94093d,2026-08-10T17:48:51.630Z,2026-27,COIMBATORE,63f9beae519359b7438d0a39,7,0,0,2026-09-16T18:06:09.078Z,0,7,0,0,0,7,0,0,7,6a7a0f03d5288ecb5564d0f7,Soil Health Card RKVY,660f941a5c8405ca8375c7c6,TAMIL NADU,63f9be9f519359b7438d08bb,2026-09-16T18:08:21.181Z,Madavarayapuram,644452,63f9bee3519359b7438d0f2b,7,100.0,0.0,0.0,7,0.0,100.0,0.0,7,0.0,0.0,100.0,7,100.0,0.0,0.0,7,0.0,100.0,7,57.14285714285714,42.857142857142854,7,100.0,0.0,7,100.0,0.0,7,0.0,100.0,7,100.0,0.0,7,0.0,100.0,0.0,7,0.0,100.0,7,n_low,p_medium,k_high,OC_low,pH_neutral,GOOD
5,0,0,5,5,0,1,4,2,3,0,4,1,0,5,1,4,POLLACHI NORTH,6111,6492fcac680216eb6c94093f,2026-06-18T18:06:11.474Z,2026-27,COIMBATORE,63f9beae519359b7438d0a39,1,0,4,2026-09-16T18:06:09.078Z,0,5,0,0,0,5,0,0,5,6a343393a6092e046bf44f01,Soil Health Card RKVY,660f941a5c8405ca8375c7c6,TAMIL NADU,63f9be9f519359b7438d08bb,2026-09-16T18:08:21.181Z,Ramapatinam,644516,63f9bec7519359b7438d0c7b,5,100.0,0.0,0.0,5,0.0,100.0,0.0,5,0.0,80.0,20.0,5,80.0,20.0,0.0,5,100.0,0.0,5,80.0,20.0,5,80.0,20.0,5,100.0,0.0,5,0.0,100.0,5,60.0,40.0,5,0.0,100.0,0.0,5,0.0,100.0,5,n_low,p_medium,k_medium,OC_low,pH_neutral,GOOD
5,0,0,5,5,0,0,5,5,0,0,5,0,0,5,0,5,POLLACHI NORTH,6111,6492fcac680216eb6c94093f,2026-07-22T17:46:58.719Z,2026-27,COIMBATORE,63f9beae519359b7438d0a39,0,0,5,2026-09-16T18:06:09.078Z,0,5,0,0,0,5,0,0,5,6a610212093342621f3a2ada,Soil Health Card RKVY,660f941a5c8405ca8375c7c6,TAMIL NADU,63f9be9f519359b7438d08bb,2026-09-16T18:08:21.181Z,Sinna Negamam,644508,63f9bec7519359b7438d0c80,5,100.0,0.0,0.0,5,0.0,100.0,0.0,5,0.0,100.0,0.0,5,100.0,0.0,0.0,5,100.0,0.0,5,100.0,0.0,5,100.0,0.0,5,100.0,0.0,5,0.0,100.0,5,0.0,100.0,5,0.0,100.0,0.0,5,0.0,100.0,5,n_low,p_medium,k_medium,OC_low,pH_neutral,GOOD
8,0,0,8,8,0,3,5,4,4,0,7,1,0,8,0,8,POLLACHI NORTH,6111,6492fcac680216eb6c94093f,2026-07-22T17:46:58.719Z,2026-27,COIMBATORE,63f9beae519359b7438d0a39,2,0,6,2026-09-16T18:06:09.078Z,0,8,0,0,0,8,0,3,5,6a610212093342621f3a2adc,Soil Health Card RKVY,660f941a5c8405ca8375c7c6,TAMIL NADU,63f9be9f519359b7438d08bb,2026-09-16T18:08:21.181Z,Poravipalayam,644498,63f9bece519359b7438d0d2f,8,100.0,0.0,0.0,8,37.5,62.5,0.0,8,0.0,75.0,25.0,8,87.5,12.5,0.0,8,100.0,0.0,8,62.5,37.5,8,100.0,0.0,8,100.0,0.0,8,0.0,100.0,8,50.0,50.0,8,0.0,100.0,0.0,8,0.0,100.0,8,n_low,p_medium,k_medium,OC_low,pH_neutral,GOOD
3,0,0,3,3,0,3,0,2,1,1,1,1,1,2,1,2,POLLACHI NORTH,6111,6492fcac680216eb6c94093f,2026-08-17T17:52:49.835Z,2026-27,COIMBATORE,63f9beae519359b7438d0a39,1,0,2,2026-09-16T18:06:09.078Z,0,3,0,0,0,3,0,1,2,6a834a71f6e224ac5e5eaaf5,Soil Health Card RKVY,660f941a5c8405ca8375c7c6,TAMIL NADU,63f9be9f519359b7438d08bb,2026-09-16T18:08:21.181Z,Servakaranpalayam,644499,63f9bece519359b7438d0d34,3,100.0,0.0,0.0,3,33.33333333333333,66.66666666666666,0.0,3,0.0,66.66666666666666,33.33333333333333,3,33.33333333333333,33.33333333333333,33.33333333333333,3,66.66666666666666,33.33333333333333,3,0.0,100.0,3,66.66666666666666,33.33333333333333,3,100.0,0.0,3,0.0,100.0,3,33.33333333333333,66.66666666666666,3,0.0,100.0,0.0,3,0.0,100.0,3,n_low,p_medium,k_medium,OC_low,pH_neutral,LIMITED
9,1,0,10,10,0,3,7,7,3,0,10,0,10,0,2,8,SULTANPET,6115,6492fcac680216eb6c940941,2026-08-06T17:51:23.184Z,2026-27,COIMBATORE,63f9beae519359b7438d0a39,10,0,0,2026-09-16T18:06:09.078Z,0,10,0,0,7,3,0,1,9,6a74c99bcb17f79fd1c8b47a,Soil Health Card RKVY,660f941a5c8405ca8375c7c6,TAMIL NADU,63f9be9f519359b7438d08bb,2026-09-16T18:08:21.181Z,Bogampatti,644388,63f9beb3519359b7438d0ab3,10,100.0,0.0,0.0,10,10.0,90.0,0.0,10,0.0,0.0,100.0,10,100.0,0.0,0.0,10,0.0,100.0,10,70.0,30.0,10,80.0,20.0,10,100.0,0.0,10,10.0,90.0,10,30.0,70.0,10,0.0,30.0,70.0,10,0.0,100.0,10,n_low,p_medium,k_high,OC_low,pH_alkaline,GOOD
5,5,0,10,10,0,4,6,8,2,0,10,0,7,3,1,9,SULTANPET,6115,6492fcac680216eb6c940941,2026-08-13T17:49:12.650Z,2026-27,COIMBATORE,63f9beae519359b7438d0a39,10,0,0,2026-09-16T18:06:09.078Z,0,10,0,0,1,9,2,0,8,6a7e03985649bb3abb470b77,Soil Health Card RKVY,660f941a5c8405ca8375c7c6,TAMIL NADU,63f9be9f519359b7438d08bb,2026-09-16T18:08:21.181Z,Varapatti,644386,63f9beb4519359b7438d0ac7,10,100.0,0.0,0.0,10,0.0,80.0,20.0,10,0.0,0.0,100.0,10,100.0,0.0,0.0,10,30.0,70.0,10,60.0,40.0,10,90.0,10.0,10,100.0,0.0,10,50.0,50.0,10,20.0,80.0,10,0.0,90.0,10.0,10,0.0,100.0,10,n_low,p_medium,k_high,OC_low,pH_neutral,GOOD
8,2,0,10,7,3,4,6,5,5,0,10,0,7,3,3,7,SULTANPET,6115,6492fcac680216eb6c940941,2026-08-06T17:51:23.184Z,2026-27,COIMBATORE,63f9beae519359b7438d0a39,10,0,0,2026-09-16T18:06:09.078Z,0,10,0,0,2,8,0,2,8,6a74c99bcb17f79fd1c8b47b,Soil Health Card RKVY,660f941a5c8405ca8375c7c6,TAMIL NADU,63f9be9f519359b7438d08bb,2026-09-16T18:08:21.181Z,Pappampatti,644382,63f9beb5519359b7438d0ad1,10,100.0,0.0,0.0,10,20.0,80.0,0.0,10,0.0,0.0,100.0,10,100.0,0.0,0.0,10,30.0,70.0,10,60.0,40.0,10,70.0,30.0,10,100.0,0.0,10,20.0,80.0,10,50.0,50.0,10,0.0,80.0,20.0,10,30.0,70.0,10,n_low,p_medium,k_high,OC_low,pH_neutral,GOOD
10,0,0,10,10,0,6,4,5,5,0,10,0,8,2,0,10,SULTANPET,6115,6492fcac680216eb6c940941,2026-08-07T17:53:16.286Z,2026-27,COIMBATORE,63f9beae519359b7438d0a39,9,0,1,2026-09-16T18:06:09.078Z,0,10,0,0,6,4,4,0,6,6a761b8ca28634dc2cc140a5,Soil Health Card RKVY,660f941a5c8405ca8375c7c6,TAMIL NADU,63f9be9f519359b7438d08bb,2026-09-16T18:08:21.181Z,Edayapalayam,644383,63f9beb6519359b7438d0aea,10,100.0,0.0,0.0,10,0.0,60.0,40.0,10,0.0,10.0,90.0,10,100.0,0.0,0.0,10,20.0,80.0,10,40.0,60.0,10,100.0,0.0,10,100.0,0.0,10,0.0,100.0,10,50.0,50.0,10,0.0,40.0,60.0,10,0.0,100.0,10,n_low,p_medium,k_high,OC_low,pH_alkaline,GOOD
4,1,0,5,3,2,1,4,1,4,0,5,0,3,2,0,5,SULTANPET,6115,6492fcac680216eb6c940941,2026-08-07T17:53:16.286Z,2026-27,COIMBATORE,63f9beae519359b7438d0a39,5,0,0,2026-09-16T18:06:09.078Z,0,5,0,0,3,2,3,0,2,6a761b8ca28634dc2cc140a6,Soil Health Card RKVY,660f941a5c8405ca8375c7c6,TAMIL NADU,63f9be9f519359b7438d08bb,2026-09-16T18:08:21.181Z,Senjeri Ayyampalayam,644396,63f9beb7519359b7438d0afe,5,100.0,0.0,0.0,5,0.0,40.0,60.0,5,0.0,0.0,100.0,5,100.0,0.0,0.0,5,40.0,60.0,5,80.0,20.0,5,100.0,0.0,5,100.0,0.0,5,20.0,80.0,5,80.0,20.0,5,0.0,40.0,60.0,5,40.0,60.0,5,n_low,p_high,k_high,OC_low,pH_alkaline,GOOD
8,2,0,10,10,0,2,8,6,4,0,10,0,9,1,2,8,SULTANPET,6115,6492fcac680216eb6c940941,2026-08-14T17:50:35.094Z,2026-27,COIMBATORE,63f9beae519359b7438d0a39,10,0,0,2026-09-16T18:06:09.078Z,0,10,0,0,3,7,0,0,10,6a7f556b1d0ece276109f09e,Soil Health Card RKVY,660f941a5c8405ca8375c7c6,TAMIL NADU,63f9be9f519359b7438d08bb,2026-09-16T18:08:21.181Z,Malaipalayam,644397,63f9beb8519359b7438d0b12,10,100.0,0.0,0.0,10,0.0,100.0,0.0,10,0.0,0.0,100.0,10,100.0,0.0,0.0,10,10.0,90.0,10,80.0,20.0,10,80.0,20.0,10,100.0,0.0,10,20.0,80.0,10,40.0,60.0,10,0.0,70.0,30.0,10,0.0,100.0,10,n_low,p_medium,k_high,OC_low,pH_neutral,GOOD
10,0,0,10,10,0,5,5,7,3,0,10,0,9,1,5,5,SULTANPET,6115,6492fcac680216eb6c940941,2026-08-13T17:49:12.650Z,2026-27,COIMBATORE,63f9beae519359b7438d0a39,9,1,0,2026-09-16T18:06:09.078Z,0,10,0,0,4,6,4,0,6,6a7e03985649bb3abb470b78,Soil Health Card RKVY,660f941a5c8405ca8375c7c6,TAMIL NADU,63f9be9f519359b7438d08bb,2026-09-16T18:08:21.181Z,Vadambacheri,644385,63f9beb9519359b7438d0b2b,10,100.0,0.0,0.0,10,0.0,60.0,40.0,10,10.0,0.0,90.0,10,100.0,0.0,0.0,10,10.0,90.0,10,50.0,50.0,10,50.0,50.0,10,100.0,0.0,10,0.0,100.0,10,30.0,70.0,10,0.0,60.0,40.0,10,0.0,100.0,10,n_low,p_medium,k_high,OC_low,pH_neutral,GOOD
5,0,0,5,3,2,1,4,4,1,0,5,0,4,1,0,5,SULTANPET,6115,6492fcac680216eb6c940941,2026-08-13T17:49:12.650Z,2026-27,COIMBATORE,63f9beae519359b7438d0a39,5,0,0,2026-09-16T18:06:09.078Z,0,5,0,0,1,4,3,0,2,6a7e03985649bb3abb470b79,Soil Health Card RKVY,660f941a5c8405ca8375c7c6,TAMIL NADU,63f9be9f519359b7438d08bb,2026-09-16T18:08:21.181Z,Vadavedampatti,644392,63f9beba519359b7438d0b4e,5,100.0,0.0,0.0,5,0.0,40.0,60.0,5,0.0,0.0,100.0,5,100.0,0.0,0.0,5,20.0,80.0,5,80.0,20.0,5,100.0,0.0,5,100.0,0.0,5,0.0,100.0,5,20.0,80.0,5,0.0,80.0,20.0,5,40.0,60.0,5,n_low,p_high,k_high,OC_low,pH_neutral,GOOD
12,0,0,12,12,0,7,5,7,5,0,11,1,2,10,3,9,SULUR,6116,6492fcad680216eb6c940943,2026-09-14T17:57:33.325Z,2026-27,COIMBATORE,63f9beae519359b7438d0a39,2,0,10,2026-09-16T18:06:09.078Z,0,12,0,0,0,12,0,5,7,6aa8358d2016b0ff9e9b3fd4,Soil Health Card RKVY,660f941a5c8405ca8375c7c6,TAMIL NADU,63f9be9f519359b7438d08bb,2026-09-16T18:08:21.181Z,Kalangal,644379,63f9beb9519359b7438d0b30,12,100.0,0.0,0.0,12,41.66666666666667,58.333333333333336,0.0,12,0.0,83.33333333333334,16.666666666666664,12,91.66666666666666,8.333333333333332,0.0,12,83.33333333333334,16.666666666666664,12,41.66666666666667,58.333333333333336,12,75.0,25.0,12,100.0,0.0,12,0.0,100.0,12,41.66666666666667,58.333333333333336,12,0.0,100.0,0.0,12,0.0,100.0,12,n_low,p_medium,k_medium,OC_low,pH_neutral,GOOD
11,0,0,11,11,0,11,0,8,3,0,8,3,1,10,3,8,SULUR,6116,6492fcad680216eb6c940943,2026-07-14T17:49:03.622Z,2026-27,COIMBATORE,63f9beae519359b7438d0a39,10,0,1,2026-09-16T18:06:09.078Z,0,6,5,0,6,5,0,8,3,6a56768f2aa07b7905039c4b,Soil Health Card RKVY,660f941a5c8405ca8375c7c6,TAMIL NADU,63f9be9f519359b7438d08bb,2026-09-16T18:08:21.181Z,Kittampalayam,644372,63f9beba519359b7438d0b58,11,54.54545454545454,45.45454545454545,0.0,11,72.72727272727273,27.27272727272727,0.0,11,0.0,9.090909090909092,90.9090909090909,11,72.72727272727273,27.27272727272727,0.0,11,90.9090909090909,9.090909090909092,11,0.0,100.0,11,72.72727272727273,27.27272727272727,11,100.0,0.0,11,0.0,100.0,11,27.27272727272727,72.72727272727273,11,0.0,45.45454545454545,54.54545454545454,11,0.0,100.0,11,n_low,p_low,k_high,OC_low,pH_alkaline,GOOD
12,31,0,43,34,9,7,36,0,43,0,43,0,41,2,6,37,MELBHUVANAGIRI,6128,6492fcad680216eb6c940945,2026-07-24T17:51:46.671Z,2026-27,CUDDALORE,63f9bef0519359b7438d104b,0,0,43,2026-09-16T18:06:09.078Z,0,43,0,0,0,43,32,0,11,6a63a6321298ca6884f97dfc,Soil Health Card RKVY,660f941a5c8405ca8375c7c6,TAMIL NADU,63f9be9f519359b7438d08bb,2026-09-16T18:08:21.181Z,Vadakkuthittai,636763,63f9bfa2519359b7438d20ff,43,100.0,0.0,0.0,43,0.0,25.581395348837212,74.4186046511628,43,0.0,100.0,0.0,43,100.0,0.0,0.0,43,4.651162790697675,95.34883720930233,43,83.72093023255815,16.27906976744186,43,86.04651162790698,13.953488372093023,43,100.0,0.0,43,72.09302325581395,27.906976744186046,43,100.0,0.0,43,0.0,100.0,0.0,43,20.930232558139537,79.06976744186046,43,n_low,p_high,k_medium,OC_low,pH_neutral,GOOD
0,63,0,63,63,0,0,63,0,63,0,63,0,41,22,0,63,PARANGIPETTAI,6131,6492fcad680216eb6c940947,2026-09-09T18:08:01.602Z,2026-27,CUDDALORE,63f9bef0519359b7438d104b,0,0,63,2026-09-16T18:06:09.078Z,0,63,0,0,0,63,63,0,0,6aa1a081a9301e4c4acd10cf,Soil Health Card RKVY,660f941a5c8405ca8375c7c6,TAMIL NADU,63f9be9f519359b7438d08bb,2026-09-16T18:08:21.181Z,Nakkaravanthangudi,636842,63f9bf3c519359b7438d1786,63,100.0,0.0,0.0,63,0.0,0.0,100.0,63,0.0,100.0,0.0,63,100.0,0.0,0.0,63,34.92063492063492,65.07936507936508,63,100.0,0.0,63,100.0,0.0,63,100.0,0.0,63,100.0,0.0,63,100.0,0.0,63,0.0,100.0,0.0,63,0.0,100.0,63,n_low,p_high,k_medium,OC_low,pH_neutral,GOOD
5,27,0,32,32,0,30,2,0,32,0,32,0,13,19,0,32,KOMARATCHI,6125,6492fcad680216eb6c940949,2026-09-08T18:04:10.728Z,2026-27,CUDDALORE,63f9bef0519359b7438d104b,24,0,8,2026-09-16T18:06:09.078Z,0,32,0,0,0,32,11,7,14,6aa04e1a4fbfe3b4fac524e6,Soil Health Card RKVY,660f941a5c8405ca8375c7c6,TAMIL NADU,63f9be9f519359b7438d08bb,2026-09-16T18:08:21.181Z,Sivakam,636965,63f9bf4d519359b7438d1904,32,100.0,0.0,0.0,32,21.875,43.75,34.375,32,0.0,25.0,75.0,32,100.0,0.0,0.0,32,59.375,40.625,32,6.25,93.75,32,100.0,0.0,32,100.0,0.0,32,84.375,15.625,32,100.0,0.0,32,0.0,100.0,0.0,32,0.0,100.0,32,n_low,p_medium,k_high,OC_low,pH_neutral,GOOD
2,41,0,43,43,0,0,43,0,43,0,43,0,28,15,0,43,KOMARATCHI,6125,6492fcad680216eb6c940949,2026-08-11T17:54:25.139Z,2026-27,CUDDALORE,63f9bef0519359b7438d104b,0,0,43,2026-09-16T18:06:09.078Z,0,43,0,0,0,43,0,43,0,6a7b61d11def2707e2a7d630,Soil Health Card RKVY,660f941a5c8405ca8375c7c6,TAMIL NADU,63f9be9f519359b7438d08bb,2026-09-16T18:08:21.181Z,Komaratchi East,637009,63f9bf5a519359b7438d1a44,43,100.0,0.0,0.0,43,100.0,0.0,0.0,43,0.0,100.0,0.0,43,100.0,0.0,0.0,43,34.883720930232556,65.11627906976744,43,100.0,0.0,43,100.0,0.0,43,100.0,0.0,43,95.34883720930233,4.651162790697675,43,100.0,0.0,43,0.0,100.0,0.0,43,0.0,100.0,43,n_low,p_low,k_medium,OC_low,pH_neutral,GOOD
10,5,0,15,15,0,0,15,2,13,0,15,0,1,14,0,15,ANNAGRAMAM,6120,6492fcad680216eb6c940955,2026-08-03T17:49:24.433Z,2026-27,CUDDALORE,63f9bef0519359b7438d104b,0,15,0,2026-09-16T18:06:09.078Z,0,15,0,0,0,15,0,6,9,6a70d4a49922d3c3a0c03c36,Soil Health Card RKVY,660f941a5c8405ca8375c7c6,TAMIL NADU,63f9be9f519359b7438d08bb,2026-09-16T18:08:21.181Z,Ezhumedu,636547,63f9befc519359b7438d1163,15,100.0,0.0,0.0,15,40.0,60.0,0.0,15,100.0,0.0,0.0,15,100.0,0.0,0.0,15,93.33333333333333,6.666666666666667,15,100.0,0.0,15,100.0,0.0,15,100.0,0.0,15,33.33333333333333,66.66666666666666,15,86.66666666666667,13.333333333333334,15,0.0,100.0,0.0,15,0.0,100.0,15,n_low,p_medium,k_low,OC_low,pH_neutral,GOOD
3,24,0,27,27,0,0,27,25,2,0,27,0,12,15,1,26,ANNAGRAMAM,6120,6492fcad680216eb6c940955,2026-08-03T17:49:24.433Z,2026-27,CUDDALORE,63f9bef0519359b7438d104b,0,18,9,2026-09-16T18:06:09.078Z,0,27,0,0,7,20,0,8,19,6a70d4a49922d3c3a0c03c37,Soil Health Card RKVY,660f941a5c8405ca8375c7c6,TAMIL NADU,63f9be9f519359b7438d08bb,2026-09-16T18:08:21.181Z,Kilkavarapattu,636543,63f9befc519359b7438d1168,27,100.0,0.0,0.0,27,29.629629629629626,70.37037037037037,0.0,27,66.66666666666666,33.33333333333333,0.0,27,100.0,0.0,0.0,27,55.55555555555556,44.44444444444444,27,100.0,0.0,27,96.29629629629629,3.7037037037037033,27,100.0,0.0,27,88.88888888888889,11.11111111111111,27,7.4074074074074066,92.5925925925926,27,0.0,74.07407407407408,25.925925925925924,27,0.0,100.0,27,n_low,p_medium,k_low,OC_low,pH_neutral,GOOD
0,1,0,1,1,0,0,1,0,1,0,1,0,0,1,0,1,ANNAGRAMAM,6120,6492fcad680216eb6c940955,2026-08-03T17:49:24.433Z,2026-27,CUDDALORE,63f9bef0519359b7438d104b,0,1,0,2026-09-16T18:06:09.078Z,0,1,0,0,0,1,0,1,0,6a70d4a49922d3c3a0c03c38,Soil Health Card RKVY,660f941a5c8405ca8375c7c6,TAMIL NADU,63f9be9f519359b7438d08bb,2026-09-16T18:08:21.181Z,Melkavarapattu,636542,63f9bf08519359b7438d1271,1,100.0,0.0,0.0,1,100.0,0.0,0.0,1,100.0,0.0,0.0,1,100.0,0.0,0.0,1,100.0,0.0,1,100.0,0.0,1,100.0,0.0,1,100.0,0.0,1,100.0,0.0,1,100.0,0.0,1,0.0,100.0,0.0,1,0.0,100.0,1,n_low,p_low,k_low,OC_low,pH_neutral,VERY_LIMITED
0,8,0,8,8,0,2,6,8,0,1,5,2,4,4,3,5,NALLAMPALLI,6137,6492fcae680216eb6c940963,2026-09-09T18:08:01.602Z,2026-27,DHARMAPURI,63f9bfb2519359b7438d228b,0,0,8,2026-09-16T18:06:09.078Z,0,8,0,0,0,8,4,0,4,6aa1a081a9301e4c4acd10d4,Soil Health Card RKVY,660f941a5c8405ca8375c7c6,TAMIL NADU,63f9be9f519359b7438d08bb,2026-09-16T18:08:21.181Z,Nathathahalli,643584,63f9c01a519359b7438d2c31,8,100.0,0.0,0.0,8,0.0,50.0,50.0,8,0.0,100.0,0.0,8,62.5,25.0,12.5,8,50.0,50.0,8,75.0,25.0,8,62.5,37.5,8,100.0,0.0,8,100.0,0.0,8,0.0,100.0,8,0.0,100.0,0.0,8,0.0,100.0,8,n_low,p_medium,k_medium,OC_low,pH_neutral,GOOD
0,37,0,37,37,0,6,31,37,0,1,19,17,28,9,12,25,PENNAGARAM,6140,6492fcaf680216eb6c940973,2026-09-09T18:08:01.602Z,2026-27,DHARMAPURI,63f9bfb2519359b7438d228b,20,2,15,2026-09-16T18:06:09.078Z,0,36,1,0,0,37,32,0,5,6aa1a081a9301e4c4acd10d0,Soil Health Card RKVY,660f941a5c8405ca8375c7c6,TAMIL NADU,63f9be9f519359b7438d08bb,2026-09-16T18:08:21.181Z,Chinnampalli,643654,63f9c008519359b7438d2a89,37,97.2972972972973,2.7027027027027026,0.0,37,0.0,13.513513513513514,86.48648648648648,37,5.405405405405405,40.54054054054054,54.054054054054056,37,51.35135135135135,45.94594594594595,2.7027027027027026,37,24.324324324324326,75.67567567567568,37,83.78378378378379,16.216216216216218,37,67.56756756756756,32.432432432432435,37,100.0,0.0,37,100.0,0.0,37,0.0,100.0,37,0.0,100.0,0.0,37,0.0,100.0,37,n_low,p_high,k_high,OC_low,pH_neutral,GOOD
0,3,0,3,3,0,2,1,3,0,0,3,0,2,1,1,2,PENNAGARAM,6140,6492fcaf680216eb6c940973,2026-09-09T18:08:01.602Z,2026-27,DHARMAPURI,63f9bfb2519359b7438d228b,1,0,2,2026-09-16T18:06:09.078Z,0,3,0,0,0,3,3,0,0,6aa1a081a9301e4c4acd10d1,Soil Health Card RKVY,660f941a5c8405ca8375c7c6,TAMIL NADU,63f9be9f519359b7438d08bb,2026-09-16T18:08:21.181Z,Kalappambadi,643655,63f9c00e519359b7438d2b0b,3,100.0,0.0,0.0,3,0.0,0.0,100.0,3,0.0,66.66666666666666,33.33333333333333,3,100.0,0.0,0.0,3,33.33333333333333,66.66666666666666,3,33.33333333333333,66.66666666666666,3,66.66666666666666,33.33333333333333,3,100.0,0.0,3,100.0,0.0,3,0.0,100.0,3,0.0,100.0,0.0,3,0.0,100.0,3,n_low,p_high,k_medium,OC_low,pH_neutral,LIMITED
0,3,0,3,3,0,1,2,3,0,0,3,0,1,2,2,1,PENNAGARAM,6140,6492fcaf680216eb6c940973,2026-09-09T18:08:01.602Z,2026-27,DHARMAPURI,63f9bfb2519359b7438d228b,1,0,2,2026-09-16T18:06:09.078Z,0,3,0,0,0,3,2,0,1,6aa1a081a9301e4c4acd10d2,Soil Health Card RKVY,660f941a5c8405ca8375c7c6,TAMIL NADU,63f9be9f519359b7438d08bb,2026-09-16T18:08:21.181Z,Kadamadai,643651,63f9c010519359b7438d2b3d,3,100.0,0.0,0.0,3,0.0,33.33333333333333,66.66666666666666,3,0.0,66.66666666666666,33.33333333333333,3,100.0,0.0,0.0,3,66.66666666666666,33.33333333333333,3,66.66666666666666,33.33333333333333,3,33.33333333333333,66.66666666666666,3,100.0,0.0,3,100.0,0.0,3,0.0,100.0,3,0.0,100.0,0.0,3,0.0,100.0,3,n_low,p_high,k_medium,OC_low,pH_neutral,LIMITED
0,4,0,4,4,0,1,3,4,0,0,4,0,2,2,1,3,PENNAGARAM,6140,6492fcaf680216eb6c940973,2026-09-09T18:08:01.602Z,2026-27,DHARMAPURI,63f9bfb2519359b7438d228b,0,0,4,2026-09-16T18:06:09.078Z,0,4,0,0,0,4,2,0,2,6aa1a081a9301e4c4acd10d3,Soil Health Card RKVY,660f941a5c8405ca8375c7c6,TAMIL NADU,63f9be9f519359b7438d08bb,2026-09-16T18:08:21.181Z,Pudupatti,643652,63f9c011519359b7438d2b4c,4,100.0,0.0,0.0,4,0.0,50.0,50.0,4,0.0,100.0,0.0,4,100.0,0.0,0.0,4,50.0,50.0,4,75.0,25.0,4,75.0,25.0,4,100.0,0.0,4,100.0,0.0,4,0.0,100.0,4,0.0,100.0,0.0,4,0.0,100.0,4,n_low,p_medium,k_medium,OC_low,pH_neutral,LIMITED
1,0,0,1,1,0,1,0,1,0,0,1,0,0,1,0,1,BHAVANI,6157,6492fcb0680216eb6c940995,2026-09-16T18:08:24.820Z,2026-27,ERODE,63f9c075519359b7438d3493,0,0,1,2026-09-16T18:06:09.078Z,0,1,0,0,0,1,0,1,0,6aaadb18815951ad19d1c514,Soil Health Card RKVY,660f941a5c8405ca8375c7c6,TAMIL NADU,63f9be9f519359b7438d08bb,2026-09-16T18:08:24.820Z,Urachikottai,933886,63f9c084519359b7438d35da,1,100.0,0.0,0.0,1,100.0,0.0,0.0,1,0.0,100.0,0.0,1,100.0,0.0,0.0,1,100.0,0.0,1,0.0,100.0,1,100.0,0.0,1,100.0,0.0,1,0.0,100.0,1,0.0,100.0,1,0.0,100.0,0.0,1,0.0,100.0,1,n_low,p_low,k_medium,OC_low,pH_neutral,VERY_LIMITED
5,4,0,9,9,0,7,2,8,1,0,9,0,4,5,4,5,BHAVANI,6157,6492fcb0680216eb6c940995,2026-09-16T18:08:24.820Z,2026-27,ERODE,63f9c075519359b7438d3493,7,0,2,2026-09-16T18:06:09.078Z,0,9,0,0,0,9,0,5,4,6aaadb18815951ad19d1c515,Soil Health Card RKVY,660f941a5c8405ca8375c7c6,TAMIL NADU,63f9be9f519359b7438d08bb,2026-09-16T18:08:24.820Z,Oricheri,634882,63f9c086519359b7438d35f8,9,100.0,0.0,0.0,9,55.55555555555556,44.44444444444444,0.0,9,0.0,22.22222222222222,77.77777777777779,9,100.0,0.0,0.0,9,55.55555555555556,44.44444444444444,9,22.22222222222222,77.77777777777779,9,55.55555555555556,44.44444444444444,9,100.0,0.0,9,44.44444444444444,55.55555555555556,9,11.11111111111111,88.88888888888889,9,0.0,100.0,0.0,9,0.0,100.0,9,n_low,p_low,k_high,OC_low,pH_neutral,GOOD
7,3,0,10,10,0,8,2,7,3,0,10,0,5,5,3,7,BHAVANI,6157,6492fcb0680216eb6c940995,2026-09-16T18:08:24.820Z,2026-27,ERODE,63f9c075519359b7438d3493,6,0,4,2026-09-16T18:06:09.078Z,0,10,0,0,0,10,0,6,4,6aaadb18815951ad19d1c516,Soil Health Card RKVY,660f941a5c8405ca8375c7c6,TAMIL NADU,63f9be9f519359b7438d08bb,2026-09-16T18:08:24.820Z,Appakudal,932887,63f9c08a519359b7438d3661,10,100.0,0.0,0.0,10,60.0,40.0,0.0,10,0.0,40.0,60.0,10,100.0,0.0,0.0,10,50.0,50.0,10,20.0,80.0,10,70.0,30.0,10,100.0,0.0,10,30.0,70.0,10,30.0,70.0,10,0.0,100.0,0.0,10,0.0,100.0,10,n_low,p_low,k_high,OC_low,pH_neutral,GOOD
18,1,0,19,19,0,15,4,19,0,0,19,0,5,14,0,19,BHAVANI,6157,6492fcb0680216eb6c940995,2026-09-16T18:08:24.820Z,2026-27,ERODE,63f9c075519359b7438d3493,12,0,7,2026-09-16T18:06:09.078Z,0,19,0,0,0,19,0,15,4,6aaadb18815951ad19d1c517,Soil Health Card RKVY,660f941a5c8405ca8375c7c6,TAMIL NADU,63f9be9f519359b7438d08bb,2026-09-16T18:08:24.820Z,Bhavani,634881,63f9c08b519359b7438d3675,19,100.0,0.0,0.0,19,78.94736842105263,21.052631578947366,0.0,19,0.0,36.84210526315789,63.1578947368421,19,100.0,0.0,0.0,19,73.68421052631578,26.31578947368421,19,21.052631578947366,78.94736842105263,19,100.0,0.0,19,100.0,0.0,19,5.263157894736842,94.73684210526315,19,0.0,100.0,19,0.0,100.0,0.0,19,0.0,100.0,19,n_low,p_low,k_high,OC_low,pH_neutral,GOOD
17,4,0,21,21,0,14,7,15,6,0,21,0,10,11,10,11,BHAVANI,6157,6492fcb0680216eb6c940995,2026-09-16T18:08:24.820Z,2026-27,ERODE,63f9c075519359b7438d3493,20,0,1,2026-09-16T18:06:09.078Z,0,21,0,0,0,21,0,0,21,6aaadb18815951ad19d1c518,Soil Health Card RKVY,660f941a5c8405ca8375c7c6,TAMIL NADU,63f9be9f519359b7438d08bb,2026-09-16T18:08:24.820Z,Mylambadi,634869,63f9c08b519359b7438d3684,21,100.0,0.0,0.0,21,0.0,100.0,0.0,21,0.0,4.761904761904762,95.23809523809523,21,100.0,0.0,0.0,21,52.38095238095239,47.61904761904761,21,33.33333333333333,66.66666666666666,21,52.38095238095239,47.61904761904761,21,100.0,0.0,21,19.047619047619047,80.95238095238095,21,28.57142857142857,71.42857142857143,21,0.0,100.0,0.0,21,0.0,100.0,21,n_low,p_medium,k_high,OC_low,pH_neutral,GOOD
15,4,0,19,19,0,13,6,11,8,0,19,0,6,13,8,11,BHAVANI,6157,6492fcb0680216eb6c940995,2026-09-16T18:08:24.820Z,2026-27,ERODE,63f9c075519359b7438d3493,11,0,8,2026-09-16T18:06:09.078Z,0,19,0,0,0,19,0,14,5,6aaadb18815951ad19d1c519,Soil Health Card RKVY,660f941a5c8405ca8375c7c6,TAMIL NADU,63f9be9f519359b7438d08bb,2026-09-16T18:08:24.820Z,Punnam,634868,63f9c08c519359b7438d368e,19,100.0,0.0,0.0,19,73.68421052631578,26.31578947368421,0.0,19,0.0,42.10526315789473,57.89473684210527,19,100.0,0.0,0.0,19,68.42105263157895,31.57894736842105,19,31.57894736842105,68.42105263157895,19,57.89473684210527,42.10526315789473,19,100.0,0.0,19,21.052631578947366,78.94736842105263,19,42.10526315789473,57.89473684210527,19,0.0,100.0,0.0,19,0.0,100.0,19,n_low,p_low,k_high,OC_low,pH_neutral,GOOD
3,0,0,3,3,0,3,0,1,2,0,3,0,1,2,0,3,GOPICHETTIPALAIYAM,6162,6492fcb0680216eb6c940997,2026-09-07T18:11:10.090Z,2026-27,ERODE,63f9c075519359b7438d3493,2,0,1,2026-09-16T18:06:09.078Z,0,3,0,0,0,3,0,0,3,6a9efe3e96c54e28dc2b1f09,Soil Health Card RKVY,660f941a5c8405ca8375c7c6,TAMIL NADU,63f9be9f519359b7438d08bb,2026-09-16T18:08:21.181Z,Modachur,634926,63f9c08e519359b7438d36b8,3,100.0,0.0,0.0,3,0.0,100.0,0.0,3,0.0,33.33333333333333,66.66666666666666,3,100.0,0.0,0.0,3,66.66666666666666,33.33333333333333,3,0.0,100.0,3,100.0,0.0,3,100.0,0.0,3,0.0,100.0,3,66.66666666666666,33.33333333333333,3,0.0,100.0,0.0,3,0.0,100.0,3,n_low,p_medium,k_high,OC_low,pH_neutral,LIMITED
32,8,1,39,40,0,13,27,0,40,0,34,6,27,13,20,20,CHINNASALEM,6453,6492fcb1680216eb6c9409ad,2026-09-03T18:08:02.712Z,2026-27,KALLAKURICHI,63f9cc0d519359b7438e43aa,0,11,29,2026-09-16T18:06:09.078Z,0,40,0,0,1,39,7,9,24,6a99b7820649dfa6ff11f3c3,Soil Health Card RKVY,660f941a5c8405ca8375c7c6,TAMIL NADU,63f9be9f519359b7438d08bb,2026-09-16T18:08:21.181Z,Ammakalathur,633537,63f9cc80519359b7438e4dad,40,100.0,0.0,0.0,40,22.5,60.0,17.5,40,27.500000000000004,72.5,0.0,40,85.0,15.0,0.0,40,32.5,67.5,40,67.5,32.5,40,50.0,50.0,40,97.5,2.5,40,20.0,80.0,40,100.0,0.0,40,0.0,97.5,2.5,40,0.0,100.0,40,n_low,p_medium,k_medium,OC_low,pH_neutral,GOOD
10,6,1,15,16,0,3,13,0,16,0,12,4,6,10,9,7,KALLAKKURICHI,6455,6492fcb1680216eb6c9409af,2026-08-14T17:50:35.104Z,2026-27,KALLAKURICHI,63f9cc0d519359b7438e43aa,0,4,12,2026-09-16T18:06:09.078Z,0,16,0,0,0,16,4,4,8,6a7f556b1d0ece276109f0a0,Soil Health Card RKVY,660f941a5c8405ca8375c7c6,TAMIL NADU,63f9be9f519359b7438d08bb,2026-09-16T18:08:21.181Z,Emapper - ,933094,63f9cc47519359b7438e48b3,16,100.0,0.0,0.0,16,25.0,50.0,25.0,16,25.0,75.0,0.0,16,75.0,25.0,0.0,16,62.5,37.5,16,81.25,18.75,16,43.75,56.25,16,93.75,6.25,16,37.5,62.5,16,100.0,0.0,16,0.0,100.0,0.0,16,0.0,100.0,16,n_low,p_medium,k_medium,OC_low,pH_neutral,GOOD
1,1,1,1,2,0,0,2,0,2,0,2,0,0,2,2,0,KALLAKKURICHI,6455,6492fcb1680216eb6c9409af,2026-08-14T17:50:35.104Z,2026-27,KALLAKURICHI,63f9cc0d519359b7438e43aa,0,0,2,2026-09-16T18:06:09.078Z,0,2,0,0,0,2,1,0,1,6a7f556b1d0ece276109f0a1,Soil Health Card RKVY,660f941a5c8405ca8375c7c6,TAMIL NADU,63f9be9f519359b7438d08bb,2026-09-16T18:08:21.181Z,Ka. Mamanandal,633434,63f9cc52519359b7438e49ad,2,100.0,0.0,0.0,2,0.0,50.0,50.0,2,0.0,100.0,0.0,2,100.0,0.0,0.0,2,100.0,0.0,2,100.0,0.0,2,0.0,100.0,2,50.0,50.0,2,50.0,50.0,2,100.0,0.0,2,0.0,100.0,0.0,2,0.0,100.0,2,n_low,p_medium,k_medium,OC_low,pH_neutral,LIMITED
13,0,0,13,12,0,0,13,0,13,0,13,0,3,10,5,8,RAJAKKAMANGALAM,6193,6492fcb2680216eb6c9409cb,2026-08-17T17:52:49.838Z,2026-27,KANNIYAKUMARI,63f9c154519359b7438d48e2,3,2,8,2026-09-16T18:06:09.078Z,0,13,0,0,0,13,10,0,3,6a834a71f6e224ac5e5eab04,Soil Health Card RKVY,660f941a5c8405ca8375c7c6,TAMIL NADU,63f9be9f519359b7438d08bb,2026-09-16T18:08:21.181Z,Madhusoodhanapuram North,932078,63f9c171519359b7438d4b81,13,100.0,0.0,0.0,13,0.0,23.076923076923077,76.92307692307693,13,15.384615384615385,61.53846153846154,23.076923076923077,13,100.0,0.0,0.0,13,76.92307692307693,23.076923076923077,13,100.0,0.0,13,61.53846153846154,38.46153846153847,13,100.0,0.0,13,0.0,100.0,13,100.0,0.0,13,0.0,100.0,0.0,12,0.0,100.0,13,n_low,p_high,k_medium,OC_low,pH_neutral,GOOD
3,0,0,3,3,0,0,3,0,3,0,3,0,0,3,1,2,RAJAKKAMANGALAM,6193,6492fcb2680216eb6c9409cb,2026-09-09T18:08:01.604Z,2026-27,KANNIYAKUMARI,63f9c154519359b7438d48e2,0,0,3,2026-09-16T18:06:09.078Z,0,3,0,0,0,3,3,0,0,6aa1a081a9301e4c4acd10d5,Soil Health Card RKVY,660f941a5c8405ca8375c7c6,TAMIL NADU,63f9be9f519359b7438d08bb,2026-09-16T18:08:21.181Z,Rajakkamangalam ,932068,63f9c172519359b7438d4b90,3,100.0,0.0,0.0,3,0.0,0.0,100.0,3,0.0,100.0,0.0,3,100.0,0.0,0.0,3,100.0,0.0,3,100.0,0.0,3,66.66666666666666,33.33333333333333,3,100.0,0.0,3,0.0,100.0,3,100.0,0.0,3,0.0,100.0,0.0,3,0.0,100.0,3,n_low,p_high,k_medium,OC_low,pH_neutral,LIMITED
6,2,0,8,8,0,0,8,0,8,0,8,0,3,5,5,3,RAJAKKAMANGALAM,6193,6492fcb2680216eb6c9409cb,2026-09-09T18:08:01.604Z,2026-27,KANNIYAKUMARI,63f9c154519359b7438d48e2,0,0,8,2026-09-16T18:06:09.078Z,0,8,0,1,0,7,8,0,0,6aa1a081a9301e4c4acd10d6,Soil Health Card RKVY,660f941a5c8405ca8375c7c6,TAMIL NADU,63f9be9f519359b7438d08bb,2026-09-16T18:08:21.181Z,Neendakarai B ,932066,63f9c172519359b7438d4b95,8,100.0,0.0,0.0,8,0.0,0.0,100.0,8,0.0,100.0,0.0,8,100.0,0.0,0.0,8,62.5,37.5,8,100.0,0.0,8,37.5,62.5,8,100.0,0.0,8,25.0,75.0,8,100.0,0.0,8,12.5,87.5,0.0,8,0.0,100.0,8,n_low,p_high,k_medium,OC_low,pH_neutral,GOOD
2,0,0,2,2,0,0,2,0,2,0,2,0,1,1,0,2,RAJAKKAMANGALAM,6193,6492fcb2680216eb6c9409cb,2026-09-09T18:08:01.604Z,2026-27,KANNIYAKUMARI,63f9c154519359b7438d48e2,0,0,2,2026-09-16T18:06:09.078Z,0,2,0,0,0,2,1,0,1,6aa1a081a9301e4c4acd10d7,Soil Health Card RKVY,660f941a5c8405ca8375c7c6,TAMIL NADU,63f9be9f519359b7438d08bb,2026-09-16T18:08:21.181Z,Neendakarai A East and Town ,932063,63f9c172519359b7438d4b9a,2,100.0,0.0,0.0,2,0.0,50.0,50.0,2,0.0,100.0,0.0,2,100.0,0.0,0.0,2,50.0,50.0,2,100.0,0.0,2,100.0,0.0,2,100.0,0.0,2,0.0,100.0,2,100.0,0.0,2,0.0,100.0,0.0,2,0.0,100.0,2,n_low,p_medium,k_medium,OC_low,pH_neutral,LIMITED
1,0,0,1,1,0,0,1,0,1,0,1,0,0,1,1,0,RAJAKKAMANGALAM,6193,6492fcb2680216eb6c9409cb,2026-09-10T18:12:36.877Z,2026-27,KANNIYAKUMARI,63f9c154519359b7438d48e2,0,0,1,2026-09-16T18:06:09.078Z,0,1,0,0,0,1,1,0,0,6aa2f314dfa3538f38d2650a,Soil Health Card RKVY,660f941a5c8405ca8375c7c6,TAMIL NADU,63f9be9f519359b7438d08bb,2026-09-16T18:08:21.181Z,PUTHALAM ,932028,63f9c173519359b7438d4bae,1,100.0,0.0,0.0,1,0.0,0.0,100.0,1,0.0,100.0,0.0,1,100.0,0.0,0.0,1,100.0,0.0,1,100.0,0.0,1,0.0,100.0,1,100.0,0.0,1,0.0,100.0,1,100.0,0.0,1,0.0,100.0,0.0,1,0.0,100.0,1,n_low,p_high,k_medium,OC_low,pH_neutral,VERY_LIMITED
3,0,0,3,3,0,0,3,0,3,0,3,0,1,2,2,1,RAJAKKAMANGALAM,6193,6492fcb2680216eb6c9409cb,2026-08-17T17:52:49.838Z,2026-27,KANNIYAKUMARI,63f9c154519359b7438d48e2,1,1,1,2026-09-16T18:06:09.078Z,0,3,0,0,0,3,1,1,1,6a834a71f6e224ac5e5eab05,Soil Health Card RKVY,660f941a5c8405ca8375c7c6,TAMIL NADU,63f9be9f519359b7438d08bb,2026-09-16T18:08:21.181Z,Thengamputhoor ,932026,63f9c173519359b7438d4bb3,3,100.0,0.0,0.0,3,33.33333333333333,33.33333333333333,33.33333333333333,3,33.33333333333333,33.33333333333333,33.33333333333333,3,100.0,0.0,0.0,3,66.66666666666666,33.33333333333333,3,100.0,0.0,3,33.33333333333333,66.66666666666666,3,100.0,0.0,3,0.0,100.0,3,100.0,0.0,3,0.0,100.0,0.0,3,0.0,100.0,3,n_low,p_low,k_low,OC_low,pH_neutral,LIMITED
0,1,0,1,1,0,0,1,0,1,0,1,0,0,1,1,0,RAJAKKAMANGALAM,6193,6492fcb2680216eb6c9409cb,2026-09-10T18:12:36.877Z,2026-27,KANNIYAKUMARI,63f9c154519359b7438d48e2,0,0,1,2026-09-16T18:06:09.078Z,0,1,0,0,0,1,1,0,0,6aa2f314dfa3538f38d2650b,Soil Health Card RKVY,660f941a5c8405ca8375c7c6,TAMIL NADU,63f9be9f519359b7438d08bb,2026-09-16T18:08:21.181Z,Neendakara-A (Part),643174,63f9c176519359b7438d4bfe,1,100.0,0.0,0.0,1,0.0,0.0,100.0,1,0.0,100.0,0.0,1,100.0,0.0,0.0,1,100.0,0.0,1,100.0,0.0,1,0.0,100.0,1,100.0,0.0,1,100.0,0.0,1,100.0,0.0,1,0.0,100.0,0.0,1,0.0,100.0,1,n_low,p_high,k_medium,OC_low,pH_neutral,VERY_LIMITED
1,0,0,1,1,0,0,1,0,1,0,1,0,1,0,1,0,RAJAKKAMANGALAM,6193,6492fcb2680216eb6c9409cb,2026-09-09T18:08:01.604Z,2026-27,KANNIYAKUMARI,63f9c154519359b7438d48e2,0,0,1,2026-09-16T18:06:09.078Z,0,1,0,0,0,1,1,0,0,6aa1a081a9301e4c4acd10d8,Soil Health Card RKVY,660f941a5c8405ca8375c7c6,TAMIL NADU,63f9be9f519359b7438d08bb,2026-09-16T18:08:21.181Z,Vadasery (Part),643166,63f9c176519359b7438d4c0d,1,100.0,0.0,0.0,1,0.0,0.0,100.0,1,0.0,100.0,0.0,1,100.0,0.0,0.0,1,0.0,100.0,1,100.0,0.0,1,0.0,100.0,1,100.0,0.0,1,0.0,100.0,1,100.0,0.0,1,0.0,100.0,0.0,1,0.0,100.0,1,n_low,p_high,k_medium,OC_low,pH_neutral,VERY_LIMITED
3,0,0,3,3,0,0,3,0,3,0,3,0,0,3,0,3,RAJAKKAMANGALAM,6193,6492fcb2680216eb6c9409cb,2026-09-10T18:12:36.877Z,2026-27,KANNIYAKUMARI,63f9c154519359b7438d48e2,0,0,3,2026-09-16T18:06:09.078Z,0,3,0,0,0,3,3,0,0,6aa2f314dfa3538f38d2650c,Soil Health Card RKVY,660f941a5c8405ca8375c7c6,TAMIL NADU,63f9be9f519359b7438d08bb,2026-09-16T18:08:21.181Z,Vembanoor West ,932086,63f9c177519359b7438d4c1c,3,100.0,0.0,0.0,3,0.0,0.0,100.0,3,0.0,100.0,0.0,3,100.0,0.0,0.0,3,100.0,0.0,3,100.0,0.0,3,100.0,0.0,3,100.0,0.0,3,0.0,100.0,3,100.0,0.0,3,0.0,100.0,0.0,3,0.0,100.0,3,n_low,p_high,k_medium,OC_low,pH_neutral,LIMITED
13,0,0,13,13,0,0,13,0,13,0,10,3,6,7,8,5,RAJAKKAMANGALAM,6193,6492fcb2680216eb6c9409cb,2026-08-17T17:52:49.838Z,2026-27,KANNIYAKUMARI,63f9c154519359b7438d48e2,1,2,10,2026-09-16T18:06:09.078Z,0,13,0,3,0,10,11,0,2,6a834a71f6e224ac5e5eab06,Soil Health Card RKVY,660f941a5c8405ca8375c7c6,TAMIL NADU,63f9be9f519359b7438d08bb,2026-09-16T18:08:21.181Z,Neendakarai A West ,932059,63f9c177519359b7438d4c26,13,100.0,0.0,0.0,13,0.0,15.384615384615385,84.61538461538461,13,15.384615384615385,76.92307692307693,7.6923076923076925,13,76.92307692307693,23.076923076923077,0.0,13,53.84615384615385,46.15384615384615,13,100.0,0.0,13,38.46153846153847,61.53846153846154,13,100.0,0.0,13,0.0,100.0,13,100.0,0.0,13,23.076923076923077,76.92307692307693,0.0,13,0.0,100.0,13,n_low,p_high,k_medium,OC_low,pH_neutral,GOOD
3,0,0,3,3,0,0,3,0,3,0,3,0,2,1,1,2,RAJAKKAMANGALAM,6193,6492fcb2680216eb6c9409cb,2026-09-09T18:08:01.604Z,2026-27,KANNIYAKUMARI,63f9c154519359b7438d48e2,1,1,1,2026-09-16T18:06:09.078Z,0,3,0,0,0,3,2,0,1,6aa1a081a9301e4c4acd10d9,Soil Health Card RKVY,660f941a5c8405ca8375c7c6,TAMIL NADU,63f9be9f519359b7438d08bb,2026-09-16T18:08:21.181Z,Putheri,932052,63f9c178519359b7438d4c35,3,100.0,0.0,0.0,3,0.0,33.33333333333333,66.66666666666666,3,33.33333333333333,33.33333333333333,33.33333333333333,3,100.0,0.0,0.0,3,33.33333333333333,66.66666666666666,3,100.0,0.0,3,66.66666666666666,33.33333333333333,3,100.0,0.0,3,0.0,100.0,3,100.0,0.0,3,0.0,100.0,0.0,3,0.0,100.0,3,n_low,p_high,k_low,OC_low,pH_neutral,LIMITED
7,0,0,7,7,0,0,7,0,7,0,7,0,1,6,3,4,RAJAKKAMANGALAM,6193,6492fcb2680216eb6c9409cb,2026-09-09T18:08:01.604Z,2026-27,KANNIYAKUMARI,63f9c154519359b7438d48e2,0,4,3,2026-09-16T18:06:09.078Z,0,7,0,0,0,7,7,0,0,6aa1a081a9301e4c4acd10da,Soil Health Card RKVY,660f941a5c8405ca8375c7c6,TAMIL NADU,63f9be9f519359b7438d08bb,2026-09-16T18:08:21.181Z,Kaniyakulam,932050,63f9c178519359b7438d4c3a,7,100.0,0.0,0.0,7,0.0,0.0,100.0,7,57.14285714285714,42.857142857142854,0.0,7,100.0,0.0,0.0,7,85.71428571428571,14.285714285714285,7,100.0,0.0,7,57.14285714285714,42.857142857142854,7,100.0,0.0,7,0.0,100.0,7,100.0,0.0,7,0.0,100.0,0.0,7,0.0,100.0,7,n_low,p_high,k_low,OC_low,pH_neutral,GOOD
9,0,0,9,9,0,0,9,0,9,0,6,3,4,5,6,3,RAJAKKAMANGALAM,6193,6492fcb2680216eb6c9409cb,2026-08-17T17:52:49.838Z,2026-27,KANNIYAKUMARI,63f9c154519359b7438d48e2,1,3,5,2026-09-16T18:06:09.078Z,0,9,0,0,0,9,4,0,5,6a834a71f6e224ac5e5eab07,Soil Health Card RKVY,660f941a5c8405ca8375c7c6,TAMIL NADU,63f9be9f519359b7438d08bb,2026-09-16T18:08:21.181Z,DHARMAPURAM NORTH ,931936,63f9c179519359b7438d4c53,9,100.0,0.0,0.0,9,0.0,55.55555555555556,44.44444444444444,9,33.33333333333333,55.55555555555556,11.11111111111111,9,66.66666666666666,33.33333333333333,0.0,9,55.55555555555556,44.44444444444444,9,100.0,0.0,9,33.33333333333333,66.66666666666666,9,100.0,0.0,9,0.0,100.0,9,100.0,0.0,9,0.0,100.0,0.0,9,0.0,100.0,9,n_low,p_medium,k_medium,OC_low,pH_neutral,GOOD
1,2,0,3,3,0,0,3,0,3,0,0,3,3,0,0,3,THACKALAI,6194,6492fcb2680216eb6c9409cd,2026-09-07T18:11:10.092Z,2026-27,KANNIYAKUMARI,63f9c154519359b7438d48e2,0,0,3,2026-09-16T18:06:09.078Z,0,3,0,3,0,0,3,0,0,6a9efe3e96c54e28dc2b1f0a,Soil Health Card RKVY,660f941a5c8405ca8375c7c6,TAMIL NADU,63f9be9f519359b7438d08bb,2026-09-16T18:08:21.181Z,Valvachagostam A,932150,63f9c15c519359b7438d49b1,3,100.0,0.0,0.0,3,0.0,0.0,100.0,3,0.0,100.0,0.0,3,0.0,100.0,0.0,3,0.0,100.0,3,100.0,0.0,3,100.0,0.0,3,100.0,0.0,3,66.66666666666666,33.33333333333333,3,100.0,0.0,3,100.0,0.0,0.0,3,0.0,100.0,3,n_low,p_high,k_medium,OC_medium,pH_acidic,LIMITED
1,1,0,2,2,0,0,2,0,2,0,1,1,0,2,0,2,THACKALAI,6194,6492fcb2680216eb6c9409cd,2026-09-07T18:11:10.092Z,2026-27,KANNIYAKUMARI,63f9c154519359b7438d48e2,0,0,2,2026-09-16T18:06:09.078Z,0,2,0,2,0,0,2,0,0,6a9efe3e96c54e28dc2b1f0b,Soil Health Card RKVY,660f941a5c8405ca8375c7c6,TAMIL NADU,63f9be9f519359b7438d08bb,2026-09-16T18:08:21.181Z,Valvachagostam B,932155,63f9c15d519359b7438d49c5,2,100.0,0.0,0.0,2,0.0,0.0,100.0,2,0.0,100.0,0.0,2,50.0,50.0,0.0,2,100.0,0.0,2,100.0,0.0,2,100.0,0.0,2,100.0,0.0,2,50.0,50.0,2,100.0,0.0,2,100.0,0.0,0.0,2,0.0,100.0,2,n_low,p_high,k_medium,OC_low,pH_acidic,LIMITED
4,5,0,9,9,0,0,9,0,9,1,3,5,3,6,4,5,THACKALAI,6194,6492fcb2680216eb6c9409cd,2026-09-07T18:11:10.092Z,2026-27,KANNIYAKUMARI,63f9c154519359b7438d48e2,0,2,7,2026-09-16T18:06:09.078Z,0,7,2,7,0,2,9,0,0,6a9efe3e96c54e28dc2b1f0c,Soil Health Card RKVY,660f941a5c8405ca8375c7c6,TAMIL NADU,63f9be9f519359b7438d08bb,2026-09-16T18:08:21.181Z,Kalkulam,643131,63f9c15f519359b7438d49f2,9,77.77777777777779,22.22222222222222,0.0,9,0.0,0.0,100.0,9,22.22222222222222,77.77777777777779,0.0,9,33.33333333333333,55.55555555555556,11.11111111111111,9,66.66666666666666,33.33333333333333,9,100.0,0.0,9,55.55555555555556,44.44444444444444,9,100.0,0.0,9,55.55555555555556,44.44444444444444,9,100.0,0.0,9,77.77777777777779,22.22222222222222,0.0,9,0.0,100.0,9,n_low,p_high,k_medium,OC_medium,pH_acidic,GOOD
5,1,0,6,6,0,0,6,0,6,2,3,1,0,6,0,6,THACKALAI,6194,6492fcb2680216eb6c9409cd,2026-09-07T18:11:10.092Z,2026-27,KANNIYAKUMARI,63f9c154519359b7438d48e2,0,4,2,2026-09-16T18:06:09.078Z,0,4,2,6,0,0,6,0,0,6a9efe3e96c54e28dc2b1f0d,Soil Health Card RKVY,660f941a5c8405ca8375c7c6,TAMIL NADU,63f9be9f519359b7438d08bb,2026-09-16T18:08:21.181Z,Kumarapuram,932182,63f9c160519359b7438d4a06,6,66.66666666666666,33.33333333333333,0.0,6,0.0,0.0,100.0,6,66.66666666666666,33.33333333333333,0.0,6,50.0,16.666666666666664,33.33333333333333,6,100.0,0.0,6,100.0,0.0,6,100.0,0.0,6,100.0,0.0,6,16.666666666666664,83.33333333333334,6,100.0,0.0,6,100.0,0.0,0.0,6,0.0,100.0,6,n_low,p_high,k_low,OC_low,pH_acidic,GOOD
2,0,0,2,2,0,0,2,0,2,0,0,2,0,2,0,2,THACKALAI,6194,6492fcb2680216eb6c9409cd,2026-09-07T18:11:10.092Z,2026-27,KANNIYAKUMARI,63f9c154519359b7438d48e2,0,1,1,2026-09-16T18:06:09.078Z,0,2,0,1,0,1,2,0,0,6a9efe3e96c54e28dc2b1f0e,Soil Health Card RKVY,660f941a5c8405ca8375c7c6,TAMIL NADU,63f9be9f519359b7438d08bb,2026-09-16T18:08:21.181Z,Nullivilai A,932212,63f9c160519359b7438d4a15,2,100.0,0.0,0.0,2,0.0,0.0,100.0,2,50.0,50.0,0.0,2,0.0,100.0,0.0,2,100.0,0.0,2,100.0,0.0,2,100.0,0.0,2,100.0,0.0,2,0.0,100.0,2,100.0,0.0,2,50.0,50.0,0.0,2,0.0,100.0,2,n_low,p_high,k_low,OC_medium,pH_acidic,LIMITED
1,1,0,2,2,0,0,2,0,2,0,2,0,0,2,1,1,THACKALAI,6194,6492fcb2680216eb6c9409cd,2026-09-07T18:11:10.092Z,2026-27,KANNIYAKUMARI,63f9c154519359b7438d48e2,0,0,2,2026-09-16T18:06:09.078Z,0,2,0,0,0,2,2,0,0,6a9efe3e96c54e28dc2b1f0f,Soil Health Card RKVY,660f941a5c8405ca8375c7c6,TAMIL NADU,63f9be9f519359b7438d08bb,2026-09-16T18:08:21.181Z,Kothanalloor,932179,63f9c161519359b7438d4a1f,2,100.0,0.0,0.0,2,0.0,0.0,100.0,2,0.0,100.0,0.0,2,100.0,0.0,0.0,2,100.0,0.0,2,100.0,0.0,2,50.0,50.0,2,100.0,0.0,2,50.0,50.0,2,100.0,0.0,2,0.0,100.0,0.0,2,0.0,100.0,2,n_low,p_high,k_medium,OC_low,pH_neutral,LIMITED
3,5,0,8,8,0,0,8,0,8,0,2,6,0,8,0,8,THACKALAI,6194,6492fcb2680216eb6c9409cd,2026-09-07T18:11:10.092Z,2026-27,KANNIYAKUMARI,63f9c154519359b7438d48e2,0,0,8,2026-09-16T18:06:09.078Z,0,7,1,8,0,0,8,0,0,6a9efe3e96c54e28dc2b1f10,Soil Health Card RKVY,660f941a5c8405ca8375c7c6,TAMIL NADU,63f9be9f519359b7438d08bb,2026-09-16T18:08:21.181Z,Kappiyarai B,932149,63f9c162519359b7438d4a2e,8,87.5,12.5,0.0,8,0.0,0.0,100.0,8,0.0,100.0,0.0,8,25.0,75.0,0.0,8,100.0,0.0,8,100.0,0.0,8,100.0,0.0,8,100.0,0.0,8,62.5,37.5,8,100.0,0.0,8,100.0,0.0,0.0,8,0.0,100.0,8,n_low,p_high,k_medium,OC_medium,pH_acidic,GOOD
3,5,0,8,8,0,0,8,0,8,0,2,6,0,8,1,7,THACKALAI,6194,6492fcb2680216eb6c9409cd,2026-09-07T18:11:10.093Z,2026-27,KANNIYAKUMARI,63f9c154519359b7438d48e2,0,3,5,2026-09-16T18:06:09.078Z,0,8,0,3,0,5,8,0,0,6a9efe3e96c54e28dc2b1f11,Soil Health Card RKVY,660f941a5c8405ca8375c7c6,TAMIL NADU,63f9be9f519359b7438d08bb,2026-09-16T18:08:21.181Z,Thackalai,643130,63f9c162519359b7438d4a3d,8,100.0,0.0,0.0,8,0.0,0.0,100.0,8,37.5,62.5,0.0,8,25.0,75.0,0.0,8,100.0,0.0,8,100.0,0.0,8,87.5,12.5,8,100.0,0.0,8,62.5,37.5,8,100.0,0.0,8,37.5,62.5,0.0,8,0.0,100.0,8,n_low,p_high,k_medium,OC_medium,pH_neutral,GOOD
1,0,0,1,1,0,0,1,0,1,0,1,0,0,1,0,1,THACKALAI,6194,6492fcb2680216eb6c9409cd,2026-09-07T18:11:10.093Z,2026-27,KANNIYAKUMARI,63f9c154519359b7438d48e2,0,1,0,2026-09-16T18:06:09.078Z,0,1,0,0,0,1,1,0,0,6a9efe3e96c54e28dc2b1f12,Soil Health Card RKVY,660f941a5c8405ca8375c7c6,TAMIL NADU,63f9be9f519359b7438d08bb,2026-09-16T18:08:21.181Z,Chadayamangalam,932176,63f9c163519359b7438d4a56,1,100.0,0.0,0.0,1,0.0,0.0,100.0,1,100.0,0.0,0.0,1,100.0,0.0,0.0,1,100.0,0.0,1,100.0,0.0,1,100.0,0.0,1,100.0,0.0,1,0.0,100.0,1,100.0,0.0,1,0.0,100.0,0.0,1,0.0,100.0,1,n_low,p_high,k_low,OC_low,pH_neutral,VERY_LIMITED
0,3,0,3,3,0,0,3,0,3,0,2,1,2,1,1,2,THACKALAI,6194,6492fcb2680216eb6c9409cd,2026-09-07T18:11:10.093Z,2026-27,KANNIYAKUMARI,63f9c154519359b7438d48e2,0,2,1,2026-09-16T18:06:09.078Z,0,3,0,3,0,0,3,0,0,6a9efe3e96c54e28dc2b1f13,Soil Health Card RKVY,660f941a5c8405ca8375c7c6,TAMIL NADU,63f9be9f519359b7438d08bb,2026-09-16T18:08:21.181Z,Maruthoorkurichi,932158,63f9c164519359b7438d4a60,3,100.0,0.0,0.0,3,0.0,0.0,100.0,3,66.66666666666666,33.33333333333333,0.0,3,66.66666666666666,33.33333333333333,0.0,3,33.33333333333333,66.66666666666666,3,100.0,0.0,3,66.66666666666666,33.33333333333333,3,100.0,0.0,3,100.0,0.0,3,100.0,0.0,3,100.0,0.0,0.0,3,0.0,100.0,3,n_low,p_high,k_low,OC_low,pH_acidic,LIMITED
2,6,0,8,8,0,0,8,0,8,0,1,7,3,5,3,5,THACKALAI,6194,6492fcb2680216eb6c9409cd,2026-09-07T18:11:10.093Z,2026-27,KANNIYAKUMARI,63f9c154519359b7438d48e2,1,0,7,2026-09-16T18:06:09.078Z,0,8,0,6,0,2,8,0,0,6a9efe3e96c54e28dc2b1f14,Soil Health Card RKVY,660f941a5c8405ca8375c7c6,TAMIL NADU,63f9be9f519359b7438d08bb,2026-09-16T18:08:21.181Z,Velimalai,932282,63f9c164519359b7438d4a6a,8,100.0,0.0,0.0,8,0.0,0.0,100.0,8,0.0,87.5,12.5,8,12.5,87.5,0.0,8,62.5,37.5,8,100.0,0.0,8,62.5,37.5,8,100.0,0.0,8,75.0,25.0,8,100.0,0.0,8,75.0,25.0,0.0,8,0.0,100.0,8,n_low,p_high,k_medium,OC_medium,pH_acidic,GOOD
6,3,0,9,9,0,0,9,0,9,1,3,5,0,9,0,9,THACKALAI,6194,6492fcb2680216eb6c9409cd,2026-09-07T18:11:10.093Z,2026-27,KANNIYAKUMARI,63f9c154519359b7438d48e2,0,6,3,2026-09-16T18:06:09.078Z,0,7,2,9,0,0,9,0,0,6a9efe3e96c54e28dc2b1f15,Soil Health Card RKVY,660f941a5c8405ca8375c7c6,TAMIL NADU,63f9be9f519359b7438d08bb,2026-09-16T18:08:21.181Z,Thiruvithancode,932263,63f9c165519359b7438d4a88,9,77.77777777777779,22.22222222222222,0.0,9,0.0,0.0,100.0,9,66.66666666666666,33.33333333333333,0.0,9,33.33333333333333,55.55555555555556,11.11111111111111,9,100.0,0.0,9,100.0,0.0,9,100.0,0.0,9,100.0,0.0,9,33.33333333333333,66.66666666666666,9,100.0,0.0,9,100.0,0.0,0.0,9,0.0,100.0,9,n_low,p_high,k_low,OC_medium,pH_acidic,GOOD
3,1,0,4,4,0,0,4,0,4,0,3,1,0,4,0,4,THACKALAI,6194,6492fcb2680216eb6c9409cd,2026-09-07T18:11:10.093Z,2026-27,KANNIYAKUMARI,63f9c154519359b7438d48e2,2,0,2,2026-09-16T18:06:09.078Z,0,4,0,0,0,4,4,0,0,6a9efe3e96c54e28dc2b1f16,Soil Health Card RKVY,660f941a5c8405ca8375c7c6,TAMIL NADU,63f9be9f519359b7438d08bb,2026-09-16T18:08:21.181Z,Eraniel,932209,63f9c168519359b7438d4aab,4,100.0,0.0,0.0,4,0.0,0.0,100.0,4,0.0,50.0,50.0,4,75.0,25.0,0.0,4,100.0,0.0,4,100.0,0.0,4,100.0,0.0,4,100.0,0.0,4,25.0,75.0,4,100.0,0.0,4,0.0,100.0,0.0,4,0.0,100.0,4,n_low,p_high,k_medium,OC_low,pH_neutral,LIMITED
2,0,0,2,2,0,0,2,0,2,0,1,1,0,2,0,2,THACKALAI,6194,6492fcb2680216eb6c9409cd,2026-09-07T18:11:10.093Z,2026-27,KANNIYAKUMARI,63f9c154519359b7438d48e2,1,1,0,2026-09-16T18:06:09.078Z,0,1,1,0,0,2,2,0,0,6a9efe3e96c54e28dc2b1f17,Soil Health Card RKVY,660f941a5c8405ca8375c7c6,TAMIL NADU,63f9be9f519359b7438d08bb,2026-09-16T18:08:21.181Z,Nullivilai B,932214,63f9c168519359b7438d4ab0,2,50.0,50.0,0.0,2,0.0,0.0,100.0,2,50.0,0.0,50.0,2,50.0,50.0,0.0,2,100.0,0.0,2,100.0,0.0,2,100.0,0.0,2,100.0,0.0,2,0.0,100.0,2,100.0,0.0,2,0.0,100.0,0.0,2,0.0,100.0,2,n_low,p_high,k_low,OC_low,pH_neutral,LIMITED
3,0,0,3,3,0,0,3,0,3,0,3,0,1,2,1,2,MUNCHIRA,6192,6492fcb2680216eb6c9409d1,2026-09-09T18:08:01.605Z,2026-27,KANNIYAKUMARI,63f9c154519359b7438d48e2,0,0,3,2026-09-16T18:06:09.078Z,0,3,0,2,0,1,3,0,0,6aa1a081a9301e4c4acd10db,Soil Health Card RKVY,660f941a5c8405ca8375c7c6,TAMIL NADU,63f9be9f519359b7438d08bb,2026-09-16T18:08:21.181Z,Ezhudesam C ,932385,63f9c183519359b7438d4d33,3,100.0,0.0,0.0,3,0.0,0.0,100.0,3,0.0,100.0,0.0,3,100.0,0.0,0.0,3,66.66666666666666,33.33333333333333,3,100.0,0.0,3,66.66666666666666,33.33333333333333,3,100.0,0.0,3,0.0,100.0,3,100.0,0.0,3,66.66666666666666,33.33333333333333,0.0,3,0.0,100.0,3,n_low,p_high,k_medium,OC_low,pH_acidic,LIMITED
9,3,0,12,12,0,0,12,0,12,0,12,0,5,7,7,5,MUNCHIRA,6192,6492fcb2680216eb6c9409d1,2026-09-09T18:08:01.605Z,2026-27,KANNIYAKUMARI,63f9c154519359b7438d48e2,0,0,12,2026-09-16T18:06:09.078Z,0,12,0,5,0,7,12,0,0,6aa1a081a9301e4c4acd10dc,Soil Health Card RKVY,660f941a5c8405ca8375c7c6,TAMIL NADU,63f9be9f519359b7438d08bb,2026-09-16T18:08:21.181Z,Painkulam,932386,63f9c183519359b7438d4d38,12,100.0,0.0,0.0,12,0.0,0.0,100.0,12,0.0,100.0,0.0,12,100.0,0.0,0.0,12,58.333333333333336,41.66666666666667,12,100.0,0.0,12,41.66666666666667,58.333333333333336,12,100.0,0.0,12,25.0,75.0,12,100.0,0.0,12,41.66666666666667,58.333333333333336,0.0,12,0.0,100.0,12,n_low,p_high,k_medium,OC_low,pH_neutral,GOOD
1,0,0,1,1,0,0,1,0,1,0,1,0,1,0,1,0,MUNCHIRA,6192,6492fcb2680216eb6c9409d1,2026-09-10T18:12:36.878Z,2026-27,KANNIYAKUMARI,63f9c154519359b7438d48e2,0,0,1,2026-09-16T18:06:09.078Z,0,1,0,0,0,1,1,0,0,6aa2f314dfa3538f38d2650d,Soil Health Card RKVY,660f941a5c8405ca8375c7c6,TAMIL NADU,63f9be9f519359b7438d08bb,2026-09-16T18:08:21.181Z,Arudesam,932393,63f9c183519359b7438d4d3d,1,100.0,0.0,0.0,1,0.0,0.0,100.0,1,0.0,100.0,0.0,1,100.0,0.0,0.0,1,0.0,100.0,1,100.0,0.0,1,0.0,100.0,1,100.0,0.0,1,0.0,100.0,1,100.0,0.0,1,0.0,100.0,0.0,1,0.0,100.0,1,n_low,p_high,k_medium,OC_low,pH_neutral,VERY_LIMITED
6,0,0,6,6,0,0,6,0,6,0,6,0,2,4,6,0,MUNCHIRA,6192,6492fcb2680216eb6c9409d1,2026-09-09T18:08:01.605Z,2026-27,KANNIYAKUMARI,63f9c154519359b7438d48e2,2,0,4,2026-09-16T18:06:09.078Z,0,6,0,2,0,4,6,0,0,6aa1a081a9301e4c4acd10dd,Soil Health Card RKVY,660f941a5c8405ca8375c7c6,TAMIL NADU,63f9be9f519359b7438d08bb,2026-09-16T18:08:21.181Z,Athencode,932523,63f9c184519359b7438d4d47,6,100.0,0.0,0.0,6,0.0,0.0,100.0,6,0.0,66.66666666666666,33.33333333333333,6,100.0,0.0,0.0,6,66.66666666666666,33.33333333333333,6,100.0,0.0,6,0.0,100.0,6,100.0,0.0,6,0.0,100.0,6,100.0,0.0,6,33.33333333333333,66.66666666666666,0.0,6,0.0,100.0,6,n_low,p_high,k_medium,OC_low,pH_neutral,GOOD
12,0,0,12,12,0,0,12,0,12,0,12,0,3,9,10,2,MUNCHIRA,6192,6492fcb2680216eb6c9409d1,2026-09-09T18:08:01.605Z,2026-27,KANNIYAKUMARI,63f9c154519359b7438d48e2,0,0,12,2026-09-16T18:06:09.078Z,0,12,0,10,0,2,12,0,0,6aa1a081a9301e4c4acd10de,Soil Health Card RKVY,660f941a5c8405ca8375c7c6,TAMIL NADU,63f9be9f519359b7438d08bb,2026-09-16T18:08:21.181Z,kollencode A,932368,63f9c184519359b7438d4d4c,12,100.0,0.0,0.0,12,0.0,0.0,100.0,12,0.0,100.0,0.0,12,100.0,0.0,0.0,12,75.0,25.0,12,100.0,0.0,12,16.666666666666664,83.33333333333334,12,100.0,0.0,12,0.0,100.0,12,100.0,0.0,12,83.33333333333334,16.666666666666664,0.0,12,0.0,100.0,12,n_low,p_high,k_medium,OC_low,pH_acidic,GOOD
5,0,0,5,5,0,0,5,0,5,0,5,0,1,4,5,0,MUNCHIRA,6192,6492fcb2680216eb6c9409d1,2026-09-09T18:08:01.605Z,2026-27,KANNIYAKUMARI,63f9c154519359b7438d48e2,1,0,4,2026-09-16T18:06:09.078Z,0,5,0,2,0,3,5,0,0,6aa1a081a9301e4c4acd10df,Soil Health Card RKVY,660f941a5c8405ca8375c7c6,TAMIL NADU,63f9be9f519359b7438d08bb,2026-09-16T18:08:21.181Z,Kulapuram,932521,63f9c185519359b7438d4d60,5,100.0,0.0,0.0,5,0.0,0.0,100.0,5,0.0,80.0,20.0,5,100.0,0.0,0.0,5,80.0,20.0,5,100.0,0.0,5,0.0,100.0,5,100.0,0.0,5,0.0,100.0,5,100.0,0.0,5,40.0,60.0,0.0,5,0.0,100.0,5,n_low,p_high,k_medium,OC_low,pH_neutral,GOOD
0,1,0,1,1,0,0,1,0,1,0,1,0,1,0,0,1,MUNCHIRA,6192,6492fcb2680216eb6c9409d1,2026-09-09T18:08:01.605Z,2026-27,KANNIYAKUMARI,63f9c154519359b7438d48e2,0,0,1,2026-09-16T18:06:09.078Z,0,1,0,0,0,1,1,0,0,6aa1a081a9301e4c4acd10e0,Soil Health Card RKVY,660f941a5c8405ca8375c7c6,TAMIL NADU,63f9be9f519359b7438d08bb,2026-09-16T18:08:21.181Z,Kollencode B,932373,63f9c186519359b7438d4d79,1,100.0,0.0,0.0,1,0.0,0.0,100.0,1,0.0,100.0,0.0,1,100.0,0.0,0.0,1,0.0,100.0,1,100.0,0.0,1,100.0,0.0,1,100.0,0.0,1,100.0,0.0,1,100.0,0.0,1,0.0,100.0,0.0,1,0.0,100.0,1,n_low,p_high,k_medium,OC_low,pH_neutral,VERY_LIMITED
7,1,0,8,8,0,0,8,0,8,0,8,0,2,6,8,0,MUNCHIRA,6192,6492fcb2680216eb6c9409d1,2026-09-09T18:08:01.605Z,2026-27,KANNIYAKUMARI,63f9c154519359b7438d48e2,0,0,8,2026-09-16T18:06:09.078Z,0,8,0,7,0,1,8,0,0,6aa1a081a9301e4c4acd10e1,Soil Health Card RKVY,660f941a5c8405ca8375c7c6,TAMIL NADU,63f9be9f519359b7438d08bb,2026-09-16T18:08:21.181Z,Munchirai,932394,63f9c186519359b7438d4d8d,8,100.0,0.0,0.0,8,0.0,0.0,100.0,8,0.0,100.0,0.0,8,100.0,0.0,0.0,8,75.0,25.0,8,100.0,0.0,8,0.0,100.0,8,100.0,0.0,8,12.5,87.5,8,100.0,0.0,8,87.5,12.5,0.0,8,0.0,100.0,8,n_low,p_high,k_medium,OC_low,pH_acidic,GOOD
1,0,0,1,1,0,0,1,0,1,0,1,0,1,0,1,0,MUNCHIRA,6192,6492fcb2680216eb6c9409d1,2026-09-09T18:08:01.605Z,2026-27,KANNIYAKUMARI,63f9c154519359b7438d48e2,1,0,0,2026-09-16T18:06:09.078Z,0,1,0,1,0,0,1,0,0,6aa1a081a9301e4c4acd10e2,Soil Health Card RKVY,660f941a5c8405ca8375c7c6,TAMIL NADU,63f9be9f519359b7438d08bb,2026-09-16T18:08:21.181Z,Adaikkakuzhi,932397,63f9c187519359b7438d4d92,1,100.0,0.0,0.0,1,0.0,0.0,100.0,1,0.0,0.0,100.0,1,100.0,0.0,0.0,1,0.0,100.0,1,100.0,0.0,1,0.0,100.0,1,100.0,0.0,1,0.0,100.0,1,100.0,0.0,1,100.0,0.0,0.0,1,0.0,100.0,1,n_low,p_high,k_high,OC_low,pH_acidic,VERY_LIMITED
1,0,0,1,1,0,0,1,0,1,0,1,0,0,1,1,0,MUNCHIRA,6192,6492fcb2680216eb6c9409d1,2026-09-09T18:08:01.605Z,2026-27,KANNIYAKUMARI,63f9c154519359b7438d48e2,0,0,1,2026-09-16T18:06:09.078Z,0,1,0,1,0,0,1,0,0,6aa1a081a9301e4c4acd10e3,Soil Health Card RKVY,660f941a5c8405ca8375c7c6,TAMIL NADU,63f9be9f519359b7438d08bb,2026-09-16T18:08:21.181Z,Choozhal (CT),643112,63f9c188519359b7438d4dab,1,100.0,0.0,0.0,1,0.0,0.0,100.0,1,0.0,100.0,0.0,1,100.0,0.0,0.0,1,100.0,0.0,1,100.0,0.0,1,0.0,100.0,1,100.0,0.0,1,0.0,100.0,1,100.0,0.0,1,100.0,0.0,0.0,1,0.0,100.0,1,n_low,p_high,k_medium,OC_low,pH_acidic,VERY_LIMITED
1,0,0,1,1,0,0,1,0,1,0,1,0,1,0,1,0,MUNCHIRA,6192,6492fcb2680216eb6c9409d1,2026-09-09T18:08:01.605Z,2026-27,KANNIYAKUMARI,63f9c154519359b7438d48e2,0,0,1,2026-09-16T18:06:09.078Z,0,1,0,0,0,1,1,0,0,6aa1a081a9301e4c4acd10e4,Soil Health Card RKVY,660f941a5c8405ca8375c7c6,TAMIL NADU,63f9be9f519359b7438d08bb,2026-09-16T18:08:21.181Z,Choozhal,932374,63f9c188519359b7438d4db0,1,100.0,0.0,0.0,1,0.0,0.0,100.0,1,0.0,100.0,0.0,1,100.0,0.0,0.0,1,0.0,100.0,1,100.0,0.0,1,0.0,100.0,1,100.0,0.0,1,0.0,100.0,1,100.0,0.0,1,0.0,100.0,0.0,1,0.0,100.0,1,n_low,p_high,k_medium,OC_low,pH_neutral,VERY_LIMITED
9,2,0,11,11,0,0,11,0,11,0,11,0,4,7,7,4,MUNCHIRA,6192,6492fcb2680216eb6c9409d1,2026-09-09T18:08:01.606Z,2026-27,KANNIYAKUMARI,63f9c154519359b7438d48e2,1,0,10,2026-09-16T18:06:09.078Z,0,11,0,6,0,5,11,0,0,6aa1a081a9301e4c4acd10e5,Soil Health Card RKVY,660f941a5c8405ca8375c7c6,TAMIL NADU,63f9be9f519359b7438d08bb,2026-09-16T18:08:21.181Z,Thengapattanam,932390,63f9c188519359b7438d4dbf,11,100.0,0.0,0.0,11,0.0,0.0,100.0,11,0.0,90.9090909090909,9.090909090909092,11,100.0,0.0,0.0,11,63.63636363636363,36.36363636363637,11,100.0,0.0,11,36.36363636363637,63.63636363636363,11,100.0,0.0,11,18.181818181818183,81.81818181818183,11,100.0,0.0,11,54.54545454545454,45.45454545454545,0.0,11,0.0,100.0,11,n_low,p_high,k_medium,OC_low,pH_acidic,GOOD
3,1,0,4,4,0,0,4,0,4,0,4,0,0,4,4,0,MUNCHIRA,6192,6492fcb2680216eb6c9409d1,2026-09-09T18:08:01.606Z,2026-27,KANNIYAKUMARI,63f9c154519359b7438d48e2,1,0,3,2026-09-16T18:06:09.078Z,0,4,0,2,0,2,4,0,0,6aa1a081a9301e4c4acd10e6,Soil Health Card RKVY,660f941a5c8405ca8375c7c6,TAMIL NADU,63f9be9f519359b7438d08bb,2026-09-16T18:08:21.181Z,Kulappuram (CT),643108,63f9c189519359b7438d4dc9,4,100.0,0.0,0.0,4,0.0,0.0,100.0,4,0.0,75.0,25.0,4,100.0,0.0,0.0,4,100.0,0.0,4,100.0,0.0,4,0.0,100.0,4,100.0,0.0,4,25.0,75.0,4,100.0,0.0,4,50.0,50.0,0.0,4,0.0,100.0,4,n_low,p_high,k_medium,OC_low,pH_acidic,LIMITED
4,0,0,4,4,0,0,4,0,4,0,0,4,1,3,0,4,THIRUVATTAR,6195,6492fcb2680216eb6c9409d5,2026-08-17T17:52:49.838Z,2026-27,KANNIYAKUMARI,63f9c154519359b7438d48e2,3,0,1,2026-09-16T18:06:09.078Z,0,4,0,0,0,4,4,0,0,6a834a71f6e224ac5e5eab08,Soil Health Card RKVY,660f941a5c8405ca8375c7c6,TAMIL NADU,63f9be9f519359b7438d08bb,2026-09-16T18:08:21.181Z,Veeyanoor B,932275,63f9c17c519359b7438d4c96,4,100.0,0.0,0.0,4,0.0,0.0,100.0,4,0.0,25.0,75.0,4,0.0,100.0,0.0,4,75.0,25.0,4,100.0,0.0,4,100.0,0.0,4,100.0,0.0,4,0.0,100.0,4,100.0,0.0,4,0.0,100.0,0.0,4,0.0,100.0,4,n_low,p_high,k_high,OC_medium,pH_neutral,LIMITED
9,3,1,11,12,0,0,12,0,12,1,5,6,1,11,0,12,THIRUVATTAR,6195,6492fcb2680216eb6c9409d5,2026-08-17T17:52:49.838Z,2026-27,KANNIYAKUMARI,63f9c154519359b7438d48e2,10,0,2,2026-09-16T18:06:09.078Z,0,10,2,2,0,10,8,0,4,6a834a71f6e224ac5e5eab09,Soil Health Card RKVY,660f941a5c8405ca8375c7c6,TAMIL NADU,63f9be9f519359b7438d08bb,2026-09-16T18:08:21.181Z,Cherukole,932162,63f9c17f519359b7438d4cd2,12,83.33333333333334,16.666666666666664,0.0,12,0.0,33.33333333333333,66.66666666666666,12,0.0,16.666666666666664,83.33333333333334,12,41.66666666666667,50.0,8.333333333333332,12,91.66666666666666,8.333333333333332,12,100.0,0.0,12,100.0,0.0,12,91.66666666666666,8.333333333333332,12,25.0,75.0,12,100.0,0.0,12,16.666666666666664,83.33333333333334,0.0,12,0.0,100.0,12,n_low,p_high,k_high,OC_medium,pH_neutral,GOOD
0,1,0,1,1,0,0,1,0,1,0,0,1,0,1,0,1,THIRUVATTAR,6195,6492fcb2680216eb6c9409d5,2026-08-17T17:52:49.838Z,2026-27,KANNIYAKUMARI,63f9c154519359b7438d48e2,0,0,1,2026-09-16T18:06:09.078Z,0,1,0,0,0,1,1,0,0,6a834a71f6e224ac5e5eab0a,Soil Health Card RKVY,660f941a5c8405ca8375c7c6,TAMIL NADU,63f9be9f519359b7438d08bb,2026-09-16T18:08:21.181Z,Thumbacode B,932290,63f9c17f519359b7438d4cd7,1,100.0,0.0,0.0,1,0.0,0.0,100.0,1,0.0,100.0,0.0,1,0.0,100.0,0.0,1,100.0,0.0,1,100.0,0.0,1,100.0,0.0,1,100.0,0.0,1,100.0,0.0,1,100.0,0.0,1,0.0,100.0,0.0,1,0.0,100.0,1,n_low,p_high,k_medium,OC_medium,pH_neutral,VERY_LIMITED
20,2,0,22,22,0,0,22,0,22,5,6,11,4,18,0,22,THIRUVATTAR,6195,6492fcb2680216eb6c9409d5,2026-08-17T17:52:49.838Z,2026-27,KANNIYAKUMARI,63f9c154519359b7438d48e2,16,0,6,2026-09-16T18:06:09.078Z,0,17,5,0,0,22,20,0,2,6a834a71f6e224ac5e5eab0b,Soil Health Card RKVY,660f941a5c8405ca8375c7c6,TAMIL NADU,63f9be9f519359b7438d08bb,2026-09-16T18:08:21.181Z,Thumbacode A,932288,63f9c17f519359b7438d4ce1,22,77.27272727272727,22.727272727272727,0.0,22,0.0,9.090909090909092,90.9090909090909,22,0.0,27.27272727272727,72.72727272727273,22,27.27272727272727,50.0,22.727272727272727,22,81.81818181818183,18.181818181818183,22,100.0,0.0,22,100.0,0.0,22,100.0,0.0,22,9.090909090909092,90.9090909090909,22,100.0,0.0,22,0.0,100.0,0.0,22,0.0,100.0,22,n_low,p_high,k_high,OC_medium,pH_neutral,GOOD
6,2,0,8,8,0,0,8,0,8,2,4,2,1,7,0,8,THIRUVATTAR,6195,6492fcb2680216eb6c9409d5,2026-08-17T17:52:49.838Z,2026-27,KANNIYAKUMARI,63f9c154519359b7438d48e2,6,0,2,2026-09-16T18:06:09.078Z,0,6,2,1,0,7,8,0,0,6a834a71f6e224ac5e5eab0c,Soil Health Card RKVY,660f941a5c8405ca8375c7c6,TAMIL NADU,63f9be9f519359b7438d08bb,2026-09-16T18:08:21.181Z,Yettacode,932163,63f9c181519359b7438d4d09,8,75.0,25.0,0.0,8,0.0,0.0,100.0,8,0.0,25.0,75.0,8,50.0,25.0,25.0,8,87.5,12.5,8,100.0,0.0,8,100.0,0.0,8,100.0,0.0,8,25.0,75.0,8,100.0,0.0,8,12.5,87.5,0.0,8,0.0,100.0,8,n_low,p_high,k_high,OC_low,pH_neutral,GOOD
6,6,0,12,12,0,0,12,0,12,1,7,4,2,10,0,12,THIRUVATTAR,6195,6492fcb2680216eb6c9409d5,2026-08-17T17:52:49.838Z,2026-27,KANNIYAKUMARI,63f9c154519359b7438d48e2,8,1,3,2026-09-16T18:06:09.078Z,0,11,1,0,0,12,11,0,1,6a834a71f6e224ac5e5eab0d,Soil Health Card RKVY,660f941a5c8405ca8375c7c6,TAMIL NADU,63f9be9f519359b7438d08bb,2026-09-16T18:08:21.181Z,Attoor,932159,63f9c181519359b7438d4d13,12,91.66666666666666,8.333333333333332,0.0,12,0.0,8.333333333333332,91.66666666666666,12,8.333333333333332,25.0,66.66666666666666,12,58.333333333333336,33.33333333333333,8.333333333333332,12,83.33333333333334,16.666666666666664,12,100.0,0.0,12,100.0,0.0,12,100.0,0.0,12,50.0,50.0,12,100.0,0.0,12,0.0,100.0,0.0,12,0.0,100.0,12,n_low,p_high,k_high,OC_low,pH_neutral,GOOD
2,1,0,3,3,0,0,3,0,3,0,0,3,0,3,0,3,THIRUVATTAR,6195,6492fcb2680216eb6c9409d5,2026-08-17T17:52:49.838Z,2026-27,KANNIYAKUMARI,63f9c154519359b7438d48e2,2,0,1,2026-09-16T18:06:09.078Z,0,1,2,0,0,3,3,0,0,6a834a71f6e224ac5e5eab0e,Soil Health Card RKVY,660f941a5c8405ca8375c7c6,TAMIL NADU,63f9be9f519359b7438d08bb,2026-09-16T18:08:21.181Z,Thiruvattar,932190,63f9c182519359b7438d4d18,3,33.33333333333333,66.66666666666666,0.0,3,0.0,0.0,100.0,3,0.0,33.33333333333333,66.66666666666666,3,0.0,100.0,0.0,3,100.0,0.0,3,100.0,0.0,3,100.0,0.0,3,100.0,0.0,3,33.33333333333333,66.66666666666666,3,100.0,0.0,3,0.0,100.0,0.0,3,0.0,100.0,3,n_medium,p_high,k_high,OC_medium,pH_neutral,LIMITED
4,0,0,4,4,0,0,4,0,4,0,3,1,0,4,0,4,THIRUVATTAR,6195,6492fcb2680216eb6c9409d5,2026-08-17T17:52:49.838Z,2026-27,KANNIYAKUMARI,63f9c154519359b7438d48e2,3,0,1,2026-09-16T18:06:09.078Z,0,3,1,0,0,4,4,0,0,6a834a71f6e224ac5e5eab0f,Soil Health Card RKVY,660f941a5c8405ca8375c7c6,TAMIL NADU,63f9be9f519359b7438d08bb,2026-09-16T18:08:21.181Z,Kannanoor,932279,63f9c182519359b7438d4d1d,4,75.0,25.0,0.0,4,0.0,0.0,100.0,4,0.0,25.0,75.0,4,75.0,25.0,0.0,4,100.0,0.0,4,100.0,0.0,4,100.0,0.0,4,100.0,0.0,4,0.0,100.0,4,100.0,0.0,4,0.0,100.0,0.0,4,0.0,100.0,4,n_low,p_high,k_high,OC_low,pH_neutral,LIMITED
0,1,0,1,1,0,0,1,0,1,0,0,1,0,1,0,1,THIRUVATTAR,6195,6492fcb2680216eb6c9409d5,2026-08-17T17:52:49.838Z,2026-27,KANNIYAKUMARI,63f9c154519359b7438d48e2,0,0,1,2026-09-16T18:06:09.078Z,0,1,0,0,0,1,1,0,0,6a834a71f6e224ac5e5eab10,Soil Health Card RKVY,660f941a5c8405ca8375c7c6,TAMIL NADU,63f9be9f519359b7438d08bb,2026-09-16T18:08:21.181Z,Veeyanoor A,932273,63f9c182519359b7438d4d27,1,100.0,0.0,0.0,1,0.0,0.0,100.0,1,0.0,100.0,0.0,1,0.0,100.0,0.0,1,100.0,0.0,1,100.0,0.0,1,100.0,0.0,1,100.0,0.0,1,100.0,0.0,1,100.0,0.0,1,0.0,100.0,0.0,1,0.0,100.0,1,n_low,p_high,k_medium,OC_medium,pH_neutral,VERY_LIMITED
4,1,0,5,5,0,0,5,0,5,0,5,0,1,4,5,0,THOVALA,6196,6492fcb2680216eb6c9409d7,2026-09-10T18:12:36.876Z,2026-27,KANNIYAKUMARI,63f9c154519359b7438d48e2,1,0,4,2026-09-16T18:06:09.078Z,0,5,0,0,0,5,5,0,0,6aa2f314dfa3538f38d26504,Soil Health Card RKVY,660f941a5c8405ca8375c7c6,TAMIL NADU,63f9be9f519359b7438d08bb,2026-09-16T18:08:21.181Z,Veeramarthandanputhur,932134,63f9c169519359b7438d4ad0,5,100.0,0.0,0.0,5,0.0,0.0,100.0,5,0.0,80.0,20.0,5,100.0,0.0,0.0,5,80.0,20.0,5,100.0,0.0,5,0.0,100.0,5,100.0,0.0,5,20.0,80.0,5,100.0,0.0,5,0.0,100.0,0.0,5,0.0,100.0,5,n_low,p_high,k_medium,OC_low,pH_neutral,GOOD
4,0,0,4,4,0,0,4,0,4,0,4,0,0,4,4,0,THOVALA,6196,6492fcb2680216eb6c9409d7,2026-09-10T18:12:36.876Z,2026-27,KANNIYAKUMARI,63f9c154519359b7438d48e2,0,0,4,2026-09-16T18:06:09.078Z,0,4,0,0,0,4,4,0,0,6aa2f314dfa3538f38d26505,Soil Health Card RKVY,660f941a5c8405ca8375c7c6,TAMIL NADU,63f9be9f519359b7438d08bb,2026-09-16T18:08:21.181Z,Thazhakudy,932129,63f9c16a519359b7438d4ae4,4,100.0,0.0,0.0,4,0.0,0.0,100.0,4,0.0,100.0,0.0,4,100.0,0.0,0.0,4,100.0,0.0,4,100.0,0.0,4,0.0,100.0,4,100.0,0.0,4,0.0,100.0,4,100.0,0.0,4,0.0,100.0,0.0,4,0.0,100.0,4,n_low,p_high,k_medium,OC_low,pH_neutral,LIMITED
2,1,0,3,3,0,0,3,0,3,0,3,0,0,3,3,0,THOVALA,6196,6492fcb2680216eb6c9409d7,2026-09-10T18:12:36.876Z,2026-27,KANNIYAKUMARI,63f9c154519359b7438d48e2,1,0,2,2026-09-16T18:06:09.078Z,0,3,0,0,0,3,3,0,0,6aa2f314dfa3538f38d26506,Soil Health Card RKVY,660f941a5c8405ca8375c7c6,TAMIL NADU,63f9be9f519359b7438d08bb,2026-09-16T18:08:21.181Z,Erachakulam,643152,63f9c16c519359b7438d4b16,3,100.0,0.0,0.0,3,0.0,0.0,100.0,3,0.0,66.66666666666666,33.33333333333333,3,100.0,0.0,0.0,3,100.0,0.0,3,100.0,0.0,3,0.0,100.0,3,100.0,0.0,3,33.33333333333333,66.66666666666666,3,100.0,0.0,3,0.0,100.0,0.0,3,0.0,100.0,3,n_low,p_high,k_medium,OC_low,pH_neutral,LIMITED
3,2,0,5,5,0,0,5,0,5,0,5,0,2,3,5,0,THOVALA,6196,6492fcb2680216eb6c9409d7,2026-09-10T18:12:36.876Z,2026-27,KANNIYAKUMARI,63f9c154519359b7438d48e2,0,0,5,2026-09-16T18:06:09.078Z,0,5,0,0,0,5,5,0,0,6aa2f314dfa3538f38d26507,Soil Health Card RKVY,660f941a5c8405ca8375c7c6,TAMIL NADU,63f9be9f519359b7438d08bb,2026-09-16T18:08:21.181Z,Chenbagaramanputhur,932130,63f9c16d519359b7438d4b2f,5,100.0,0.0,0.0,5,0.0,0.0,100.0,5,0.0,100.0,0.0,5,100.0,0.0,0.0,5,60.0,40.0,5,100.0,0.0,5,0.0,100.0,5,100.0,0.0,5,40.0,60.0,5,100.0,0.0,5,0.0,100.0,0.0,5,0.0,100.0,5,n_low,p_high,k_medium,OC_low,pH_neutral,GOOD
1,0,0,1,1,0,0,1,0,1,0,1,0,0,1,1,0,THOVALA,6196,6492fcb2680216eb6c9409d7,2026-09-10T18:12:36.876Z,2026-27,KANNIYAKUMARI,63f9c154519359b7438d48e2,0,0,1,2026-09-16T18:06:09.078Z,0,1,0,0,0,1,1,0,0,6aa2f314dfa3538f38d26508,Soil Health Card RKVY,660f941a5c8405ca8375c7c6,TAMIL NADU,63f9be9f519359b7438d08bb,2026-09-16T18:08:21.181Z,Madavalayam,932132,63f9c16e519359b7438d4b39,1,100.0,0.0,0.0,1,0.0,0.0,100.0,1,0.0,100.0,0.0,1,100.0,0.0,0.0,1,100.0,0.0,1,100.0,0.0,1,0.0,100.0,1,100.0,0.0,1,0.0,100.0,1,100.0,0.0,1,0.0,100.0,0.0,1,0.0,100.0,1,n_low,p_high,k_medium,OC_low,pH_neutral,VERY_LIMITED
3,1,0,4,4,0,0,4,0,4,0,4,0,0,4,1,3,THOVALA,6196,6492fcb2680216eb6c9409d7,2026-09-10T18:12:36.876Z,2026-27,KANNIYAKUMARI,63f9c154519359b7438d48e2,0,0,4,2026-09-16T18:06:09.078Z,0,4,0,0,0,4,4,0,0,6aa2f314dfa3538f38d26509,Soil Health Card RKVY,660f941a5c8405ca8375c7c6,TAMIL NADU,63f9be9f519359b7438d08bb,2026-09-16T18:08:21.181Z,Thirupathisaram,643153,63f9c16f519359b7438d4b52,4,100.0,0.0,0.0,4,0.0,0.0,100.0,4,0.0,100.0,0.0,4,100.0,0.0,0.0,4,100.0,0.0,4,100.0,0.0,4,75.0,25.0,4,100.0,0.0,4,25.0,75.0,4,100.0,0.0,4,0.0,100.0,0.0,4,0.0,100.0,4,n_low,p_high,k_medium,OC_low,pH_neutral,LIMITED
7,0,0,7,7,0,0,7,0,7,0,7,0,0,7,3,4,MELPURAM,6191,6492fcb2680216eb6c9409d9,2026-08-17T17:52:49.837Z,2026-27,KANNIYAKUMARI,63f9c154519359b7438d48e2,4,0,3,2026-09-16T18:06:09.078Z,0,7,0,0,0,7,7,0,0,6a834a71f6e224ac5e5eaaf7,Soil Health Card RKVY,660f941a5c8405ca8375c7c6,TAMIL NADU,63f9be9f519359b7438d08bb,2026-09-16T18:08:21.181Z,Kadayal,932484,63f9c154519359b7438d48e7,7,100.0,0.0,0.0,7,0.0,0.0,100.0,7,0.0,42.857142857142854,57.14285714285714,7,100.0,0.0,0.0,7,100.0,0.0,7,100.0,0.0,7,57.14285714285714,42.857142857142854,7,100.0,0.0,7,0.0,100.0,7,100.0,0.0,7,0.0,100.0,0.0,7,0.0,100.0,7,n_low,p_high,k_high,OC_low,pH_neutral,GOOD
2,0,0,2,2,0,0,2,0,2,0,2,0,0,2,0,2,MELPURAM,6191,6492fcb2680216eb6c9409d9,2026-08-17T17:52:49.837Z,2026-27,KANNIYAKUMARI,63f9c154519359b7438d48e2,2,0,0,2026-09-16T18:06:09.078Z,0,2,0,0,0,2,2,0,0,6a834a71f6e224ac5e5eaaf8,Soil Health Card RKVY,660f941a5c8405ca8375c7c6,TAMIL NADU,63f9be9f519359b7438d08bb,2026-09-16T18:08:21.181Z,Palugal,932423,63f9c154519359b7438d48f1,2,100.0,0.0,0.0,2,0.0,0.0,100.0,2,0.0,0.0,100.0,2,100.0,0.0,0.0,2,100.0,0.0,2,100.0,0.0,2,100.0,0.0,2,100.0,0.0,2,0.0,100.0,2,100.0,0.0,2,0.0,100.0,0.0,2,0.0,100.0,2,n_low,p_high,k_high,OC_low,pH_neutral,LIMITED
2,1,0,3,3,0,0,3,0,3,0,3,0,1,2,0,3,MELPURAM,6191,6492fcb2680216eb6c9409d9,2026-08-17T17:52:49.837Z,2026-27,KANNIYAKUMARI,63f9c154519359b7438d48e2,1,0,2,2026-09-16T18:06:09.078Z,0,3,0,0,0,3,3,0,0,6a834a71f6e224ac5e5eaaf9,Soil Health Card RKVY,660f941a5c8405ca8375c7c6,TAMIL NADU,63f9be9f519359b7438d08bb,2026-09-16T18:08:21.181Z,Devicode,932427,63f9c155519359b7438d4905,3,100.0,0.0,0.0,3,0.0,0.0,100.0,3,0.0,66.66666666666666,33.33333333333333,3,100.0,0.0,0.0,3,66.66666666666666,33.33333333333333,3,100.0,0.0,3,100.0,0.0,3,100.0,0.0,3,33.33333333333333,66.66666666666666,3,100.0,0.0,3,0.0,100.0,0.0,3,0.0,100.0,3,n_low,p_high,k_medium,OC_low,pH_neutral,LIMITED
1,0,0,1,1,0,0,1,0,1,0,1,0,0,1,1,0,MELPURAM,6191,6492fcb2680216eb6c9409d9,2026-08-17T17:52:49.837Z,2026-27,KANNIYAKUMARI,63f9c154519359b7438d48e2,0,0,1,2026-09-16T18:06:09.078Z,0,1,0,0,0,1,1,0,0,6a834a71f6e224ac5e5eaafa,Soil Health Card RKVY,660f941a5c8405ca8375c7c6,TAMIL NADU,63f9be9f519359b7438d08bb,2026-09-16T18:08:21.181Z,Vilavancode,932411,63f9c156519359b7438d491e,1,100.0,0.0,0.0,1,0.0,0.0,100.0,1,0.0,100.0,0.0,1,100.0,0.0,0.0,1,100.0,0.0,1,100.0,0.0,1,0.0,100.0,1,100.0,0.0,1,0.0,100.0,1,100.0,0.0,1,0.0,100.0,0.0,1,0.0,100.0,1,n_low,p_high,k_medium,OC_low,pH_neutral,VERY_LIMITED
4,0,0,4,4,0,0,4,0,4,0,4,0,1,3,0,4,MELPURAM,6191,6492fcb2680216eb6c9409d9,2026-08-17T17:52:49.837Z,2026-27,KANNIYAKUMARI,63f9c154519359b7438d48e2,1,0,3,2026-09-16T18:06:09.078Z,0,4,0,1,0,3,4,0,0,6a834a71f6e224ac5e5eaafb,Soil Health Card RKVY,660f941a5c8405ca8375c7c6,TAMIL NADU,63f9be9f519359b7438d08bb,2026-09-16T18:08:21.181Z,Edaicode,643094,63f9c157519359b7438d493c,4,100.0,0.0,0.0,4,0.0,0.0,100.0,4,0.0,75.0,25.0,4,100.0,0.0,0.0,4,75.0,25.0,4,100.0,0.0,4,100.0,0.0,4,100.0,0.0,4,0.0,100.0,4,100.0,0.0,4,25.0,75.0,0.0,4,0.0,100.0,4,n_low,p_high,k_medium,OC_low,pH_neutral,LIMITED
1,1,0,2,2,0,0,2,0,2,0,2,0,1,1,1,1,MELPURAM,6191,6492fcb2680216eb6c9409d9,2026-08-17T17:52:49.837Z,2026-27,KANNIYAKUMARI,63f9c154519359b7438d48e2,0,0,2,2026-09-16T18:06:09.078Z,0,2,0,0,0,2,2,0,0,6a834a71f6e224ac5e5eaafc,Soil Health Card RKVY,660f941a5c8405ca8375c7c6,TAMIL NADU,63f9be9f519359b7438d08bb,2026-09-16T18:08:21.181Z,Pacode B,932410,63f9c158519359b7438d4950,2,100.0,0.0,0.0,2,0.0,0.0,100.0,2,0.0,100.0,0.0,2,100.0,0.0,0.0,2,50.0,50.0,2,100.0,0.0,2,50.0,50.0,2,100.0,0.0,2,50.0,50.0,2,100.0,0.0,2,0.0,100.0,0.0,2,0.0,100.0,2,n_low,p_high,k_medium,OC_low,pH_neutral,LIMITED
4,1,0,5,5,0,0,5,0,5,0,5,0,0,5,3,2,MELPURAM,6191,6492fcb2680216eb6c9409d9,2026-08-17T17:52:49.837Z,2026-27,KANNIYAKUMARI,63f9c154519359b7438d48e2,0,0,5,2026-09-16T18:06:09.078Z,0,5,0,0,0,5,5,0,0,6a834a71f6e224ac5e5eaafd,Soil Health Card RKVY,660f941a5c8405ca8375c7c6,TAMIL NADU,63f9be9f519359b7438d08bb,2026-09-16T18:08:21.181Z,Malaiyadi,932425,63f9c159519359b7438d495a,5,100.0,0.0,0.0,5,0.0,0.0,100.0,5,0.0,100.0,0.0,5,100.0,0.0,0.0,5,100.0,0.0,5,100.0,0.0,5,40.0,60.0,5,100.0,0.0,5,20.0,80.0,5,100.0,0.0,5,0.0,100.0,0.0,5,0.0,100.0,5,n_low,p_high,k_medium,OC_low,pH_neutral,GOOD
7,0,0,7,7,0,0,7,0,7,0,7,0,1,6,2,5,MELPURAM,6191,6492fcb2680216eb6c9409d9,2026-08-17T17:52:49.837Z,2026-27,KANNIYAKUMARI,63f9c154519359b7438d48e2,2,0,5,2026-09-16T18:06:09.078Z,0,7,0,3,0,4,7,0,0,6a834a71f6e224ac5e5eaafe,Soil Health Card RKVY,660f941a5c8405ca8375c7c6,TAMIL NADU,63f9be9f519359b7438d08bb,2026-09-16T18:08:21.181Z,Mancode,932537,63f9c159519359b7438d4964,7,100.0,0.0,0.0,7,0.0,0.0,100.0,7,0.0,71.42857142857143,28.57142857142857,7,100.0,0.0,0.0,7,85.71428571428571,14.285714285714285,7,100.0,0.0,7,71.42857142857143,28.57142857142857,7,100.0,0.0,7,0.0,100.0,7,100.0,0.0,7,42.857142857142854,57.14285714285714,0.0,7,0.0,100.0,7,n_low,p_high,k_medium,OC_low,pH_neutral,GOOD
2,0,0,2,2,0,0,2,0,2,0,2,0,0,2,0,2,MELPURAM,6191,6492fcb2680216eb6c9409d9,2026-08-17T17:52:49.837Z,2026-27,KANNIYAKUMARI,63f9c154519359b7438d48e2,1,0,1,2026-09-16T18:06:09.078Z,0,2,0,0,0,2,1,0,1,6a834a71f6e224ac5e5eaaff,Soil Health Card RKVY,660f941a5c8405ca8375c7c6,TAMIL NADU,63f9be9f519359b7438d08bb,2026-09-16T18:08:21.181Z,Anducode A,932525,63f9c159519359b7438d4969,2,100.0,0.0,0.0,2,0.0,50.0,50.0,2,0.0,50.0,50.0,2,100.0,0.0,0.0,2,100.0,0.0,2,100.0,0.0,2,100.0,0.0,2,100.0,0.0,2,0.0,100.0,2,100.0,0.0,2,0.0,100.0,0.0,2,0.0,100.0,2,n_low,p_medium,k_medium,OC_low,pH_neutral,LIMITED
1,0,0,1,1,0,0,1,0,1,0,1,0,0,1,0,1,MELPURAM,6191,6492fcb2680216eb6c9409d9,2026-08-17T17:52:49.837Z,2026-27,KANNIYAKUMARI,63f9c154519359b7438d48e2,0,0,1,2026-09-16T18:06:09.078Z,0,1,0,0,0,1,1,0,0,6a834a71f6e224ac5e5eab00,Soil Health Card RKVY,660f941a5c8405ca8375c7c6,TAMIL NADU,63f9be9f519359b7438d08bb,2026-09-16T18:08:21.181Z,Vellamcode,932530,63f9c159519359b7438d496e,1,100.0,0.0,0.0,1,0.0,0.0,100.0,1,0.0,100.0,0.0,1,100.0,0.0,0.0,1,100.0,0.0,1,100.0,0.0,1,100.0,0.0,1,100.0,0.0,1,0.0,100.0,1,100.0,0.0,1,0.0,100.0,0.0,1,0.0,100.0,1,n_low,p_high,k_medium,OC_low,pH_neutral,VERY_LIMITED
4,0,0,4,4,0,0,4,0,4,0,4,0,1,3,2,2,MELPURAM,6191,6492fcb2680216eb6c9409d9,2026-08-17T17:52:49.838Z,2026-27,KANNIYAKUMARI,63f9c154519359b7438d48e2,1,0,3,2026-09-16T18:06:09.078Z,0,4,0,2,0,2,4,0,0,6a834a71f6e224ac5e5eab01,Soil Health Card RKVY,660f941a5c8405ca8375c7c6,TAMIL NADU,63f9be9f519359b7438d08bb,2026-09-16T18:08:21.181Z,Pacode A,932405,63f9c15a519359b7438d4987,4,100.0,0.0,0.0,4,0.0,0.0,100.0,4,0.0,75.0,25.0,4,100.0,0.0,0.0,4,75.0,25.0,4,100.0,0.0,4,50.0,50.0,4,100.0,0.0,4,0.0,100.0,4,100.0,0.0,4,50.0,50.0,0.0,4,0.0,100.0,4,n_low,p_high,k_medium,OC_low,pH_acidic,LIMITED
1,0,0,1,1,0,0,1,0,1,0,1,0,0,1,0,1,MELPURAM,6191,6492fcb2680216eb6c9409d9,2026-08-17T17:52:49.838Z,2026-27,KANNIYAKUMARI,63f9c154519359b7438d48e2,1,0,0,2026-09-16T18:06:09.078Z,0,1,0,1,0,0,1,0,0,6a834a71f6e224ac5e5eab02,Soil Health Card RKVY,660f941a5c8405ca8375c7c6,TAMIL NADU,63f9be9f519359b7438d08bb,2026-09-16T18:08:21.181Z,Muzhucode,932533,63f9c15c519359b7438d49a5,1,100.0,0.0,0.0,1,0.0,0.0,100.0,1,0.0,0.0,100.0,1,100.0,0.0,0.0,1,100.0,0.0,1,100.0,0.0,1,100.0,0.0,1,100.0,0.0,1,0.0,100.0,1,100.0,0.0,1,100.0,0.0,0.0,1,0.0,100.0,1,n_low,p_high,k_high,OC_low,pH_acidic,VERY_LIMITED
1,0,0,1,1,0,0,1,0,1,0,1,0,0,1,0,1,MELPURAM,6191,6492fcb2680216eb6c9409d9,2026-08-17T17:52:49.838Z,2026-27,KANNIYAKUMARI,63f9c154519359b7438d48e2,0,0,1,2026-09-16T18:06:09.078Z,0,1,0,1,0,0,1,0,0,6a834a71f6e224ac5e5eab03,Soil Health Card RKVY,660f941a5c8405ca8375c7c6,TAMIL NADU,63f9be9f519359b7438d08bb,2026-09-16T18:08:21.181Z,Anducode B,932527,63f9c15c519359b7438d49aa,1,100.0,0.0,0.0,1,0.0,0.0,100.0,1,0.0,100.0,0.0,1,100.0,0.0,0.0,1,100.0,0.0,1,100.0,0.0,1,100.0,0.0,1,100.0,0.0,1,0.0,100.0,1,100.0,0.0,1,100.0,0.0,0.0,1,0.0,100.0,1,n_low,p_high,k_medium,OC_low,pH_acidic,VERY_LIMITED
2,0,2,0,2,0,0,2,0,2,0,2,0,0,2,2,0,KADAVUR,6199,6492fcb3680216eb6c9409df,2026-09-15T18:09:34.202Z,2026-27,KARUR,63f9c18b519359b7438d4e04,2,0,0,2026-09-16T18:06:09.078Z,0,2,0,0,0,2,1,0,1,6aa989de05ad99588db77b00,Soil Health Card RKVY,660f941a5c8405ca8375c7c6,TAMIL NADU,63f9be9f519359b7438d08bb,2026-09-16T18:08:21.181Z,Pannapatti,635649,63f9c1a8519359b7438d50c3,2,100.0,0.0,0.0,2,0.0,50.0,50.0,2,0.0,0.0,100.0,2,100.0,0.0,0.0,2,100.0,0.0,2,100.0,0.0,2,0.0,100.0,2,0.0,100.0,2,0.0,100.0,2,100.0,0.0,2,0.0,100.0,0.0,2,0.0,100.0,2,n_low,p_medium,k_high,OC_low,pH_neutral,LIMITED
1,0,0,1,1,0,1,0,0,1,0,0,1,0,1,0,1,KADAVUR,6199,6492fcb3680216eb6c9409df,2026-09-15T18:09:34.202Z,2026-27,KARUR,63f9c18b519359b7438d4e04,1,0,0,2026-09-16T18:06:09.078Z,0,1,0,0,0,1,1,0,0,6aa989de05ad99588db77b01,Soil Health Card RKVY,660f941a5c8405ca8375c7c6,TAMIL NADU,63f9be9f519359b7438d08bb,2026-09-16T18:08:21.181Z,Keeranur,635651,63f9c1a9519359b7438d50cd,1,100.0,0.0,0.0,1,0.0,0.0,100.0,1,0.0,0.0,100.0,1,0.0,100.0,0.0,1,100.0,0.0,1,0.0,100.0,1,100.0,0.0,1,100.0,0.0,1,0.0,100.0,1,100.0,0.0,1,0.0,100.0,0.0,1,0.0,100.0,1,n_low,p_high,k_high,OC_medium,pH_neutral,VERY_LIMITED
1,0,0,1,1,0,1,0,0,1,0,1,0,0,1,0,1,KADAVUR,6199,6492fcb3680216eb6c9409df,2026-09-15T18:09:34.202Z,2026-27,KARUR,63f9c18b519359b7438d4e04,1,0,0,2026-09-16T18:06:09.078Z,0,1,0,0,0,1,1,0,0,6aa989de05ad99588db77b02,Soil Health Card RKVY,660f941a5c8405ca8375c7c6,TAMIL NADU,63f9be9f519359b7438d08bb,2026-09-16T18:08:21.181Z,Vadavambadi,635647,63f9c1aa519359b7438d50dc,1,100.0,0.0,0.0,1,0.0,0.0,100.0,1,0.0,0.0,100.0,1,100.0,0.0,0.0,1,100.0,0.0,1,0.0,100.0,1,100.0,0.0,1,100.0,0.0,1,0.0,100.0,1,100.0,0.0,1,0.0,100.0,0.0,1,0.0,100.0,1,n_low,p_high,k_high,OC_low,pH_neutral,VERY_LIMITED
7,0,0,7,7,0,7,0,0,7,0,7,0,0,7,6,1,KADAVUR,6199,6492fcb3680216eb6c9409df,2026-09-15T18:09:34.202Z,2026-27,KARUR,63f9c18b519359b7438d4e04,7,0,0,2026-09-16T18:06:09.078Z,0,7,0,0,0,7,0,5,2,6aa989de05ad99588db77b03,Soil Health Card RKVY,660f941a5c8405ca8375c7c6,TAMIL NADU,63f9be9f519359b7438d08bb,2026-09-16T18:08:21.181Z,Mullippadi,635661,63f9c1aa519359b7438d50e1,7,100.0,0.0,0.0,7,71.42857142857143,28.57142857142857,0.0,7,0.0,0.0,100.0,7,100.0,0.0,0.0,7,100.0,0.0,7,0.0,100.0,7,14.285714285714285,85.71428571428571,7,100.0,0.0,7,0.0,100.0,7,100.0,0.0,7,0.0,100.0,0.0,7,0.0,100.0,7,n_low,p_low,k_high,OC_low,pH_neutral,GOOD
2,2,0,4,4,0,2,2,0,4,0,3,1,0,4,4,0,KADAVUR,6199,6492fcb3680216eb6c9409df,2026-09-15T18:09:34.202Z,2026-27,KARUR,63f9c18b519359b7438d4e04,3,0,1,2026-09-16T18:06:09.078Z,0,4,0,0,0,4,0,2,2,6aa989de05ad99588db77b04,Soil Health Card RKVY,660f941a5c8405ca8375c7c6,TAMIL NADU,63f9be9f519359b7438d08bb,2026-09-16T18:08:21.181Z,Palaviduthi,635660,63f9c1aa519359b7438d50e6,4,100.0,0.0,0.0,4,50.0,50.0,0.0,4,0.0,25.0,75.0,4,75.0,25.0,0.0,4,100.0,0.0,4,50.0,50.0,4,0.0,100.0,4,100.0,0.0,4,50.0,50.0,4,100.0,0.0,4,0.0,100.0,0.0,4,0.0,100.0,4,n_low,p_low,k_high,OC_low,pH_neutral,LIMITED
8,3,1,10,11,0,1,10,0,11,0,11,0,0,11,10,1,KADAVUR,6199,6492fcb3680216eb6c9409df,2026-09-15T18:09:34.203Z,2026-27,KARUR,63f9c18b519359b7438d4e04,9,0,2,2026-09-16T18:06:09.078Z,0,11,0,0,0,11,6,1,4,6aa989de05ad99588db77b05,Soil Health Card RKVY,660f941a5c8405ca8375c7c6,TAMIL NADU,63f9be9f519359b7438d08bb,2026-09-16T18:08:21.181Z,Vellapatti,635650,63f9c1aa519359b7438d50f0,11,100.0,0.0,0.0,11,9.090909090909092,36.36363636363637,54.54545454545454,11,0.0,18.181818181818183,81.81818181818183,11,100.0,0.0,0.0,11,100.0,0.0,11,90.9090909090909,9.090909090909092,11,9.090909090909092,90.9090909090909,11,90.9090909090909,9.090909090909092,11,27.27272727272727,72.72727272727273,11,100.0,0.0,11,0.0,100.0,0.0,11,0.0,100.0,11,n_low,p_high,k_high,OC_low,pH_neutral,GOOD
4,0,0,4,4,0,2,2,0,4,0,3,1,0,4,3,1,KADAVUR,6199,6492fcb3680216eb6c9409df,2026-09-15T18:09:34.203Z,2026-27,KARUR,63f9c18b519359b7438d4e04,4,0,0,2026-09-16T18:06:09.078Z,0,4,0,0,0,4,4,0,0,6aa989de05ad99588db77b06,Soil Health Card RKVY,660f941a5c8405ca8375c7c6,TAMIL NADU,63f9be9f519359b7438d08bb,2026-09-16T18:08:21.181Z,Melappaguthi,635654,63f9c1ac519359b7438d510e,4,100.0,0.0,0.0,4,0.0,0.0,100.0,4,0.0,0.0,100.0,4,75.0,25.0,0.0,4,100.0,0.0,4,50.0,50.0,4,25.0,75.0,4,100.0,0.0,4,0.0,100.0,4,100.0,0.0,4,0.0,100.0,0.0,4,0.0,100.0,4,n_low,p_high,k_high,OC_low,pH_neutral,LIMITED
0,10,0,10,10,0,0,10,4,6,0,8,2,0,10,4,6,THALLY,6212,6492fcb3680216eb6c9409eb,2026-08-24T17:50:38.303Z,2026-27,KRISHNAGIRI,63f9c1b6519359b7438d520b,8,0,2,2026-09-16T18:06:09.078Z,0,10,0,0,0,10,9,1,0,6a8c846e2ce21ef285530e0e,Soil Health Card RKVY,660f941a5c8405ca8375c7c6,TAMIL NADU,63f9be9f519359b7438d08bb,2026-09-16T18:08:21.181Z,Thalli,644062,63f9c1f1519359b7438d575d,10,100.0,0.0,0.0,10,10.0,0.0,90.0,10,0.0,20.0,80.0,10,80.0,20.0,0.0,10,100.0,0.0,10,100.0,0.0,10,60.0,40.0,10,100.0,0.0,10,100.0,0.0,10,60.0,40.0,10,0.0,100.0,0.0,10,0.0,100.0,10,n_low,p_high,k_high,OC_low,pH_neutral,GOOD
0,5,0,5,5,0,0,5,5,0,1,4,0,0,5,3,2,THALLY,6212,6492fcb3680216eb6c9409eb,2026-08-24T17:50:38.303Z,2026-27,KRISHNAGIRI,63f9c1b6519359b7438d520b,3,0,2,2026-09-16T18:06:09.078Z,0,5,0,0,0,5,5,0,0,6a8c846e2ce21ef285530e0f,Soil Health Card RKVY,660f941a5c8405ca8375c7c6,TAMIL NADU,63f9be9f519359b7438d08bb,2026-09-16T18:08:21.181Z,Unisenatham,644038,63f9c1f3519359b7438d577b,5,100.0,0.0,0.0,5,0.0,0.0,100.0,5,0.0,40.0,60.0,5,80.0,0.0,20.0,5,100.0,0.0,5,100.0,0.0,5,40.0,60.0,5,100.0,0.0,5,100.0,0.0,5,0.0,100.0,5,0.0,100.0,0.0,5,0.0,100.0,5,n_low,p_high,k_high,OC_low,pH_neutral,GOOD
0,4,0,4,4,0,0,4,0,4,0,4,0,0,4,0,4,THALLY,6212,6492fcb3680216eb6c9409eb,2026-08-20T17:50:36.008Z,2026-27,KRISHNAGIRI,63f9c1b6519359b7438d520b,2,0,2,2026-09-16T18:06:09.078Z,0,4,0,0,0,4,4,0,0,6a873e6c8241b4e3ac630535,Soil Health Card RKVY,660f941a5c8405ca8375c7c6,TAMIL NADU,63f9be9f519359b7438d08bb,2026-09-16T18:08:21.181Z,Kakkadasam,644042,63f9c1f5519359b7438d57ad,4,100.0,0.0,0.0,4,0.0,0.0,100.0,4,0.0,50.0,50.0,4,100.0,0.0,0.0,4,100.0,0.0,4,100.0,0.0,4,100.0,0.0,4,100.0,0.0,4,100.0,0.0,4,100.0,0.0,4,0.0,100.0,0.0,4,0.0,100.0,4,n_low,p_high,k_medium,OC_low,pH_neutral,LIMITED
0,10,0,10,10,0,0,10,0,10,0,8,2,0,10,3,7,THALLY,6212,6492fcb3680216eb6c9409eb,2026-08-25T17:49:02.134Z,2026-27,KRISHNAGIRI,63f9c1b6519359b7438d520b,0,3,7,2026-09-16T18:06:09.078Z,0,10,0,0,0,10,10,0,0,6a8dd58e23717158623c4fbe,Soil Health Card RKVY,660f941a5c8405ca8375c7c6,TAMIL NADU,63f9be9f519359b7438d08bb,2026-09-16T18:08:21.181Z,Devaganapalli,644032,63f9c1f6519359b7438d57cb,10,100.0,0.0,0.0,10,0.0,0.0,100.0,10,30.0,70.0,0.0,10,80.0,20.0,0.0,10,100.0,0.0,10,100.0,0.0,10,70.0,30.0,10,100.0,0.0,10,100.0,0.0,10,100.0,0.0,10,0.0,100.0,0.0,10,0.0,100.0,10,n_low,p_high,k_medium,OC_low,pH_neutral,GOOD
0,5,0,5,5,0,0,5,5,0,0,5,0,0,5,0,5,THALLY,6212,6492fcb3680216eb6c9409eb,2026-08-24T17:50:38.303Z,2026-27,KRISHNAGIRI,63f9c1b6519359b7438d520b,4,0,1,2026-09-16T18:06:09.078Z,0,5,0,0,0,5,5,0,0,6a8c846e2ce21ef285530e10,Soil Health Card RKVY,660f941a5c8405ca8375c7c6,TAMIL NADU,63f9be9f519359b7438d08bb,2026-09-16T18:08:21.181Z,Andevanapalli,644075,63f9c1fd519359b7438d5875,5,100.0,0.0,0.0,5,0.0,0.0,100.0,5,0.0,20.0,80.0,5,100.0,0.0,0.0,5,100.0,0.0,5,100.0,0.0,5,100.0,0.0,5,100.0,0.0,5,100.0,0.0,5,0.0,100.0,5,0.0,100.0,0.0,5,0.0,100.0,5,n_low,p_high,k_high,OC_low,pH_neutral,GOOD
0,6,0,6,6,0,0,6,2,4,0,5,1,0,6,0,6,THALLY,6212,6492fcb3680216eb6c9409eb,2026-08-20T17:50:36.008Z,2026-27,KRISHNAGIRI,63f9c1b6519359b7438d520b,4,0,2,2026-09-16T18:06:09.078Z,0,6,0,0,0,6,6,0,0,6a873e6c8241b4e3ac630536,Soil Health Card RKVY,660f941a5c8405ca8375c7c6,TAMIL NADU,63f9be9f519359b7438d08bb,2026-09-16T18:08:21.181Z,Anniyalam,644005,63f9c200519359b7438d58ac,6,100.0,0.0,0.0,6,0.0,0.0,100.0,6,0.0,33.33333333333333,66.66666666666666,6,83.33333333333334,16.666666666666664,0.0,6,100.0,0.0,6,100.0,0.0,6,100.0,0.0,6,100.0,0.0,6,100.0,0.0,6,66.66666666666666,33.33333333333333,6,0.0,100.0,0.0,6,0.0,100.0,6,n_low,p_high,k_high,OC_low,pH_neutral,GOOD
0,12,0,12,12,0,0,12,11,1,0,10,2,0,12,5,7,THALLY,6212,6492fcb3680216eb6c9409eb,2026-08-25T17:49:02.134Z,2026-27,KRISHNAGIRI,63f9c1b6519359b7438d520b,0,1,11,2026-09-16T18:06:09.078Z,0,12,0,0,0,12,8,0,4,6a8dd58e23717158623c4fbf,Soil Health Card RKVY,660f941a5c8405ca8375c7c6,TAMIL NADU,63f9be9f519359b7438d08bb,2026-09-16T18:08:21.181Z,Belagundapalli,644000,63f9c201519359b7438d58c5,12,100.0,0.0,0.0,12,0.0,33.33333333333333,66.66666666666666,12,8.333333333333332,91.66666666666666,0.0,12,83.33333333333334,16.666666666666664,0.0,12,100.0,0.0,12,100.0,0.0,12,58.333333333333336,41.66666666666667,12,100.0,0.0,12,100.0,0.0,12,8.333333333333332,91.66666666666666,12,0.0,100.0,0.0,12,0.0,100.0,12,n_low,p_high,k_medium,OC_low,pH_neutral,GOOD
29,0,8,21,29,0,29,0,6,23,3,10,16,0,29,27,2,BARGUR,6205,6492fcb3680216eb6c9409ed,2026-08-21T17:49:37.054Z,2026-27,KRISHNAGIRI,63f9c1b6519359b7438d520b,5,6,18,2026-09-16T18:06:09.078Z,0,29,0,0,7,22,11,6,12,6a888fb1c4bf95656e88a784,Soil Health Card RKVY,660f941a5c8405ca8375c7c6,TAMIL NADU,63f9be9f519359b7438d08bb,2026-09-16T18:08:21.181Z,Soolamalai,643958,63f9c1df519359b7438d55da,29,100.0,0.0,0.0,29,20.689655172413794,41.37931034482759,37.93103448275862,29,20.689655172413794,62.06896551724138,17.24137931034483,29,34.48275862068966,55.172413793103445,10.344827586206897,29,100.0,0.0,29,0.0,100.0,29,6.896551724137931,93.10344827586206,29,72.41379310344827,27.586206896551722,29,0.0,100.0,29,79.3103448275862,20.689655172413794,29,0.0,75.86206896551724,24.137931034482758,29,0.0,100.0,29,n_low,p_medium,k_medium,OC_medium,pH_neutral,GOOD
30,0,18,12,30,0,28,1,21,9,2,19,9,0,30,29,0,BARGUR,6205,6492fcb3680216eb6c9409ed,2026-08-21T17:49:37.055Z,2026-27,KRISHNAGIRI,63f9c1b6519359b7438d520b,9,2,19,2026-09-16T18:06:09.078Z,0,30,0,0,6,24,2,13,15,6a888fb1c4bf95656e88a78a,Soil Health Card RKVY,660f941a5c8405ca8375c7c6,TAMIL NADU,63f9be9f519359b7438d08bb,2026-09-16T18:08:21.181Z,Jagadevipalayam,643960,63f9c234519359b7438d5d8a,30,100.0,0.0,0.0,30,43.333333333333336,50.0,6.666666666666667,30,6.666666666666667,63.33333333333333,30.0,30,63.33333333333333,30.0,6.666666666666667,30,100.0,0.0,29,3.4482758620689653,96.55172413793103,29,0.0,100.0,30,40.0,60.0,30,0.0,100.0,30,30.0,70.0,30,0.0,80.0,20.0,30,0.0,100.0,30,n_low,p_medium,k_medium,OC_low,pH_neutral,GOOD
1,0,0,1,1,0,1,0,1,0,0,0,1,0,1,1,0,BARGUR,6205,6492fcb3680216eb6c9409ed,2026-08-21T17:49:37.055Z,2026-27,KRISHNAGIRI,63f9c1b6519359b7438d520b,0,0,1,2026-09-16T18:06:09.078Z,0,1,0,0,0,1,1,0,0,6a888fb1c4bf95656e88a78b,Soil Health Card RKVY,660f941a5c8405ca8375c7c6,TAMIL NADU,63f9be9f519359b7438d08bb,2026-09-16T18:08:21.181Z,Achamangalam,643938,63f9c235519359b7438d5d9e,1,100.0,0.0,0.0,1,0.0,0.0,100.0,1,0.0,100.0,0.0,1,0.0,100.0,0.0,1,100.0,0.0,1,0.0,100.0,1,0.0,100.0,1,100.0,0.0,1,0.0,100.0,1,0.0,100.0,1,0.0,100.0,0.0,1,0.0,100.0,1,n_low,p_high,k_medium,OC_medium,pH_neutral,VERY_LIMITED
7,3,0,10,10,0,0,10,4,6,0,10,0,0,10,6,4,MATHUR,6210,6492fcb3680216eb6c9409ef,2026-08-21T17:49:37.055Z,2026-27,KRISHNAGIRI,63f9c1b6519359b7438d520b,9,0,1,2026-09-16T18:06:09.078Z,0,10,0,0,2,8,0,3,7,6a888fb1c4bf95656e88a788,Soil Health Card RKVY,660f941a5c8405ca8375c7c6,TAMIL NADU,63f9be9f519359b7438d08bb,2026-09-16T18:08:21.181Z,Gendigampatti,644133,63f9c205519359b7438d5921,10,100.0,0.0,0.0,10,30.0,70.0,0.0,10,0.0,10.0,90.0,10,100.0,0.0,0.0,10,100.0,0.0,10,100.0,0.0,10,40.0,60.0,10,100.0,0.0,10,30.0,70.0,10,60.0,40.0,10,0.0,80.0,20.0,10,0.0,100.0,10,n_low,p_medium,k_high,OC_low,pH_neutral,GOOD
0,10,0,10,10,0,0,10,6,4,0,10,0,0,10,0,10,MATHUR,6210,6492fcb3680216eb6c9409ef,2026-08-20T17:50:36.008Z,2026-27,KRISHNAGIRI,63f9c1b6519359b7438d520b,0,3,7,2026-09-16T18:06:09.078Z,0,10,0,1,0,9,0,6,4,6a873e6c8241b4e3ac63053a,Soil Health Card RKVY,660f941a5c8405ca8375c7c6,TAMIL NADU,63f9be9f519359b7438d08bb,2026-09-16T18:08:21.181Z,Veerachikupam,644255,63f9c218519359b7438d5afe,10,100.0,0.0,0.0,10,60.0,40.0,0.0,10,30.0,70.0,0.0,10,100.0,0.0,0.0,10,100.0,0.0,10,100.0,0.0,10,100.0,0.0,10,100.0,0.0,10,100.0,0.0,10,40.0,60.0,10,10.0,90.0,0.0,10,0.0,100.0,10,n_low,p_low,k_medium,OC_low,pH_neutral,GOOD
6,4,0,10,10,0,0,10,5,5,0,10,0,0,10,0,10,MATHUR,6210,6492fcb3680216eb6c9409ef,2026-08-21T17:49:37.055Z,2026-27,KRISHNAGIRI,63f9c1b6519359b7438d520b,9,1,0,2026-09-16T18:06:09.078Z,0,10,0,0,3,7,1,3,6,6a888fb1c4bf95656e88a789,Soil Health Card RKVY,660f941a5c8405ca8375c7c6,TAMIL NADU,63f9be9f519359b7438d08bb,2026-09-16T18:08:21.181Z,Reddipatti,644260,63f9c21a519359b7438d5b2b,10,100.0,0.0,0.0,10,30.0,60.0,10.0,10,10.0,0.0,90.0,10,100.0,0.0,0.0,10,100.0,0.0,10,100.0,0.0,10,100.0,0.0,10,100.0,0.0,10,40.0,60.0,10,50.0,50.0,10,0.0,70.0,30.0,10,0.0,100.0,10,n_low,p_medium,k_high,OC_low,pH_neutral,GOOD
0,10,1,9,10,0,0,10,0,10,0,8,2,0,10,4,6,MATHUR,6210,6492fcb3680216eb6c9409ef,2026-08-25T17:49:02.135Z,2026-27,KRISHNAGIRI,63f9c1b6519359b7438d520b,6,0,4,2026-09-16T18:06:09.078Z,0,10,0,0,2,8,0,10,0,6a8dd58e23717158623c4fc3,Soil Health Card RKVY,660f941a5c8405ca8375c7c6,TAMIL NADU,63f9be9f519359b7438d08bb,2026-09-16T18:08:21.181Z,Kamakshipatti,644167,63f9c226519359b7438d5c43,10,100.0,0.0,0.0,10,100.0,0.0,0.0,10,0.0,40.0,60.0,10,80.0,20.0,0.0,10,100.0,0.0,10,100.0,0.0,10,60.0,40.0,10,90.0,10.0,10,100.0,0.0,10,100.0,0.0,10,0.0,80.0,20.0,10,0.0,100.0,10,n_low,p_low,k_high,OC_low,pH_neutral,GOOD
16,0,7,9,16,0,16,0,9,7,1,13,2,0,16,8,8,VEPPANAPALLI,6214,6492fcb3680216eb6c9409f1,2026-08-27T17:52:33.483Z,2026-27,KRISHNAGIRI,63f9c1b6519359b7438d520b,0,15,1,2026-09-16T18:06:09.078Z,0,16,0,0,1,15,8,2,6,6a90796166839ee331802e80,Soil Health Card RKVY,660f941a5c8405ca8375c7c6,TAMIL NADU,63f9be9f519359b7438d08bb,2026-09-16T18:08:21.181Z,Kurubarapalli,643927,63f9c1d1519359b7438d5495,16,100.0,0.0,0.0,16,12.5,37.5,50.0,16,93.75,6.25,0.0,16,81.25,12.5,6.25,16,100.0,0.0,16,0.0,100.0,16,50.0,50.0,16,56.25,43.75,16,0.0,100.0,16,43.75,56.25,16,0.0,93.75,6.25,16,0.0,100.0,16,n_low,p_high,k_low,OC_low,pH_neutral,GOOD
10,0,1,9,10,0,10,0,8,2,1,7,2,0,10,2,8,VEPPANAPALLI,6214,6492fcb3680216eb6c9409f1,2026-08-27T17:52:33.483Z,2026-27,KRISHNAGIRI,63f9c1b6519359b7438d520b,6,2,2,2026-09-16T18:06:09.078Z,0,10,0,0,0,10,10,0,0,6a90796166839ee331802e81,Soil Health Card RKVY,660f941a5c8405ca8375c7c6,TAMIL NADU,63f9be9f519359b7438d08bb,2026-09-16T18:08:21.181Z,Billanakuppam,643923,63f9c1d2519359b7438d54a9,10,100.0,0.0,0.0,10,0.0,0.0,100.0,10,20.0,20.0,60.0,10,70.0,20.0,10.0,10,100.0,0.0,10,0.0,100.0,10,80.0,20.0,10,90.0,10.0,10,0.0,100.0,10,20.0,80.0,10,0.0,100.0,0.0,10,0.0,100.0,10,n_low,p_high,k_high,OC_low,pH_neutral,GOOD
8,0,0,8,8,0,7,1,0,8,0,8,0,0,8,6,2,VEPPANAPALLI,6214,6492fcb3680216eb6c9409f1,2026-08-27T17:52:33.483Z,2026-27,KRISHNAGIRI,63f9c1b6519359b7438d520b,0,7,1,2026-09-16T18:06:09.078Z,0,8,0,0,0,8,8,0,0,6a90796166839ee331802e82,Soil Health Card RKVY,660f941a5c8405ca8375c7c6,TAMIL NADU,63f9be9f519359b7438d08bb,2026-09-16T18:08:21.181Z,Kundarapalli,643922,63f9c1d2519359b7438d54ae,8,100.0,0.0,0.0,8,0.0,0.0,100.0,8,87.5,12.5,0.0,8,100.0,0.0,0.0,8,100.0,0.0,8,12.5,87.5,8,25.0,75.0,8,100.0,0.0,8,0.0,100.0,8,100.0,0.0,8,0.0,100.0,0.0,8,0.0,100.0,8,n_low,p_high,k_low,OC_low,pH_neutral,GOOD
1,0,0,1,1,0,1,0,0,1,0,1,0,0,1,1,0,VEPPANAPALLI,6214,6492fcb3680216eb6c9409f1,2026-08-21T17:49:37.054Z,2026-27,KRISHNAGIRI,63f9c1b6519359b7438d520b,1,0,0,2026-09-16T18:06:09.078Z,0,1,0,0,0,1,0,0,1,6a888fb1c4bf95656e88a783,Soil Health Card RKVY,660f941a5c8405ca8375c7c6,TAMIL NADU,63f9be9f519359b7438d08bb,2026-09-16T18:08:21.181Z,Kuppachiparai,643905,63f9c1d3519359b7438d54c7,1,100.0,0.0,0.0,1,0.0,100.0,0.0,1,0.0,0.0,100.0,1,100.0,0.0,0.0,1,100.0,0.0,1,0.0,100.0,1,0.0,100.0,1,100.0,0.0,1,0.0,100.0,1,100.0,0.0,1,0.0,100.0,0.0,1,0.0,100.0,1,n_low,p_medium,k_high,OC_low,pH_neutral,VERY_LIMITED
13,0,3,10,13,0,13,0,0,13,1,7,5,0,13,12,1,VEPPANAPALLI,6214,6492fcb3680216eb6c9409f1,2026-08-24T17:50:38.302Z,2026-27,KRISHNAGIRI,63f9c1b6519359b7438d520b,9,4,0,2026-09-16T18:06:09.078Z,0,13,0,1,0,12,11,0,2,6a8c846e2ce21ef285530e0a,Soil Health Card RKVY,660f941a5c8405ca8375c7c6,TAMIL NADU,63f9be9f519359b7438d08bb,2026-09-16T18:08:21.181Z,Naduvanapalli,643891,63f9c1d4519359b7438d54e0,13,100.0,0.0,0.0,13,0.0,15.384615384615385,84.61538461538461,13,30.76923076923077,0.0,69.23076923076923,13,53.84615384615385,38.46153846153847,7.6923076923076925,13,100.0,0.0,13,0.0,100.0,13,7.6923076923076925,92.3076923076923,13,76.92307692307693,23.076923076923077,13,0.0,100.0,13,100.0,0.0,13,7.6923076923076925,92.3076923076923,0.0,13,0.0,100.0,13,n_low,p_high,k_high,OC_low,pH_neutral,GOOD
41,0,9,32,41,0,39,2,4,37,2,25,14,0,41,37,4,VEPPANAPALLI,6214,6492fcb3680216eb6c9409f1,2026-08-21T17:49:37.055Z,2026-27,KRISHNAGIRI,63f9c1b6519359b7438d520b,25,5,11,2026-09-16T18:06:09.078Z,0,41,0,0,0,41,13,2,26,6a888fb1c4bf95656e88a785,Soil Health Card RKVY,660f941a5c8405ca8375c7c6,TAMIL NADU,63f9be9f519359b7438d08bb,2026-09-16T18:08:21.181Z,Marachandiram,643909,63f9c1e4519359b7438d562a,41,100.0,0.0,0.0,41,4.878048780487805,63.41463414634146,31.70731707317073,41,12.195121951219512,26.82926829268293,60.97560975609756,41,60.97560975609756,34.146341463414636,4.878048780487805,41,100.0,0.0,41,4.878048780487805,95.1219512195122,41,9.75609756097561,90.2439024390244,41,78.04878048780488,21.951219512195124,41,0.0,100.0,41,90.2439024390244,9.75609756097561,41,0.0,100.0,0.0,41,0.0,100.0,41,n_low,p_medium,k_high,OC_low,pH_neutral,GOOD
3,0,2,1,3,0,3,0,1,2,0,1,2,0,3,3,0,VEPPANAPALLI,6214,6492fcb3680216eb6c9409f1,2026-08-21T17:49:37.055Z,2026-27,KRISHNAGIRI,63f9c1b6519359b7438d520b,1,0,2,2026-09-16T18:06:09.078Z,0,3,0,0,0,3,2,0,1,6a888fb1c4bf95656e88a786,Soil Health Card RKVY,660f941a5c8405ca8375c7c6,TAMIL NADU,63f9be9f519359b7438d08bb,2026-09-16T18:08:21.181Z,Lakkabathalapalli,643908,63f9c1e5519359b7438d562f,3,100.0,0.0,0.0,3,0.0,33.33333333333333,66.66666666666666,3,0.0,66.66666666666666,33.33333333333333,3,33.33333333333333,66.66666666666666,0.0,3,100.0,0.0,3,0.0,100.0,3,0.0,100.0,3,33.33333333333333,66.66666666666666,3,0.0,100.0,3,66.66666666666666,33.33333333333333,3,0.0,100.0,0.0,3,0.0,100.0,3,n_low,p_high,k_medium,OC_medium,pH_neutral,LIMITED
16,0,3,13,16,0,15,1,12,4,2,11,3,0,16,1,15,VEPPANAPALLI,6214,6492fcb3680216eb6c9409f1,2026-08-27T17:52:33.484Z,2026-27,KRISHNAGIRI,63f9c1b6519359b7438d520b,8,1,7,2026-09-16T18:06:09.078Z,0,16,0,0,0,16,16,0,0,6a90796166839ee331802e83,Soil Health Card RKVY,660f941a5c8405ca8375c7c6,TAMIL NADU,63f9be9f519359b7438d08bb,2026-09-16T18:08:21.181Z,Beemandapalli,643906,63f9c1e5519359b7438d5634,16,100.0,0.0,0.0,16,0.0,0.0,100.0,16,6.25,43.75,50.0,16,68.75,18.75,12.5,16,100.0,0.0,16,6.25,93.75,16,93.75,6.25,16,81.25,18.75,16,0.0,100.0,16,25.0,75.0,16,0.0,100.0,0.0,16,0.0,100.0,16,n_low,p_high,k_high,OC_low,pH_neutral,GOOD
2,0,1,1,2,0,2,0,0,2,0,0,2,0,2,2,0,VEPPANAPALLI,6214,6492fcb3680216eb6c9409f1,2026-08-21T17:49:37.055Z,2026-27,KRISHNAGIRI,63f9c1b6519359b7438d520b,2,0,0,2026-09-16T18:06:09.078Z,0,2,0,0,0,2,0,1,1,6a888fb1c4bf95656e88a787,Soil Health Card RKVY,660f941a5c8405ca8375c7c6,TAMIL NADU,63f9be9f519359b7438d08bb,2026-09-16T18:08:21.181Z,Nachikuppam,643877,63f9c1e7519359b7438d5670,2,100.0,0.0,0.0,2,50.0,50.0,0.0,2,0.0,0.0,100.0,2,0.0,100.0,0.0,2,100.0,0.0,2,0.0,100.0,2,0.0,100.0,2,50.0,50.0,2,0.0,100.0,2,100.0,0.0,2,0.0,100.0,0.0,2,0.0,100.0,2,n_low,p_low,k_high,OC_medium,pH_neutral,LIMITED
0,8,0,8,8,0,0,8,3,5,0,8,0,0,8,6,2,KELAMANGALAM,6208,6492fcb3680216eb6c9409f3,2026-08-24T17:50:38.302Z,2026-27,KRISHNAGIRI,63f9c1b6519359b7438d520b,0,0,8,2026-09-16T18:06:09.078Z,0,8,0,0,0,8,0,2,6,6a8c846e2ce21ef285530e0b,Soil Health Card RKVY,660f941a5c8405ca8375c7c6,TAMIL NADU,63f9be9f519359b7438d08bb,2026-09-16T18:08:21.181Z,Rathnagiri,644051,63f9c1ee519359b7438d570d,8,100.0,0.0,0.0,8,25.0,75.0,0.0,8,0.0,100.0,0.0,8,100.0,0.0,0.0,8,100.0,0.0,8,100.0,0.0,8,25.0,75.0,8,100.0,0.0,8,100.0,0.0,8,62.5,37.5,8,0.0,100.0,0.0,8,0.0,100.0,8,n_low,p_medium,k_medium,OC_low,pH_neutral,GOOD
0,9,0,9,9,0,0,9,0,9,0,8,1,0,9,6,3,KELAMANGALAM,6208,6492fcb3680216eb6c9409f3,2026-08-17T17:52:49.838Z,2026-27,KRISHNAGIRI,63f9c1b6519359b7438d520b,0,2,7,2026-09-16T18:06:09.078Z,0,9,0,0,0,9,0,9,0,6a834a71f6e224ac5e5eab11,Soil Health Card RKVY,660f941a5c8405ca8375c7c6,TAMIL NADU,63f9be9f519359b7438d08bb,2026-09-16T18:08:21.181Z,Bithireddi,644045,63f9c1ef519359b7438d5712,9,100.0,0.0,0.0,9,100.0,0.0,0.0,9,22.22222222222222,77.77777777777779,0.0,9,88.88888888888889,11.11111111111111,0.0,9,100.0,0.0,9,100.0,0.0,9,33.33333333333333,66.66666666666666,9,100.0,0.0,9,100.0,0.0,9,100.0,0.0,9,0.0,100.0,0.0,9,0.0,100.0,9,n_low,p_low,k_medium,OC_low,pH_neutral,GOOD
0,9,2,7,9,0,0,9,4,5,0,8,1,0,9,6,3,KELAMANGALAM,6208,6492fcb3680216eb6c9409f3,2026-08-24T17:50:38.303Z,2026-27,KRISHNAGIRI,63f9c1b6519359b7438d520b,0,8,1,2026-09-16T18:06:09.078Z,0,9,0,0,0,9,0,5,4,6a8c846e2ce21ef285530e0c,Soil Health Card RKVY,660f941a5c8405ca8375c7c6,TAMIL NADU,63f9be9f519359b7438d08bb,2026-09-16T18:08:21.181Z,Santhanapalli,644052,63f9c1f0519359b7438d5735,9,100.0,0.0,0.0,9,55.55555555555556,44.44444444444444,0.0,9,88.88888888888889,11.11111111111111,0.0,9,88.88888888888889,11.11111111111111,0.0,9,100.0,0.0,9,100.0,0.0,9,33.33333333333333,66.66666666666666,9,77.77777777777779,22.22222222222222,9,100.0,0.0,9,55.55555555555556,44.44444444444444,9,0.0,100.0,0.0,9,0.0,100.0,9,n_low,p_low,k_low,OC_low,pH_neutral,GOOD
0,9,0,9,9,0,0,9,4,5,0,9,0,0,9,4,5,KELAMANGALAM,6208,6492fcb3680216eb6c9409f3,2026-08-24T17:50:38.303Z,2026-27,KRISHNAGIRI,63f9c1b6519359b7438d520b,8,0,1,2026-09-16T18:06:09.078Z,0,9,0,0,0,9,0,4,5,6a8c846e2ce21ef285530e0d,Soil Health Card RKVY,660f941a5c8405ca8375c7c6,TAMIL NADU,63f9be9f519359b7438d08bb,2026-09-16T18:08:21.181Z,Erudukotta,644076,63f9c1f1519359b7438d5744,9,100.0,0.0,0.0,9,44.44444444444444,55.55555555555556,0.0,9,0.0,11.11111111111111,88.88888888888889,9,100.0,0.0,0.0,9,100.0,0.0,9,100.0,0.0,9,55.55555555555556,44.44444444444444,9,100.0,0.0,9,100.0,0.0,9,55.55555555555556,44.44444444444444,9,0.0,100.0,0.0,9,0.0,100.0,9,n_low,p_medium,k_high,OC_low,pH_neutral,GOOD
0,8,0,8,8,0,0,8,1,7,0,7,1,0,8,4,4,KELAMANGALAM,6208,6492fcb3680216eb6c9409f3,2026-08-17T17:52:49.838Z,2026-27,KRISHNAGIRI,63f9c1b6519359b7438d520b,0,2,6,2026-09-16T18:06:09.078Z,0,8,0,7,0,1,3,0,5,6a834a71f6e224ac5e5eab12,Soil Health Card RKVY,660f941a5c8405ca8375c7c6,TAMIL NADU,63f9be9f519359b7438d08bb,2026-09-16T18:08:21.181Z,Jakkeri,644027,63f9c1f6519359b7438d57da,8,100.0,0.0,0.0,8,0.0,62.5,37.5,8,25.0,75.0,0.0,8,87.5,12.5,0.0,8,100.0,0.0,8,100.0,0.0,8,50.0,50.0,8,100.0,0.0,8,100.0,0.0,8,87.5,12.5,8,87.5,12.5,0.0,8,0.0,100.0,8,n_low,p_medium,k_medium,OC_low,pH_acidic,GOOD
0,2,0,2,2,0,0,2,0,2,0,2,0,0,2,1,1,KELAMANGALAM,6208,6492fcb3680216eb6c9409f3,2026-08-27T17:52:33.485Z,2026-27,KRISHNAGIRI,63f9c1b6519359b7438d520b,0,0,2,2026-09-16T18:06:09.078Z,0,2,0,0,0,2,0,2,0,6a90796166839ee331802e84,Soil Health Card RKVY,660f941a5c8405ca8375c7c6,TAMIL NADU,63f9be9f519359b7438d08bb,2026-09-16T18:08:21.181Z,Udedurgam,644016,63f9c1f8519359b7438d57fd,2,100.0,0.0,0.0,2,100.0,0.0,0.0,2,0.0,100.0,0.0,2,100.0,0.0,0.0,2,100.0,0.0,2,100.0,0.0,2,50.0,50.0,2,100.0,0.0,2,100.0,0.0,2,100.0,0.0,2,0.0,100.0,0.0,2,0.0,100.0,2,n_low,p_low,k_medium,OC_low,pH_neutral,LIMITED
0,2,0,2,2,0,0,2,0,2,0,1,1,0,2,2,0,KELAMANGALAM,6208,6492fcb3680216eb6c9409f3,2026-08-27T17:52:33.485Z,2026-27,KRISHNAGIRI,63f9c1b6519359b7438d520b,0,0,2,2026-09-16T18:06:09.078Z,0,2,0,0,0,2,0,1,1,6a90796166839ee331802e85,Soil Health Card RKVY,660f941a5c8405ca8375c7c6,TAMIL NADU,63f9be9f519359b7438d08bb,2026-09-16T18:08:21.181Z,Muthanhalli,644018,63f9c1f8519359b7438d5807,2,100.0,0.0,0.0,2,50.0,50.0,0.0,2,0.0,100.0,0.0,2,50.0,50.0,0.0,2,100.0,0.0,2,100.0,0.0,2,0.0,100.0,2,100.0,0.0,2,100.0,0.0,2,100.0,0.0,2,0.0,100.0,0.0,2,0.0,100.0,2,n_low,p_low,k_medium,OC_low,pH_neutral,LIMITED
0,8,0,8,8,0,0,8,0,8,0,7,1,0,8,3,5,KELAMANGALAM,6208,6492fcb3680216eb6c9409f3,2026-08-27T17:52:33.485Z,2026-27,KRISHNAGIRI,63f9c1b6519359b7438d520b,2,0,6,2026-09-16T18:06:09.078Z,0,8,0,0,0,8,1,6,1,6a90796166839ee331802e86,Soil Health Card RKVY,660f941a5c8405ca8375c7c6,TAMIL NADU,63f9be9f519359b7438d08bb,2026-09-16T18:08:21.181Z,Nellur,644025,63f9c1fe519359b7438d588e,8,100.0,0.0,0.0,8,75.0,12.5,12.5,8,0.0,75.0,25.0,8,87.5,12.5,0.0,8,100.0,0.0,8,100.0,0.0,8,62.5,37.5,8,100.0,0.0,8,100.0,0.0,8,100.0,0.0,8,0.0,100.0,0.0,8,0.0,100.0,8,n_low,p_low,k_medium,OC_low,pH_neutral,GOOD
0,1,0,1,1,0,1,0,1,0,0,1,0,0,1,0,1,KELAMANGALAM,6208,6492fcb3680216eb6c9409f3,2026-08-18T17:51:55.011Z,2026-27,KRISHNAGIRI,63f9c1b6519359b7438d520b,0,1,0,2026-09-16T18:06:09.078Z,0,1,0,0,0,1,0,0,1,6a849bbb4086310a56a6c489,Soil Health Card RKVY,660f941a5c8405ca8375c7c6,TAMIL NADU,63f9be9f519359b7438d08bb,2026-09-16T18:08:21.181Z,Pachapanatti,644026,63f9c1ff519359b7438d5893,1,100.0,0.0,0.0,1,0.0,100.0,0.0,1,100.0,0.0,0.0,1,100.0,0.0,0.0,1,100.0,0.0,1,0.0,100.0,1,100.0,0.0,1,100.0,0.0,1,100.0,0.0,1,0.0,100.0,1,0.0,100.0,0.0,1,0.0,100.0,1,n_low,p_medium,k_low,OC_low,pH_neutral,VERY_LIMITED
0,6,0,6,6,0,0,6,2,4,0,4,2,0,6,2,4,KELAMANGALAM,6208,6492fcb3680216eb6c9409f3,2026-08-27T17:52:33.485Z,2026-27,KRISHNAGIRI,63f9c1b6519359b7438d520b,1,0,5,2026-09-16T18:06:09.078Z,0,6,0,0,0,6,0,4,2,6a90796166839ee331802e87,Soil Health Card RKVY,660f941a5c8405ca8375c7c6,TAMIL NADU,63f9be9f519359b7438d08bb,2026-09-16T18:08:21.181Z,Bodichipalli,644014,63f9c1ff519359b7438d58a7,6,100.0,0.0,0.0,6,66.66666666666666,33.33333333333333,0.0,6,0.0,83.33333333333334,16.666666666666664,6,66.66666666666666,33.33333333333333,0.0,6,100.0,0.0,6,100.0,0.0,6,66.66666666666666,33.33333333333333,6,100.0,0.0,6,100.0,0.0,6,66.66666666666666,33.33333333333333,6,0.0,100.0,0.0,6,0.0,100.0,6,n_low,p_low,k_medium,OC_low,pH_neutral,GOOD
12,0,0,12,12,0,10,2,2,10,2,8,2,0,12,8,4,HOSUR,6206,6492fcb3680216eb6c9409f5,2026-08-24T17:50:38.301Z,2026-27,KRISHNAGIRI,63f9c1b6519359b7438d520b,5,1,6,2026-09-16T18:06:09.078Z,0,12,0,0,0,12,12,0,0,6a8c846e2ce21ef285530e04,Soil Health Card RKVY,660f941a5c8405ca8375c7c6,TAMIL NADU,63f9be9f519359b7438d08bb,2026-09-16T18:08:21.181Z,Muthuganapalli,643818,63f9c1b6519359b7438d5210,12,100.0,0.0,0.0,12,0.0,0.0,100.0,12,8.333333333333332,50.0,41.66666666666667,12,66.66666666666666,16.666666666666664,16.666666666666664,12,100.0,0.0,12,16.666666666666664,83.33333333333334,12,33.33333333333333,66.66666666666666,12,100.0,0.0,12,0.0,100.0,12,83.33333333333334,16.666666666666664,12,0.0,100.0,0.0,12,0.0,100.0,12,n_low,p_high,k_medium,OC_low,pH_neutral,GOOD
2,0,0,2,2,0,1,1,0,2,0,1,1,0,2,2,0,HOSUR,6206,6492fcb3680216eb6c9409f5,2026-08-24T17:50:38.301Z,2026-27,KRISHNAGIRI,63f9c1b6519359b7438d520b,0,0,2,2026-09-16T18:06:09.078Z,0,2,0,0,0,2,2,0,0,6a8c846e2ce21ef285530e05,Soil Health Card RKVY,660f941a5c8405ca8375c7c6,TAMIL NADU,63f9be9f519359b7438d08bb,2026-09-16T18:08:21.181Z,Thorapalli Agraharam,643794,63f9c1b7519359b7438d5229,2,100.0,0.0,0.0,2,0.0,0.0,100.0,2,0.0,100.0,0.0,2,50.0,50.0,0.0,2,100.0,0.0,2,50.0,50.0,2,0.0,100.0,2,100.0,0.0,2,0.0,100.0,2,100.0,0.0,2,0.0,100.0,0.0,2,0.0,100.0,2,n_low,p_high,k_medium,OC_low,pH_neutral,LIMITED
2,0,0,2,2,0,2,0,0,2,0,2,0,0,2,2,0,HOSUR,6206,6492fcb3680216eb6c9409f5,2026-08-24T17:50:38.301Z,2026-27,KRISHNAGIRI,63f9c1b6519359b7438d520b,1,0,1,2026-09-16T18:06:09.078Z,0,2,0,0,0,2,2,0,0,6a8c846e2ce21ef285530e06,Soil Health Card RKVY,660f941a5c8405ca8375c7c6,TAMIL NADU,63f9be9f519359b7438d08bb,2026-09-16T18:08:21.181Z,Onalvadi,643815,63f9c1b8519359b7438d5238,2,100.0,0.0,0.0,2,0.0,0.0,100.0,2,0.0,50.0,50.0,2,100.0,0.0,0.0,2,100.0,0.0,2,0.0,100.0,2,0.0,100.0,2,100.0,0.0,2,0.0,100.0,2,100.0,0.0,2,0.0,100.0,0.0,2,0.0,100.0,2,n_low,p_high,k_medium,OC_low,pH_neutral,LIMITED
5,0,1,4,5,0,5,0,0,5,1,2,0,0,5,5,0,HOSUR,6206,6492fcb3680216eb6c9409f5,2026-08-24T17:50:38.302Z,2026-27,KRISHNAGIRI,63f9c1b6519359b7438d520b,2,0,3,2026-09-16T18:06:09.078Z,0,5,0,0,0,5,4,0,1,6a8c846e2ce21ef285530e07,Soil Health Card RKVY,660f941a5c8405ca8375c7c6,TAMIL NADU,63f9be9f519359b7438d08bb,2026-09-16T18:08:21.181Z,Achettipalli,643816,63f9c1c1519359b7438d530f,5,100.0,0.0,0.0,5,0.0,20.0,80.0,5,0.0,60.0,40.0,3,66.66666666666666,0.0,33.33333333333333,5,100.0,0.0,5,0.0,100.0,5,0.0,100.0,5,80.0,20.0,5,0.0,100.0,5,100.0,0.0,5,0.0,100.0,0.0,5,0.0,100.0,5,n_low,p_high,k_medium,OC_low,pH_neutral,GOOD
1,0,0,1,1,0,1,0,0,1,1,0,0,0,1,1,0,HOSUR,6206,6492fcb3680216eb6c9409f5,2026-08-24T17:50:38.302Z,2026-27,KRISHNAGIRI,63f9c1b6519359b7438d520b,0,0,1,2026-09-16T18:06:09.078Z,0,1,0,0,0,1,1,0,0,6a8c846e2ce21ef285530e08,Soil Health Card RKVY,660f941a5c8405ca8375c7c6,TAMIL NADU,63f9be9f519359b7438d08bb,2026-09-16T18:08:21.181Z,Panchakshipuram,643838,63f9c1c3519359b7438d532d,1,100.0,0.0,0.0,1,0.0,0.0,100.0,1,0.0,100.0,0.0,1,0.0,0.0,100.0,1,100.0,0.0,1,0.0,100.0,1,0.0,100.0,1,100.0,0.0,1,0.0,100.0,1,100.0,0.0,1,0.0,100.0,0.0,1,0.0,100.0,1,n_low,p_high,k_medium,OC_high,pH_neutral,VERY_LIMITED
12,0,6,6,12,0,11,1,1,11,4,5,3,0,12,12,0,HOSUR,6206,6492fcb3680216eb6c9409f5,2026-08-24T17:50:38.302Z,2026-27,KRISHNAGIRI,63f9c1b6519359b7438d520b,2,0,10,2026-09-16T18:06:09.078Z,0,12,0,0,0,12,12,0,0,6a8c846e2ce21ef285530e09,Soil Health Card RKVY,660f941a5c8405ca8375c7c6,TAMIL NADU,63f9be9f519359b7438d08bb,2026-09-16T18:08:21.181Z,Avalapalli,933534,63f9c1c3519359b7438d5337,12,100.0,0.0,0.0,12,0.0,0.0,100.0,12,0.0,83.33333333333334,16.666666666666664,12,41.66666666666667,25.0,33.33333333333333,12,100.0,0.0,12,8.333333333333332,91.66666666666666,12,0.0,100.0,12,50.0,50.0,12,0.0,100.0,12,91.66666666666666,8.333333333333332,12,0.0,100.0,0.0,12,0.0,100.0,12,n_low,p_high,k_medium,OC_low,pH_neutral,GOOD
1,0,0,1,1,0,1,0,1,0,0,1,0,0,1,0,1,SHOOLAGIRI,6211,6492fcb3680216eb6c9409f7,2026-08-27T17:52:33.482Z,2026-27,KRISHNAGIRI,63f9c1b6519359b7438d520b,0,1,0,2026-09-16T18:06:09.078Z,0,1,0,0,0,1,0,0,1,6a90796166839ee331802e7f,Soil Health Card RKVY,660f941a5c8405ca8375c7c6,TAMIL NADU,63f9be9f519359b7438d08bb,2026-09-16T18:08:21.181Z,Moranapalli,643793,63f9c1b7519359b7438d5224,1,100.0,0.0,0.0,1,0.0,100.0,0.0,1,100.0,0.0,0.0,1,100.0,0.0,0.0,1,100.0,0.0,1,0.0,100.0,1,100.0,0.0,1,100.0,0.0,1,0.0,100.0,1,0.0,100.0,1,0.0,100.0,0.0,1,0.0,100.0,1,n_low,p_medium,k_low,OC_low,pH_neutral,VERY_LIMITED
3,0,1,2,3,0,2,1,2,1,1,2,0,0,3,2,1,SHOOLAGIRI,6211,6492fcb3680216eb6c9409f7,2026-08-20T17:50:36.007Z,2026-27,KRISHNAGIRI,63f9c1b6519359b7438d520b,2,0,1,2026-09-16T18:06:09.078Z,0,3,0,0,0,3,1,1,1,6a873e6c8241b4e3ac63052f,Soil Health Card RKVY,660f941a5c8405ca8375c7c6,TAMIL NADU,63f9be9f519359b7438d08bb,2026-09-16T18:08:21.181Z,A.Settipalli,643783,63f9c1bd519359b7438d52b5,3,100.0,0.0,0.0,3,33.33333333333333,33.33333333333333,33.33333333333333,3,0.0,33.33333333333333,66.66666666666666,3,66.66666666666666,0.0,33.33333333333333,3,100.0,0.0,3,33.33333333333333,66.66666666666666,3,33.33333333333333,66.66666666666666,3,66.66666666666666,33.33333333333333,3,0.0,100.0,3,33.33333333333333,66.66666666666666,3,0.0,100.0,0.0,3,0.0,100.0,3,n_low,p_low,k_high,OC_low,pH_neutral,LIMITED
2,0,0,2,2,0,2,0,2,0,0,2,0,0,2,0,2,SHOOLAGIRI,6211,6492fcb3680216eb6c9409f7,2026-08-28T17:53:48.062Z,2026-27,KRISHNAGIRI,63f9c1b6519359b7438d520b,0,0,2,2026-09-16T18:06:09.078Z,0,2,0,0,0,2,2,0,0,6a91cb2c5c17f4f3a547d9ac,Soil Health Card RKVY,660f941a5c8405ca8375c7c6,TAMIL NADU,63f9be9f519359b7438d08bb,2026-09-16T18:08:21.181Z,Madhinayanapalayam,932147,63f9c237519359b7438d5dd7,2,100.0,0.0,0.0,2,0.0,0.0,100.0,2,0.0,100.0,0.0,2,100.0,0.0,0.0,2,100.0,0.0,2,0.0,100.0,2,100.0,0.0,2,100.0,0.0,2,0.0,100.0,2,0.0,100.0,2,0.0,100.0,0.0,2,0.0,100.0,2,n_low,p_high,k_medium,OC_low,pH_neutral,LIMITED
6,0,3,3,6,0,6,0,1,5,1,4,1,0,6,6,0,SHOOLAGIRI,6211,6492fcb3680216eb6c9409f7,2026-08-20T17:50:36.008Z,2026-27,KRISHNAGIRI,63f9c1b6519359b7438d520b,1,0,5,2026-09-16T18:06:09.078Z,0,6,0,0,0,6,1,5,0,6a873e6c8241b4e3ac63053c,Soil Health Card RKVY,660f941a5c8405ca8375c7c6,TAMIL NADU,63f9be9f519359b7438d08bb,2026-09-16T18:08:21.181Z,Pattagurubarapalli (P),932298,63f9c238519359b7438d5df5,6,100.0,0.0,0.0,6,83.33333333333334,0.0,16.666666666666664,6,0.0,83.33333333333334,16.666666666666664,6,66.66666666666666,16.666666666666664,16.666666666666664,6,100.0,0.0,6,0.0,100.0,6,0.0,100.0,6,50.0,50.0,6,0.0,100.0,6,83.33333333333334,16.666666666666664,6,0.0,100.0,0.0,6,0.0,100.0,6,n_low,p_low,k_medium,OC_low,pH_neutral,GOOD
2,0,0,2,2,0,0,2,0,2,0,1,1,0,2,2,0,SHOOLAGIRI,6211,6492fcb3680216eb6c9409f7,2026-08-20T17:50:36.008Z,2026-27,KRISHNAGIRI,63f9c1b6519359b7438d520b,1,0,1,2026-09-16T18:06:09.078Z,0,2,0,0,0,2,0,1,1,6a873e6c8241b4e3ac63053d,Soil Health Card RKVY,660f941a5c8405ca8375c7c6,TAMIL NADU,63f9be9f519359b7438d08bb,2026-09-16T18:08:21.181Z,Thiyagarsanapalli,643812,63f9c239519359b7438d5e18,2,100.0,0.0,0.0,2,50.0,50.0,0.0,2,0.0,50.0,50.0,2,50.0,50.0,0.0,2,100.0,0.0,2,100.0,0.0,2,0.0,100.0,2,100.0,0.0,2,0.0,100.0,2,100.0,0.0,2,0.0,100.0,0.0,2,0.0,100.0,2,n_low,p_low,k_medium,OC_low,pH_neutral,LIMITED
1,0,1,0,1,0,1,0,0,1,0,1,0,0,1,1,0,SHOOLAGIRI,6211,6492fcb3680216eb6c9409f7,2026-08-20T17:50:36.008Z,2026-27,KRISHNAGIRI,63f9c1b6519359b7438d520b,0,0,1,2026-09-16T18:06:09.078Z,0,1,0,0,0,1,0,1,0,6a873e6c8241b4e3ac63053e,Soil Health Card RKVY,660f941a5c8405ca8375c7c6,TAMIL NADU,63f9be9f519359b7438d08bb,2026-09-16T18:08:21.181Z,Kodiga Timmanapalli,643779,63f9c23a519359b7438d5e1d,1,100.0,0.0,0.0,1,100.0,0.0,0.0,1,0.0,100.0,0.0,1,100.0,0.0,0.0,1,100.0,0.0,1,0.0,100.0,1,0.0,100.0,1,0.0,100.0,1,0.0,100.0,1,100.0,0.0,1,0.0,100.0,0.0,1,0.0,100.0,1,n_low,p_low,k_medium,OC_low,pH_neutral,VERY_LIMITED
4,0,3,1,4,0,3,1,4,0,1,1,2,0,4,4,0,SHOOLAGIRI,6211,6492fcb3680216eb6c9409f7,2026-08-20T17:50:36.008Z,2026-27,KRISHNAGIRI,63f9c1b6519359b7438d520b,1,0,3,2026-09-16T18:06:09.078Z,0,4,0,0,0,4,3,1,0,6a873e6c8241b4e3ac63053f,Soil Health Card RKVY,660f941a5c8405ca8375c7c6,TAMIL NADU,63f9be9f519359b7438d08bb,2026-09-16T18:08:21.181Z,Enusonai,643823,63f9c23a519359b7438d5e22,4,100.0,0.0,0.0,4,25.0,0.0,75.0,4,0.0,75.0,25.0,4,25.0,50.0,25.0,4,100.0,0.0,4,25.0,75.0,4,0.0,100.0,4,25.0,75.0,4,0.0,100.0,4,0.0,100.0,4,0.0,100.0,0.0,4,0.0,100.0,4,n_low,p_high,k_medium,OC_medium,pH_neutral,LIMITED
9,0,0,9,9,0,9,0,9,0,1,5,3,0,9,1,8,SHOOLAGIRI,6211,6492fcb3680216eb6c9409f7,2026-08-20T17:50:36.008Z,2026-27,KRISHNAGIRI,63f9c1b6519359b7438d520b,4,0,5,2026-09-16T18:06:09.078Z,0,9,0,0,0,9,4,4,1,6a873e6c8241b4e3ac630540,Soil Health Card RKVY,660f941a5c8405ca8375c7c6,TAMIL NADU,63f9be9f519359b7438d08bb,2026-09-16T18:08:21.181Z,Mallasandiram,643828,63f9c23a519359b7438d5e2c,9,100.0,0.0,0.0,9,44.44444444444444,11.11111111111111,44.44444444444444,9,0.0,55.55555555555556,44.44444444444444,9,55.55555555555556,33.33333333333333,11.11111111111111,9,100.0,0.0,9,0.0,100.0,9,88.88888888888889,11.11111111111111,9,100.0,0.0,9,0.0,100.0,9,0.0,100.0,9,0.0,100.0,0.0,9,0.0,100.0,9,n_low,p_low,k_medium,OC_low,pH_neutral,GOOD
1,0,0,1,1,0,1,0,1,0,0,1,0,0,1,1,0,SHOOLAGIRI,6211,6492fcb3680216eb6c9409f7,2026-08-20T17:50:36.008Z,2026-27,KRISHNAGIRI,63f9c1b6519359b7438d520b,1,0,0,2026-09-16T18:06:09.078Z,0,1,0,0,0,1,0,0,1,6a873e6c8241b4e3ac630541,Soil Health Card RKVY,660f941a5c8405ca8375c7c6,TAMIL NADU,63f9be9f519359b7438d08bb,2026-09-16T18:08:21.181Z,Peddasigarlapalli,643744,63f9c23b519359b7438d5e36,1,100.0,0.0,0.0,1,0.0,100.0,0.0,1,0.0,0.0,100.0,1,100.0,0.0,0.0,1,100.0,0.0,1,0.0,100.0,1,0.0,100.0,1,100.0,0.0,1,0.0,100.0,1,0.0,100.0,1,0.0,100.0,0.0,1,0.0,100.0,1,n_low,p_medium,k_high,OC_low,pH_neutral,VERY_LIMITED
5,0,0,5,5,0,4,1,4,1,0,2,3,0,5,1,4,SHOOLAGIRI,6211,6492fcb3680216eb6c9409f7,2026-08-20T17:50:36.008Z,2026-27,KRISHNAGIRI,63f9c1b6519359b7438d520b,2,0,3,2026-09-16T18:06:09.078Z,0,5,0,0,0,5,4,0,1,6a873e6c8241b4e3ac630542,Soil Health Card RKVY,660f941a5c8405ca8375c7c6,TAMIL NADU,63f9be9f519359b7438d08bb,2026-09-16T18:08:21.181Z,Errandapalli,643827,63f9c23b519359b7438d5e3b,5,100.0,0.0,0.0,5,0.0,20.0,80.0,5,0.0,60.0,40.0,5,40.0,60.0,0.0,5,100.0,0.0,5,20.0,80.0,5,80.0,20.0,5,100.0,0.0,5,0.0,100.0,5,20.0,80.0,5,0.0,100.0,0.0,5,0.0,100.0,5,n_low,p_high,k_medium,OC_medium,pH_neutral,GOOD
3,0,0,3,3,0,0,3,0,3,1,1,1,0,3,2,1,SHOOLAGIRI,6211,6492fcb3680216eb6c9409f7,2026-08-20T17:50:36.008Z,2026-27,KRISHNAGIRI,63f9c1b6519359b7438d520b,1,0,2,2026-09-16T18:06:09.078Z,0,3,0,0,0,3,2,0,1,6a873e6c8241b4e3ac630543,Soil Health Card RKVY,660f941a5c8405ca8375c7c6,TAMIL NADU,63f9be9f519359b7438d08bb,2026-09-16T18:08:21.181Z,Basthalapalli,643803,63f9c23c519359b7438d5e4f,3,100.0,0.0,0.0,3,0.0,33.33333333333333,66.66666666666666,3,0.0,66.66666666666666,33.33333333333333,3,33.33333333333333,33.33333333333333,33.33333333333333,3,100.0,0.0,3,100.0,0.0,3,33.33333333333333,66.66666666666666,3,100.0,0.0,3,0.0,100.0,3,100.0,0.0,3,0.0,100.0,0.0,3,0.0,100.0,3,n_low,p_high,k_medium,OC_low,pH_neutral,LIMITED
7,0,1,6,7,0,2,5,0,7,1,2,4,0,7,6,1,SHOOLAGIRI,6211,6492fcb3680216eb6c9409f7,2026-08-20T17:50:36.009Z,2026-27,KRISHNAGIRI,63f9c1b6519359b7438d520b,2,1,4,2026-09-16T18:06:09.078Z,0,7,0,0,0,7,4,2,1,6a873e6c8241b4e3ac630544,Soil Health Card RKVY,660f941a5c8405ca8375c7c6,TAMIL NADU,63f9be9f519359b7438d08bb,2026-09-16T18:08:21.181Z,Chennapalli,643824,63f9c23c519359b7438d5e5e,7,100.0,0.0,0.0,7,28.57142857142857,14.285714285714285,57.14285714285714,7,14.285714285714285,57.14285714285714,28.57142857142857,7,28.57142857142857,57.14285714285714,14.285714285714285,7,100.0,0.0,7,71.42857142857143,28.57142857142857,7,14.285714285714285,85.71428571428571,7,85.71428571428571,14.285714285714285,7,0.0,100.0,7,100.0,0.0,7,0.0,100.0,0.0,7,0.0,100.0,7,n_low,p_high,k_medium,OC_medium,pH_neutral,GOOD
2,0,0,2,2,0,2,0,2,0,0,2,0,0,2,0,2,SHOOLAGIRI,6211,6492fcb3680216eb6c9409f7,2026-08-20T17:50:36.009Z,2026-27,KRISHNAGIRI,63f9c1b6519359b7438d520b,1,1,0,2026-09-16T18:06:09.078Z,0,2,0,0,0,2,0,2,0,6a873e6c8241b4e3ac630545,Soil Health Card RKVY,660f941a5c8405ca8375c7c6,TAMIL NADU,63f9be9f519359b7438d08bb,2026-09-16T18:08:21.181Z,Subbagiri,643814,63f9c23d519359b7438d5e68,2,100.0,0.0,0.0,2,100.0,0.0,0.0,2,50.0,0.0,50.0,2,100.0,0.0,0.0,2,100.0,0.0,2,0.0,100.0,2,100.0,0.0,2,100.0,0.0,2,0.0,100.0,2,0.0,100.0,2,0.0,100.0,0.0,2,0.0,100.0,2,n_low,p_low,k_low,OC_low,pH_neutral,LIMITED
1,0,0,1,1,0,0,1,0,1,0,1,0,0,1,1,0,SHOOLAGIRI,6211,6492fcb3680216eb6c9409f7,2026-08-20T17:50:36.009Z,2026-27,KRISHNAGIRI,63f9c1b6519359b7438d520b,0,0,1,2026-09-16T18:06:09.078Z,0,1,0,0,0,1,0,1,0,6a873e6c8241b4e3ac630546,Soil Health Card RKVY,660f941a5c8405ca8375c7c6,TAMIL NADU,63f9be9f519359b7438d08bb,2026-09-16T18:08:21.181Z,Podur,643780,63f9c23d519359b7438d5e6d,1,100.0,0.0,0.0,1,100.0,0.0,0.0,1,0.0,100.0,0.0,1,100.0,0.0,0.0,1,100.0,0.0,1,100.0,0.0,1,0.0,100.0,1,100.0,0.0,1,0.0,100.0,1,100.0,0.0,1,0.0,100.0,0.0,1,0.0,100.0,1,n_low,p_low,k_medium,OC_low,pH_neutral,VERY_LIMITED
13,0,9,4,13,0,13,0,2,11,1,6,6,0,13,12,1,SHOOLAGIRI,6211,6492fcb3680216eb6c9409f7,2026-08-20T17:50:36.009Z,2026-27,KRISHNAGIRI,63f9c1b6519359b7438d520b,0,0,13,2026-09-16T18:06:09.078Z,0,13,0,0,0,13,9,1,3,6a873e6c8241b4e3ac630547,Soil Health Card RKVY,660f941a5c8405ca8375c7c6,TAMIL NADU,63f9be9f519359b7438d08bb,2026-09-16T18:08:21.181Z,Marandapalli,643797,63f9c23d519359b7438d5e77,13,100.0,0.0,0.0,13,7.6923076923076925,23.076923076923077,69.23076923076923,13,0.0,100.0,0.0,13,46.15384615384615,46.15384615384615,7.6923076923076925,13,100.0,0.0,13,0.0,100.0,13,7.6923076923076925,92.3076923076923,13,30.76923076923077,69.23076923076923,13,0.0,100.0,13,84.61538461538461,15.384615384615385,13,0.0,100.0,0.0,13,0.0,100.0,13,n_low,p_high,k_medium,OC_low,pH_neutral,GOOD
2,0,0,2,2,0,2,0,2,0,0,1,1,0,2,0,2,SHOOLAGIRI,6211,6492fcb3680216eb6c9409f7,2026-08-20T17:50:36.009Z,2026-27,KRISHNAGIRI,63f9c1b6519359b7438d520b,0,0,2,2026-09-16T18:06:09.078Z,0,2,0,0,0,2,1,1,0,6a873e6c8241b4e3ac630548,Soil Health Card RKVY,660f941a5c8405ca8375c7c6,TAMIL NADU,63f9be9f519359b7438d08bb,2026-09-16T18:08:21.181Z,Mettubandapalli,643831,63f9c23e519359b7438d5e81,2,100.0,0.0,0.0,2,50.0,0.0,50.0,2,0.0,100.0,0.0,2,50.0,50.0,0.0,2,100.0,0.0,2,0.0,100.0,2,100.0,0.0,2,100.0,0.0,2,0.0,100.0,2,0.0,100.0,2,0.0,100.0,0.0,2,0.0,100.0,2,n_low,p_low,k_medium,OC_low,pH_neutral,LIMITED
6,0,1,5,6,0,2,4,2,4,0,5,1,0,6,4,2,SHOOLAGIRI,6211,6492fcb3680216eb6c9409f7,2026-08-20T17:50:36.009Z,2026-27,KRISHNAGIRI,63f9c1b6519359b7438d520b,4,0,2,2026-09-16T18:06:09.078Z,0,6,0,0,0,6,1,1,4,6a873e6c8241b4e3ac630549,Soil Health Card RKVY,660f941a5c8405ca8375c7c6,TAMIL NADU,63f9be9f519359b7438d08bb,2026-09-16T18:08:21.181Z,Hosapalli,643842,63f9c23f519359b7438d5e9f,6,100.0,0.0,0.0,6,16.666666666666664,66.66666666666666,16.666666666666664,6,0.0,33.33333333333333,66.66666666666666,6,83.33333333333334,16.666666666666664,0.0,6,100.0,0.0,6,66.66666666666666,33.33333333333333,6,33.33333333333333,66.66666666666666,6,83.33333333333334,16.666666666666664,6,0.0,100.0,6,66.66666666666666,33.33333333333333,6,0.0,100.0,0.0,6,0.0,100.0,6,n_low,p_medium,k_high,OC_low,pH_neutral,GOOD
2,0,0,2,2,0,2,0,2,0,0,2,0,0,2,1,1,SHOOLAGIRI,6211,6492fcb3680216eb6c9409f7,2026-08-20T17:50:36.009Z,2026-27,KRISHNAGIRI,63f9c1b6519359b7438d520b,1,0,1,2026-09-16T18:06:09.078Z,0,2,0,0,0,2,1,1,0,6a873e6c8241b4e3ac63054a,Soil Health Card RKVY,660f941a5c8405ca8375c7c6,TAMIL NADU,63f9be9f519359b7438d08bb,2026-09-16T18:08:21.181Z,Immidinayaganapalli,643832,63f9c240519359b7438d5eb8,2,100.0,0.0,0.0,2,50.0,0.0,50.0,2,0.0,50.0,50.0,2,100.0,0.0,0.0,2,100.0,0.0,2,0.0,100.0,2,50.0,50.0,2,100.0,0.0,2,0.0,100.0,2,0.0,100.0,2,0.0,100.0,0.0,2,0.0,100.0,2,n_low,p_low,k_medium,OC_low,pH_neutral,LIMITED
8,0,0,8,8,0,8,0,8,0,1,6,1,0,8,1,7,SHOOLAGIRI,6211,6492fcb3680216eb6c9409f7,2026-08-20T17:50:36.009Z,2026-27,KRISHNAGIRI,63f9c1b6519359b7438d520b,3,3,2,2026-09-16T18:06:09.078Z,0,8,0,0,0,8,2,5,1,6a873e6c8241b4e3ac63054b,Soil Health Card RKVY,660f941a5c8405ca8375c7c6,TAMIL NADU,63f9be9f519359b7438d08bb,2026-09-16T18:08:21.181Z,Halekotta,643821,63f9c242519359b7438d5ee0,8,100.0,0.0,0.0,8,62.5,12.5,25.0,8,37.5,25.0,37.5,8,75.0,12.5,12.5,8,100.0,0.0,8,0.0,100.0,8,87.5,12.5,8,100.0,0.0,8,0.0,100.0,8,0.0,100.0,8,0.0,100.0,0.0,8,0.0,100.0,8,n_low,p_low,k_low,OC_low,pH_neutral,GOOD
2,0,0,2,2,0,2,0,2,0,0,2,0,0,2,0,2,SHOOLAGIRI,6211,6492fcb3680216eb6c9409f7,2026-08-20T17:50:36.009Z,2026-27,KRISHNAGIRI,63f9c1b6519359b7438d520b,1,1,0,2026-09-16T18:06:09.078Z,0,2,0,0,0,2,0,2,0,6a873e6c8241b4e3ac63054c,Soil Health Card RKVY,660f941a5c8405ca8375c7c6,TAMIL NADU,63f9be9f519359b7438d08bb,2026-09-16T18:08:21.181Z,Addakurukki,643795,63f9c242519359b7438d5ee5,2,100.0,0.0,0.0,2,100.0,0.0,0.0,2,50.0,0.0,50.0,2,100.0,0.0,0.0,2,100.0,0.0,2,0.0,100.0,2,100.0,0.0,2,100.0,0.0,2,0.0,100.0,2,0.0,100.0,2,0.0,100.0,0.0,2,0.0,100.0,2,n_low,p_low,k_low,OC_low,pH_neutral,LIMITED
1,0,0,1,1,0,1,0,1,0,0,1,0,0,1,0,1,SHOOLAGIRI,6211,6492fcb3680216eb6c9409f7,2026-08-20T17:50:36.009Z,2026-27,KRISHNAGIRI,63f9c1b6519359b7438d520b,1,0,0,2026-09-16T18:06:09.078Z,0,1,0,0,0,1,0,0,1,6a873e6c8241b4e3ac63054d,Soil Health Card RKVY,660f941a5c8405ca8375c7c6,TAMIL NADU,63f9be9f519359b7438d08bb,2026-09-16T18:08:21.181Z,Devarekuttapalli,643825,63f9c242519359b7438d5eea,1,100.0,0.0,0.0,1,0.0,100.0,0.0,1,0.0,0.0,100.0,1,100.0,0.0,0.0,1,100.0,0.0,1,0.0,100.0,1,100.0,0.0,1,100.0,0.0,1,0.0,100.0,1,0.0,100.0,1,0.0,100.0,0.0,1,0.0,100.0,1,n_low,p_medium,k_high,OC_low,pH_neutral,VERY_LIMITED
5,0,2,3,5,0,5,0,1,4,1,3,1,0,5,4,1,SHOOLAGIRI,6211,6492fcb3680216eb6c9409f7,2026-08-20T17:50:36.009Z,2026-27,KRISHNAGIRI,63f9c1b6519359b7438d520b,0,0,5,2026-09-16T18:06:09.078Z,0,5,0,0,0,5,3,2,0,6a873e6c8241b4e3ac63054e,Soil Health Card RKVY,660f941a5c8405ca8375c7c6,TAMIL NADU,63f9be9f519359b7438d08bb,2026-09-16T18:08:21.181Z,Pattakurubarapalli,643778,63f9c242519359b7438d5eef,5,100.0,0.0,0.0,5,40.0,0.0,60.0,5,0.0,100.0,0.0,5,60.0,20.0,20.0,5,100.0,0.0,5,0.0,100.0,5,20.0,80.0,5,60.0,40.0,5,0.0,100.0,5,80.0,20.0,5,0.0,100.0,0.0,5,0.0,100.0,5,n_low,p_high,k_medium,OC_low,pH_neutral,GOOD
4,0,0,4,4,0,4,0,4,0,0,3,1,0,4,0,4,SHOOLAGIRI,6211,6492fcb3680216eb6c9409f7,2026-08-27T17:52:33.488Z,2026-27,KRISHNAGIRI,63f9c1b6519359b7438d520b,0,3,1,2026-09-16T18:06:09.078Z,0,4,0,0,0,4,0,0,4,6a90796166839ee331802e88,Soil Health Card RKVY,660f941a5c8405ca8375c7c6,TAMIL NADU,63f9be9f519359b7438d08bb,2026-09-16T18:08:21.181Z,Doripalli,643777,63f9c243519359b7438d5ef9,4,100.0,0.0,0.0,4,0.0,100.0,0.0,4,75.0,25.0,0.0,4,75.0,25.0,0.0,4,100.0,0.0,4,0.0,100.0,4,100.0,0.0,4,100.0,0.0,4,0.0,100.0,4,0.0,100.0,4,0.0,100.0,0.0,4,0.0,100.0,4,n_low,p_medium,k_low,OC_low,pH_neutral,LIMITED
1,0,0,1,1,0,1,0,0,1,1,0,0,0,1,1,0,SHOOLAGIRI,6211,6492fcb3680216eb6c9409f7,2026-08-27T17:52:33.488Z,2026-27,KRISHNAGIRI,63f9c1b6519359b7438d520b,0,0,1,2026-09-16T18:06:09.078Z,0,1,0,0,0,1,1,0,0,6a90796166839ee331802e89,Soil Health Card RKVY,660f941a5c8405ca8375c7c6,TAMIL NADU,63f9be9f519359b7438d08bb,2026-09-16T18:08:21.181Z,Chembarasanapalli,643782,63f9c243519359b7438d5f08,1,100.0,0.0,0.0,1,0.0,0.0,100.0,1,0.0,100.0,0.0,1,0.0,0.0,100.0,1,100.0,0.0,1,0.0,100.0,1,0.0,100.0,1,100.0,0.0,1,0.0,100.0,1,100.0,0.0,1,0.0,100.0,0.0,1,0.0,100.0,1,n_low,p_high,k_medium,OC_high,pH_neutral,VERY_LIMITED
4,0,0,4,4,0,4,0,4,0,0,2,2,0,4,0,4,SHOOLAGIRI,6211,6492fcb3680216eb6c9409f7,2026-08-27T17:52:33.488Z,2026-27,KRISHNAGIRI,63f9c1b6519359b7438d520b,0,2,2,2026-09-16T18:06:09.078Z,0,4,0,0,0,4,4,0,0,6a90796166839ee331802e8a,Soil Health Card RKVY,660f941a5c8405ca8375c7c6,TAMIL NADU,63f9be9f519359b7438d08bb,2026-09-16T18:08:21.181Z,Bikkanapalli,643846,63f9c245519359b7438d5f30,4,100.0,0.0,0.0,4,0.0,0.0,100.0,4,50.0,50.0,0.0,4,50.0,50.0,0.0,4,100.0,0.0,4,0.0,100.0,4,100.0,0.0,4,100.0,0.0,4,0.0,100.0,4,0.0,100.0,4,0.0,100.0,0.0,4,0.0,100.0,4,n_low,p_high,k_low,OC_low,pH_neutral,LIMITED
3,0,0,3,3,0,3,0,3,0,2,1,0,0,3,0,3,SHOOLAGIRI,6211,6492fcb3680216eb6c9409f7,2026-08-20T17:50:36.009Z,2026-27,KRISHNAGIRI,63f9c1b6519359b7438d520b,0,2,1,2026-09-16T18:06:09.078Z,0,3,0,0,0,3,2,1,0,6a873e6c8241b4e3ac63054f,Soil Health Card RKVY,660f941a5c8405ca8375c7c6,TAMIL NADU,63f9be9f519359b7438d08bb,2026-09-16T18:08:21.181Z,Kamandoddi,643813,63f9c246519359b7438d5f49,3,100.0,0.0,0.0,3,33.33333333333333,0.0,66.66666666666666,3,66.66666666666666,33.33333333333333,0.0,3,33.33333333333333,0.0,66.66666666666666,3,100.0,0.0,3,0.0,100.0,3,100.0,0.0,3,100.0,0.0,3,0.0,100.0,3,0.0,100.0,3,0.0,100.0,0.0,3,0.0,100.0,3,n_low,p_high,k_low,OC_high,pH_neutral,LIMITED
1,0,0,1,1,0,1,0,1,0,0,1,0,0,1,0,1,SHOOLAGIRI,6211,6492fcb3680216eb6c9409f7,2026-08-20T17:50:36.009Z,2026-27,KRISHNAGIRI,63f9c1b6519359b7438d520b,1,0,0,2026-09-16T18:06:09.078Z,0,1,0,0,0,1,0,1,0,6a873e6c8241b4e3ac630550,Soil Health Card RKVY,660f941a5c8405ca8375c7c6,TAMIL NADU,63f9be9f519359b7438d08bb,2026-09-16T18:08:21.181Z,Balagondarayanadurgam,643829,63f9c248519359b7438d5f76,1,100.0,0.0,0.0,1,100.0,0.0,0.0,1,0.0,0.0,100.0,1,100.0,0.0,0.0,1,100.0,0.0,1,0.0,100.0,1,100.0,0.0,1,100.0,0.0,1,0.0,100.0,1,0.0,100.0,1,0.0,100.0,0.0,1,0.0,100.0,1,n_low,p_low,k_high,OC_low,pH_neutral,VERY_LIMITED
10,0,0,10,10,0,8,2,8,2,0,5,5,0,10,2,8,SHOOLAGIRI,6211,6492fcb3680216eb6c9409f7,2026-08-20T17:50:36.009Z,2026-27,KRISHNAGIRI,63f9c1b6519359b7438d520b,1,1,8,2026-09-16T18:06:09.078Z,0,10,0,0,0,10,10,0,0,6a873e6c8241b4e3ac630551,Soil Health Card RKVY,660f941a5c8405ca8375c7c6,TAMIL NADU,63f9be9f519359b7438d08bb,2026-09-16T18:08:21.181Z,Kalingavaram,643781,63f9c248519359b7438d5f85,10,100.0,0.0,0.0,10,0.0,0.0,100.0,10,10.0,80.0,10.0,10,50.0,50.0,0.0,10,100.0,0.0,10,20.0,80.0,10,80.0,20.0,10,100.0,0.0,10,0.0,100.0,10,20.0,80.0,10,0.0,100.0,0.0,10,0.0,100.0,10,n_low,p_high,k_medium,OC_low,pH_neutral,GOOD
1,0,0,1,1,0,0,1,0,1,0,1,0,0,1,1,0,SHOOLAGIRI,6211,6492fcb3680216eb6c9409f7,2026-08-20T17:50:36.009Z,2026-27,KRISHNAGIRI,63f9c1b6519359b7438d520b,0,1,0,2026-09-16T18:06:09.078Z,0,1,0,0,0,1,0,1,0,6a873e6c8241b4e3ac630552,Soil Health Card RKVY,660f941a5c8405ca8375c7c6,TAMIL NADU,63f9be9f519359b7438d08bb,2026-09-16T18:08:21.181Z,Chinnakudibala,643830,63f9c249519359b7438d5f8a,1,100.0,0.0,0.0,1,100.0,0.0,0.0,1,100.0,0.0,0.0,1,100.0,0.0,0.0,1,100.0,0.0,1,100.0,0.0,1,0.0,100.0,1,100.0,0.0,1,0.0,100.0,1,100.0,0.0,1,0.0,100.0,0.0,1,0.0,100.0,1,n_low,p_low,k_low,OC_low,pH_neutral,VERY_LIMITED
14,0,5,9,14,0,14,0,7,7,0,13,1,0,14,11,3,KRISHNAGIRI,6209,6492fcb4680216eb6c9409f9,2026-08-20T17:50:36.007Z,2026-27,KRISHNAGIRI,63f9c1b6519359b7438d520b,1,0,13,2026-09-16T18:06:09.078Z,0,14,0,0,3,11,14,0,0,6a873e6c8241b4e3ac630530,Soil Health Card RKVY,660f941a5c8405ca8375c7c6,TAMIL NADU,63f9be9f519359b7438d08bb,2026-09-16T18:08:21.181Z,Kammaampalli,643932,63f9c1d0519359b7438d547c,14,100.0,0.0,0.0,14,0.0,0.0,100.0,14,0.0,92.85714285714286,7.142857142857142,14,92.85714285714286,7.142857142857142,0.0,14,100.0,0.0,14,0.0,100.0,14,21.428571428571427,78.57142857142857,14,64.28571428571429,35.714285714285715,14,0.0,100.0,14,50.0,50.0,14,0.0,78.57142857142857,21.428571428571427,14,0.0,100.0,14,n_low,p_high,k_medium,OC_low,pH_neutral,GOOD
2,0,2,0,2,0,2,0,1,1,0,2,0,0,2,2,0,KRISHNAGIRI,6209,6492fcb4680216eb6c9409f9,2026-08-20T17:50:36.007Z,2026-27,KRISHNAGIRI,63f9c1b6519359b7438d520b,0,0,2,2026-09-16T18:06:09.078Z,0,2,0,0,1,1,2,0,0,6a873e6c8241b4e3ac630531,Soil Health Card RKVY,660f941a5c8405ca8375c7c6,TAMIL NADU,63f9be9f519359b7438d08bb,2026-09-16T18:08:21.181Z,Kathinayanapalli,643931,63f9c1d0519359b7438d5481,2,100.0,0.0,0.0,2,0.0,0.0,100.0,2,0.0,100.0,0.0,2,100.0,0.0,0.0,2,100.0,0.0,2,0.0,100.0,2,0.0,100.0,2,0.0,100.0,2,0.0,100.0,2,50.0,50.0,2,0.0,50.0,50.0,2,0.0,100.0,2,n_low,p_high,k_medium,OC_low,pH_neutral,LIMITED
1,0,0,1,1,0,1,0,1,0,0,1,0,0,1,0,1,KRISHNAGIRI,6209,6492fcb4680216eb6c9409f9,2026-08-20T17:50:36.007Z,2026-27,KRISHNAGIRI,63f9c1b6519359b7438d520b,0,0,1,2026-09-16T18:06:09.078Z,0,1,0,0,1,0,1,0,0,6a873e6c8241b4e3ac630532,Soil Health Card RKVY,660f941a5c8405ca8375c7c6,TAMIL NADU,63f9be9f519359b7438d08bb,2026-09-16T18:08:21.181Z,Kothigutalapalli,643919,63f9c1d3519359b7438d54b8,1,100.0,0.0,0.0,1,0.0,0.0,100.0,1,0.0,100.0,0.0,1,100.0,0.0,0.0,1,100.0,0.0,1,0.0,100.0,1,100.0,0.0,1,100.0,0.0,1,0.0,100.0,1,0.0,100.0,1,0.0,0.0,100.0,1,0.0,100.0,1,n_low,p_high,k_medium,OC_low,pH_alkaline,VERY_LIMITED
3,0,0,3,3,0,3,0,2,1,0,3,0,0,3,2,1,KRISHNAGIRI,6209,6492fcb4680216eb6c9409f9,2026-08-20T17:50:36.007Z,2026-27,KRISHNAGIRI,63f9c1b6519359b7438d520b,2,0,1,2026-09-16T18:06:09.078Z,0,3,0,0,1,2,3,0,0,6a873e6c8241b4e3ac630533,Soil Health Card RKVY,660f941a5c8405ca8375c7c6,TAMIL NADU,63f9be9f519359b7438d08bb,2026-09-16T18:08:21.181Z,Krishnagiri,933619,63f9c1d9519359b7438d5558,3,100.0,0.0,0.0,3,0.0,0.0,100.0,3,0.0,33.33333333333333,66.66666666666666,3,100.0,0.0,0.0,3,100.0,0.0,3,0.0,100.0,3,33.33333333333333,66.66666666666666,3,100.0,0.0,3,0.0,100.0,3,33.33333333333333,66.66666666666666,3,0.0,66.66666666666666,33.33333333333333,3,0.0,100.0,3,n_low,p_high,k_high,OC_low,pH_neutral,LIMITED
20,0,0,20,20,0,12,8,8,12,0,17,3,0,20,19,1,KRISHNAGIRI,6209,6492fcb4680216eb6c9409f9,2026-08-25T17:49:02.133Z,2026-27,KRISHNAGIRI,63f9c1b6519359b7438d520b,0,19,1,2026-09-16T18:06:09.078Z,0,20,0,0,0,20,18,0,2,6a8dd58e23717158623c4fbd,Soil Health Card RKVY,660f941a5c8405ca8375c7c6,TAMIL NADU,63f9be9f519359b7438d08bb,2026-09-16T18:08:21.181Z,Agaram,643952,63f9c1e2519359b7438d55ee,20,100.0,0.0,0.0,20,0.0,10.0,90.0,20,95.0,5.0,0.0,20,85.0,15.0,0.0,20,100.0,0.0,20,40.0,60.0,20,5.0,95.0,20,100.0,0.0,20,0.0,100.0,20,60.0,40.0,20,0.0,100.0,0.0,20,0.0,100.0,20,n_low,p_high,k_low,OC_low,pH_neutral,GOOD
20,0,5,15,20,0,19,0,18,2,0,19,1,0,20,18,1,KRISHNAGIRI,6209,6492fcb4680216eb6c9409f9,2026-08-20T17:50:36.008Z,2026-27,KRISHNAGIRI,63f9c1b6519359b7438d520b,0,16,4,2026-09-16T18:06:09.078Z,0,20,0,0,0,20,20,0,0,6a873e6c8241b4e3ac630534,Soil Health Card RKVY,660f941a5c8405ca8375c7c6,TAMIL NADU,63f9be9f519359b7438d08bb,2026-09-16T18:08:21.181Z,Peddatalapalli,643942,63f9c1e3519359b7438d5607,20,100.0,0.0,0.0,20,0.0,0.0,100.0,20,80.0,20.0,0.0,20,95.0,5.0,0.0,20,100.0,0.0,19,0.0,100.0,19,5.263157894736842,94.73684210526315,20,75.0,25.0,20,0.0,100.0,20,10.0,90.0,20,0.0,100.0,0.0,20,0.0,100.0,20,n_low,p_high,k_low,OC_low,pH_neutral,GOOD
0,10,0,10,10,0,0,10,0,10,0,10,0,0,10,4,6,KAVERIPATTINAM,6207,6492fcb4680216eb6c9409fb,2026-08-25T17:49:02.133Z,2026-27,KRISHNAGIRI,63f9c1b6519359b7438d520b,4,0,6,2026-09-16T18:06:09.078Z,0,10,0,0,0,10,6,1,3,6a8dd58e23717158623c4fba,Soil Health Card RKVY,660f941a5c8405ca8375c7c6,TAMIL NADU,63f9be9f519359b7438d08bb,2026-09-16T18:08:21.181Z,Paiyur,643985,63f9c1dc519359b7438d5599,10,100.0,0.0,0.0,10,10.0,30.0,60.0,10,0.0,60.0,40.0,10,100.0,0.0,0.0,10,100.0,0.0,10,100.0,0.0,10,60.0,40.0,10,100.0,0.0,10,100.0,0.0,10,100.0,0.0,10,0.0,100.0,0.0,10,0.0,100.0,10,n_low,p_high,k_medium,OC_low,pH_neutral,GOOD
0,5,0,5,5,0,0,5,0,5,0,5,0,0,5,1,4,KAVERIPATTINAM,6207,6492fcb4680216eb6c9409fb,2026-08-25T17:49:02.133Z,2026-27,KRISHNAGIRI,63f9c1b6519359b7438d520b,0,1,4,2026-09-16T18:06:09.078Z,0,5,0,0,1,4,1,1,3,6a8dd58e23717158623c4fbb,Soil Health Card RKVY,660f941a5c8405ca8375c7c6,TAMIL NADU,63f9be9f519359b7438d08bb,2026-09-16T18:08:21.181Z,Timmapuram,643971,63f9c1de519359b7438d55c6,5,100.0,0.0,0.0,5,20.0,60.0,20.0,5,20.0,80.0,0.0,5,100.0,0.0,0.0,5,100.0,0.0,5,100.0,0.0,5,80.0,20.0,5,100.0,0.0,5,100.0,0.0,5,100.0,0.0,5,0.0,80.0,20.0,5,0.0,100.0,5,n_low,p_medium,k_medium,OC_low,pH_neutral,GOOD
0,5,0,5,5,0,0,5,0,5,0,5,0,0,5,2,3,KAVERIPATTINAM,6207,6492fcb4680216eb6c9409fb,2026-08-25T17:49:02.133Z,2026-27,KRISHNAGIRI,63f9c1b6519359b7438d520b,0,1,4,2026-09-16T18:06:09.078Z,0,5,0,0,0,5,0,1,4,6a8dd58e23717158623c4fbc,Soil Health Card RKVY,660f941a5c8405ca8375c7c6,TAMIL NADU,63f9be9f519359b7438d08bb,2026-09-16T18:08:21.181Z,Sundekuppam,643970,63f9c1de519359b7438d55cb,5,100.0,0.0,0.0,5,20.0,80.0,0.0,5,20.0,80.0,0.0,5,100.0,0.0,0.0,5,100.0,0.0,5,100.0,0.0,5,60.0,40.0,5,100.0,0.0,5,100.0,0.0,5,100.0,0.0,5,0.0,100.0,0.0,5,0.0,100.0,5,n_low,p_medium,k_medium,OC_low,pH_neutral,GOOD
0,6,0,6,6,0,0,6,0,6,0,6,0,0,6,3,3,KAVERIPATTINAM,6207,6492fcb4680216eb6c9409fb,2026-08-20T17:50:36.008Z,2026-27,KRISHNAGIRI,63f9c1b6519359b7438d520b,0,0,6,2026-09-16T18:06:09.078Z,0,6,0,0,0,6,0,6,0,6a873e6c8241b4e3ac630537,Soil Health Card RKVY,660f941a5c8405ca8375c7c6,TAMIL NADU,63f9be9f519359b7438d08bb,2026-09-16T18:08:21.181Z,Keelkuppam,644147,63f9c203519359b7438d58f4,6,100.0,0.0,0.0,6,100.0,0.0,0.0,6,0.0,100.0,0.0,6,100.0,0.0,0.0,6,100.0,0.0,6,100.0,0.0,6,50.0,50.0,6,100.0,0.0,6,100.0,0.0,6,100.0,0.0,6,0.0,100.0,0.0,6,0.0,100.0,6,n_low,p_low,k_medium,OC_low,pH_neutral,GOOD
0,4,0,4,4,0,0,4,0,4,0,3,1,0,4,0,4,KAVERIPATTINAM,6207,6492fcb4680216eb6c9409fb,2026-08-20T17:50:36.008Z,2026-27,KRISHNAGIRI,63f9c1b6519359b7438d520b,0,0,4,2026-09-16T18:06:09.078Z,0,4,0,0,0,4,0,4,0,6a873e6c8241b4e3ac630538,Soil Health Card RKVY,660f941a5c8405ca8375c7c6,TAMIL NADU,63f9be9f519359b7438d08bb,2026-09-16T18:08:21.181Z,Barur,644148,63f9c204519359b7438d590d,4,100.0,0.0,0.0,4,100.0,0.0,0.0,4,0.0,100.0,0.0,4,75.0,25.0,0.0,4,100.0,0.0,4,100.0,0.0,4,100.0,0.0,4,100.0,0.0,4,100.0,0.0,4,100.0,0.0,4,0.0,100.0,0.0,4,0.0,100.0,4,n_low,p_low,k_medium,OC_low,pH_neutral,LIMITED
0,9,1,8,9,0,0,9,9,0,0,8,1,1,8,6,3,KAVERIPATTINAM,6207,6492fcb4680216eb6c9409fb,2026-08-24T17:50:38.303Z,2026-27,KRISHNAGIRI,63f9c1b6519359b7438d520b,0,2,7,2026-09-16T18:06:09.078Z,0,9,0,0,0,9,0,9,0,6a8c846e2ce21ef285530e11,Soil Health Card RKVY,660f941a5c8405ca8375c7c6,TAMIL NADU,63f9be9f519359b7438d08bb,2026-09-16T18:08:21.181Z,Veeramalai,644136,63f9c208519359b7438d5976,9,100.0,0.0,0.0,9,100.0,0.0,0.0,9,22.22222222222222,77.77777777777779,0.0,9,88.88888888888889,11.11111111111111,0.0,9,88.88888888888889,11.11111111111111,9,100.0,0.0,9,33.33333333333333,66.66666666666666,9,88.88888888888889,11.11111111111111,9,100.0,0.0,9,0.0,100.0,9,0.0,100.0,0.0,9,0.0,100.0,9,n_low,p_low,k_medium,OC_low,pH_neutral,GOOD
0,5,0,5,5,0,0,5,0,5,0,5,0,0,5,0,5,UTHANGARAI,6213,6492fcb4680216eb6c9409fd,2026-08-24T17:50:38.303Z,2026-27,KRISHNAGIRI,63f9c1b6519359b7438d520b,0,0,5,2026-09-16T18:06:09.078Z,0,5,0,0,1,4,1,0,4,6a8c846e2ce21ef285530e12,Soil Health Card RKVY,660f941a5c8405ca8375c7c6,TAMIL NADU,63f9be9f519359b7438d08bb,2026-09-16T18:08:21.181Z,Keelkuppam,644299,63f9c20f519359b7438d5a1d,5,100.0,0.0,0.0,5,0.0,80.0,20.0,5,0.0,100.0,0.0,5,100.0,0.0,0.0,5,100.0,0.0,5,100.0,0.0,5,100.0,0.0,5,100.0,0.0,5,100.0,0.0,5,100.0,0.0,5,0.0,80.0,20.0,5,0.0,100.0,5,n_low,p_medium,k_medium,OC_low,pH_neutral,GOOD
0,5,0,5,5,0,0,5,1,4,0,3,2,0,5,1,4,UTHANGARAI,6213,6492fcb4680216eb6c9409fd,2026-08-20T17:50:36.008Z,2026-27,KRISHNAGIRI,63f9c1b6519359b7438d520b,3,0,2,2026-09-16T18:06:09.078Z,0,5,0,0,0,5,5,0,0,6a873e6c8241b4e3ac630539,Soil Health Card RKVY,660f941a5c8405ca8375c7c6,TAMIL NADU,63f9be9f519359b7438d08bb,2026-09-16T18:08:21.181Z,Gendiganur,644284,63f9c20f519359b7438d5a2c,5,100.0,0.0,0.0,5,0.0,0.0,100.0,5,0.0,40.0,60.0,5,60.0,40.0,0.0,5,100.0,0.0,5,100.0,0.0,5,80.0,20.0,5,100.0,0.0,5,100.0,0.0,5,80.0,20.0,5,0.0,100.0,0.0,5,0.0,100.0,5,n_low,p_high,k_high,OC_low,pH_neutral,GOOD
0,1,0,1,1,0,0,1,0,1,0,0,1,0,1,1,0,UTHANGARAI,6213,6492fcb4680216eb6c9409fd,2026-08-25T17:49:02.135Z,2026-27,KRISHNAGIRI,63f9c1b6519359b7438d520b,0,0,1,2026-09-16T18:06:09.078Z,0,1,0,0,0,1,0,1,0,6a8dd58e23717158623c4fc0,Soil Health Card RKVY,660f941a5c8405ca8375c7c6,TAMIL NADU,63f9be9f519359b7438d08bb,2026-09-16T18:08:21.181Z,Karumandapathi,644165,63f9c21b519359b7438d5b44,1,100.0,0.0,0.0,1,100.0,0.0,0.0,1,0.0,100.0,0.0,1,0.0,100.0,0.0,1,100.0,0.0,1,100.0,0.0,1,0.0,100.0,1,100.0,0.0,1,100.0,0.0,1,100.0,0.0,1,0.0,100.0,0.0,1,0.0,100.0,1,n_low,p_low,k_medium,OC_medium,pH_neutral,VERY_LIMITED
0,5,0,5,5,0,0,5,0,5,0,5,0,0,5,1,4,UTHANGARAI,6213,6492fcb4680216eb6c9409fd,2026-08-24T17:50:38.304Z,2026-27,KRISHNAGIRI,63f9c1b6519359b7438d520b,0,1,4,2026-09-16T18:06:09.078Z,0,5,0,0,0,5,0,0,5,6a8c846e2ce21ef285530e13,Soil Health Card RKVY,660f941a5c8405ca8375c7c6,TAMIL NADU,63f9be9f519359b7438d08bb,2026-09-16T18:08:21.181Z,Moongileri,644328,63f9c222519359b7438d5bdf,5,100.0,0.0,0.0,5,0.0,100.0,0.0,5,20.0,80.0,0.0,5,100.0,0.0,0.0,5,100.0,0.0,5,100.0,0.0,5,80.0,20.0,5,100.0,0.0,5,100.0,0.0,5,100.0,0.0,5,0.0,100.0,0.0,5,0.0,100.0,5,n_low,p_medium,k_medium,OC_low,pH_neutral,GOOD
0,2,0,2,2,0,0,2,0,2,0,2,0,0,2,0,2,UTHANGARAI,6213,6492fcb4680216eb6c9409fd,2026-08-25T17:49:02.135Z,2026-27,KRISHNAGIRI,63f9c1b6519359b7438d520b,0,1,1,2026-09-16T18:06:09.078Z,0,2,0,0,0,2,0,1,1,6a8dd58e23717158623c4fc1,Soil Health Card RKVY,660f941a5c8405ca8375c7c6,TAMIL NADU,63f9be9f519359b7438d08bb,2026-09-16T18:08:21.181Z,Muthampatti,644161,63f9c225519359b7438d5c2a,2,100.0,0.0,0.0,2,50.0,50.0,0.0,2,50.0,50.0,0.0,2,100.0,0.0,0.0,2,100.0,0.0,2,100.0,0.0,2,100.0,0.0,2,100.0,0.0,2,100.0,0.0,2,100.0,0.0,2,0.0,100.0,0.0,2,0.0,100.0,2,n_low,p_low,k_low,OC_low,pH_neutral,LIMITED
0,7,0,7,7,0,2,5,4,3,0,6,1,0,7,1,6,UTHANGARAI,6213,6492fcb4680216eb6c9409fd,2026-08-25T17:49:02.135Z,2026-27,KRISHNAGIRI,63f9c1b6519359b7438d520b,0,3,4,2026-09-16T18:06:09.078Z,0,7,0,0,0,7,0,7,0,6a8dd58e23717158623c4fc2,Soil Health Card RKVY,660f941a5c8405ca8375c7c6,TAMIL NADU,63f9be9f519359b7438d08bb,2026-09-16T18:08:21.181Z,Elachyur,644166,63f9c226519359b7438d5c3e,7,100.0,0.0,0.0,7,100.0,0.0,0.0,7,42.857142857142854,57.14285714285714,0.0,7,85.71428571428571,14.285714285714285,0.0,7,100.0,0.0,7,71.42857142857143,28.57142857142857,7,85.71428571428571,14.285714285714285,7,100.0,0.0,7,100.0,0.0,7,42.857142857142854,57.14285714285714,7,0.0,100.0,0.0,7,0.0,100.0,7,n_low,p_low,k_medium,OC_low,pH_neutral,GOOD
0,5,0,5,5,0,0,5,4,1,0,2,3,0,5,2,3,UTHANGARAI,6213,6492fcb4680216eb6c9409fd,2026-08-20T17:50:36.008Z,2026-27,KRISHNAGIRI,63f9c1b6519359b7438d520b,2,0,3,2026-09-16T18:06:09.078Z,0,5,0,0,0,5,5,0,0,6a873e6c8241b4e3ac63053b,Soil Health Card RKVY,660f941a5c8405ca8375c7c6,TAMIL NADU,63f9be9f519359b7438d08bb,2026-09-16T18:08:21.181Z,Naickanur,644285,63f9c229519359b7438d5c8e,5,100.0,0.0,0.0,5,0.0,0.0,100.0,5,0.0,60.0,40.0,5,40.0,60.0,0.0,5,100.0,0.0,5,100.0,0.0,5,60.0,40.0,5,100.0,0.0,5,100.0,0.0,5,20.0,80.0,5,0.0,100.0,0.0,5,0.0,100.0,5,n_low,p_high,k_medium,OC_medium,pH_neutral,GOOD
27,23,0,50,50,0,0,50,0,50,0,18,32,39,11,0,50,MADURAI EAST,6219,6492fcb4680216eb6c940a01,2026-09-16T18:08:24.830Z,2026-27,MADURAI,63f9c24d519359b7438d5fe5,13,0,37,2026-09-16T18:06:09.078Z,0,50,0,0,0,50,46,0,4,6aaadb18815951ad19d1c51a,Soil Health Card RKVY,660f941a5c8405ca8375c7c6,TAMIL NADU,63f9be9f519359b7438d08bb,2026-09-16T18:08:24.830Z,Mangulam BIT 2,933686,63f9c2b8519359b7438d6980,50,100.0,0.0,0.0,50,0.0,8.0,92.0,50,0.0,74.0,26.0,50,36.0,64.0,0.0,50,22.0,78.0,50,100.0,0.0,50,100.0,0.0,50,100.0,0.0,50,46.0,54.0,50,100.0,0.0,50,0.0,100.0,0.0,50,0.0,100.0,50,n_low,p_high,k_medium,OC_medium,pH_neutral,GOOD
4,6,1,9,10,0,4,6,0,10,0,4,6,8,2,10,0,MADURAI EAST,6219,6492fcb4680216eb6c940a01,2026-09-15T18:09:34.208Z,2026-27,MADURAI,63f9c24d519359b7438d5fe5,7,0,3,2026-09-16T18:06:09.078Z,0,10,0,0,0,10,8,0,2,6aa989de05ad99588db77b0c,Soil Health Card RKVY,660f941a5c8405ca8375c7c6,TAMIL NADU,63f9be9f519359b7438d08bb,2026-09-16T18:08:21.181Z,Idayapatti,640676,63f9c2c2519359b7438d6a6b,10,100.0,0.0,0.0,10,0.0,20.0,80.0,10,0.0,30.0,70.0,10,40.0,60.0,0.0,10,20.0,80.0,10,60.0,40.0,10,0.0,100.0,10,90.0,10.0,10,60.0,40.0,10,100.0,0.0,10,0.0,100.0,0.0,10,0.0,100.0,10,n_low,p_high,k_high,OC_medium,pH_neutral,GOOD
4,9,0,13,13,0,4,9,1,12,0,4,9,8,5,13,0,MADURAI EAST,6219,6492fcb4680216eb6c940a01,2026-09-15T18:09:34.208Z,2026-27,MADURAI,63f9c24d519359b7438d5fe5,0,13,0,2026-09-16T18:06:09.078Z,0,13,0,0,0,13,0,13,0,6aa989de05ad99588db77b0d,Soil Health Card RKVY,660f941a5c8405ca8375c7c6,TAMIL NADU,63f9be9f519359b7438d08bb,2026-09-16T18:08:21.181Z,Rajakur,640662,63f9c2c3519359b7438d6a84,13,100.0,0.0,0.0,13,100.0,0.0,0.0,13,100.0,0.0,0.0,13,30.76923076923077,69.23076923076923,0.0,13,38.46153846153847,61.53846153846154,13,69.23076923076923,30.76923076923077,13,0.0,100.0,13,100.0,0.0,13,69.23076923076923,30.76923076923077,13,92.3076923076923,7.6923076923076925,13,0.0,100.0,0.0,13,0.0,100.0,13,n_low,p_low,k_low,OC_medium,pH_neutral,GOOD
5,7,2,10,12,0,9,3,0,12,1,1,10,8,4,11,1,MADURAI EAST,6219,6492fcb4680216eb6c940a01,2026-09-15T18:09:34.208Z,2026-27,MADURAI,63f9c24d519359b7438d5fe5,10,0,2,2026-09-16T18:06:09.078Z,0,12,0,0,0,12,11,0,1,6aa989de05ad99588db77b0e,Soil Health Card RKVY,660f941a5c8405ca8375c7c6,TAMIL NADU,63f9be9f519359b7438d08bb,2026-09-16T18:08:21.181Z,Sivalingam,640654,63f9c2c3519359b7438d6a8e,12,100.0,0.0,0.0,12,0.0,8.333333333333332,91.66666666666666,12,0.0,16.666666666666664,83.33333333333334,12,8.333333333333332,83.33333333333334,8.333333333333332,12,33.33333333333333,66.66666666666666,12,25.0,75.0,12,8.333333333333332,91.66666666666666,12,83.33333333333334,16.666666666666664,12,58.333333333333336,41.66666666666667,12,100.0,0.0,12,0.0,100.0,0.0,12,0.0,100.0,12,n_low,p_high,k_high,OC_medium,pH_neutral,GOOD
6,9,2,13,15,0,14,1,0,15,1,0,14,10,5,5,10,MADURAI EAST,6219,6492fcb4680216eb6c940a01,2026-09-15T18:09:34.208Z,2026-27,MADURAI,63f9c24d519359b7438d5fe5,15,0,0,2026-09-16T18:06:09.078Z,0,15,0,0,0,15,15,0,0,6aa989de05ad99588db77b0f,Soil Health Card RKVY,660f941a5c8405ca8375c7c6,TAMIL NADU,63f9be9f519359b7438d08bb,2026-09-16T18:08:21.181Z,Thirukanai,640645,63f9c2c4519359b7438d6a98,15,100.0,0.0,0.0,15,0.0,0.0,100.0,15,0.0,0.0,100.0,15,0.0,93.33333333333333,6.666666666666667,15,33.33333333333333,66.66666666666666,15,6.666666666666667,93.33333333333333,15,66.66666666666666,33.33333333333333,15,86.66666666666667,13.333333333333334,15,60.0,40.0,15,100.0,0.0,15,0.0,100.0,0.0,15,0.0,100.0,15,n_low,p_high,k_high,OC_medium,pH_neutral,GOOD
38,32,0,70,70,0,16,54,0,70,3,6,61,50,20,16,54,MELUR,6221,6492fcb4680216eb6c940a07,2026-09-15T18:09:34.207Z,2026-27,MADURAI,63f9c24d519359b7438d5fe5,61,0,9,2026-09-16T18:06:09.078Z,0,70,0,0,0,70,70,0,0,6aa989de05ad99588db77b07,Soil Health Card RKVY,660f941a5c8405ca8375c7c6,TAMIL NADU,63f9be9f519359b7438d08bb,2026-09-16T18:08:21.181Z,Thanaiyamangalam,640525,63f9c252519359b7438d6053,70,100.0,0.0,0.0,70,0.0,0.0,100.0,70,0.0,12.857142857142856,87.14285714285714,70,8.571428571428571,87.14285714285714,4.285714285714286,70,28.57142857142857,71.42857142857143,70,77.14285714285715,22.857142857142858,70,77.14285714285715,22.857142857142858,70,100.0,0.0,70,45.714285714285715,54.285714285714285,70,100.0,0.0,70,0.0,100.0,0.0,70,0.0,100.0,70,n_low,p_high,k_high,OC_medium,pH_neutral,GOOD
13,10,0,23,23,0,7,16,0,23,0,2,21,17,6,2,21,MELUR,6221,6492fcb4680216eb6c940a07,2026-09-15T18:09:34.208Z,2026-27,MADURAI,63f9c24d519359b7438d5fe5,22,0,1,2026-09-16T18:06:09.078Z,0,23,0,0,0,23,23,0,0,6aa989de05ad99588db77b08,Soil Health Card RKVY,660f941a5c8405ca8375c7c6,TAMIL NADU,63f9be9f519359b7438d08bb,2026-09-16T18:08:21.181Z,Pudusukkampatti,640520,63f9c257519359b7438d60d0,23,100.0,0.0,0.0,23,0.0,0.0,100.0,23,0.0,4.3478260869565215,95.65217391304348,23,8.695652173913043,91.30434782608695,0.0,23,26.08695652173913,73.91304347826086,23,69.56521739130434,30.434782608695656,23,91.30434782608695,8.695652173913043,23,100.0,0.0,23,43.47826086956522,56.52173913043478,23,100.0,0.0,23,0.0,100.0,0.0,23,0.0,100.0,23,n_low,p_high,k_high,OC_medium,pH_neutral,GOOD
0,1,0,1,1,0,0,1,0,1,0,0,1,1,0,0,1,MELUR,6221,6492fcb4680216eb6c940a07,2026-09-15T18:09:34.208Z,2026-27,MADURAI,63f9c24d519359b7438d5fe5,1,0,0,2026-09-16T18:06:09.078Z,0,1,0,0,0,1,1,0,0,6aa989de05ad99588db77b09,Soil Health Card RKVY,660f941a5c8405ca8375c7c6,TAMIL NADU,63f9be9f519359b7438d08bb,2026-09-16T18:08:21.181Z,Kallampatti,640528,63f9c25a519359b7438d6120,1,100.0,0.0,0.0,1,0.0,0.0,100.0,1,0.0,0.0,100.0,1,0.0,100.0,0.0,1,0.0,100.0,1,100.0,0.0,1,100.0,0.0,1,100.0,0.0,1,100.0,0.0,1,100.0,0.0,1,0.0,100.0,0.0,1,0.0,100.0,1,n_low,p_high,k_high,OC_medium,pH_neutral,VERY_LIMITED
12,12,0,24,24,0,16,8,0,24,1,0,23,18,6,19,5,MELUR,6221,6492fcb4680216eb6c940a07,2026-09-15T18:09:34.208Z,2026-27,MADURAI,63f9c24d519359b7438d5fe5,24,0,0,2026-09-16T18:06:09.078Z,0,24,0,0,0,24,24,0,0,6aa989de05ad99588db77b0a,Soil Health Card RKVY,660f941a5c8405ca8375c7c6,TAMIL NADU,63f9be9f519359b7438d08bb,2026-09-16T18:08:21.181Z,Surakkundu,640527,63f9c25b519359b7438d612f,24,100.0,0.0,0.0,24,0.0,0.0,100.0,24,0.0,0.0,100.0,24,0.0,95.83333333333334,4.166666666666666,24,25.0,75.0,24,33.33333333333333,66.66666666666666,24,20.833333333333336,79.16666666666666,24,100.0,0.0,24,50.0,50.0,24,100.0,0.0,24,0.0,100.0,0.0,24,0.0,100.0,24,n_low,p_high,k_high,OC_medium,pH_neutral,GOOD
2,0,0,2,2,0,1,1,0,2,0,0,2,1,1,2,0,MELUR,6221,6492fcb4680216eb6c940a07,2026-09-15T18:09:34.208Z,2026-27,MADURAI,63f9c24d519359b7438d5fe5,2,0,0,2026-09-16T18:06:09.078Z,0,2,0,0,0,2,2,0,0,6aa989de05ad99588db77b0b,Soil Health Card RKVY,660f941a5c8405ca8375c7c6,TAMIL NADU,63f9be9f519359b7438d08bb,2026-09-16T18:08:21.181Z,Melur,933575,63f9c25e519359b7438d6161,2,100.0,0.0,0.0,2,0.0,0.0,100.0,2,0.0,0.0,100.0,2,0.0,100.0,0.0,2,50.0,50.0,2,50.0,50.0,2,0.0,100.0,2,100.0,0.0,2,0.0,100.0,2,100.0,0.0,2,0.0,100.0,0.0,2,0.0,100.0,2,n_low,p_high,k_high,OC_medium,pH_neutral,LIMITED
65,45,0,110,110,0,2,108,2,108,0,59,51,83,27,18,92,KOTTAMPATTI,6218,6492fcb4680216eb6c940a09,2026-09-11T18:14:53.278Z,2026-27,MADURAI,63f9c24d519359b7438d5fe5,100,3,7,2026-09-16T18:06:09.078Z,0,110,0,1,1,108,101,1,8,6aa4451dbe4706ff667e9531,Soil Health Card RKVY,660f941a5c8405ca8375c7c6,TAMIL NADU,63f9be9f519359b7438d08bb,2026-09-16T18:08:21.181Z,Melavalavu,640505,63f9c252519359b7438d605d,110,100.0,0.0,0.0,110,0.9090909090909091,7.2727272727272725,91.81818181818183,110,2.727272727272727,6.363636363636363,90.9090909090909,110,53.63636363636364,46.36363636363636,0.0,110,24.545454545454547,75.45454545454545,110,98.18181818181819,1.8181818181818181,110,83.63636363636363,16.363636363636363,110,100.0,0.0,110,40.909090909090914,59.09090909090909,110,98.18181818181819,1.8181818181818181,110,0.9090909090909091,98.18181818181819,0.9090909090909091,110,0.0,100.0,110,n_low,p_high,k_high,OC_low,pH_neutral,GOOD
46,29,0,75,75,0,21,54,0,75,0,47,28,46,29,23,52,ALANGANALLUR,6215,6492fcb5680216eb6c940a15,2026-09-03T18:08:02.692Z,2026-27,MADURAI,63f9c24d519359b7438d5fe5,75,0,0,2026-09-16T18:06:09.078Z,0,75,0,0,0,75,74,0,1,6a99b7820649dfa6ff11f3b8,Soil Health Card RKVY,660f941a5c8405ca8375c7c6,TAMIL NADU,63f9be9f519359b7438d08bb,2026-09-16T18:08:21.181Z,Alanganallur,933744,63f9c283519359b7438d64c6,75,100.0,0.0,0.0,75,0.0,1.3333333333333335,98.66666666666667,75,0.0,0.0,100.0,75,62.66666666666667,37.333333333333336,0.0,75,38.666666666666664,61.33333333333333,75,72.0,28.000000000000004,75,69.33333333333334,30.666666666666664,75,100.0,0.0,75,38.666666666666664,61.33333333333333,75,100.0,0.0,75,0.0,100.0,0.0,75,0.0,100.0,75,n_low,p_high,k_high,OC_low,pH_neutral,GOOD
0,2,0,2,2,0,2,0,0,2,0,2,0,2,0,0,2,MOHANUR,6244,6492fcb6680216eb6c940a37,2026-09-16T18:08:24.830Z,2026-27,NAMAKKAL,63f9c314519359b7438d7227,2,0,0,2026-09-16T18:06:09.078Z,0,2,0,0,0,2,2,0,0,6aaadb18815951ad19d1c51b,Soil Health Card RKVY,660f941a5c8405ca8375c7c6,TAMIL NADU,63f9be9f519359b7438d08bb,2026-09-16T18:08:24.830Z,Oruvandur,634693,63f9c374519359b7438d7b27,2,100.0,0.0,0.0,2,0.0,0.0,100.0,2,0.0,0.0,100.0,2,100.0,0.0,0.0,2,0.0,100.0,2,0.0,100.0,2,100.0,0.0,2,100.0,0.0,2,100.0,0.0,2,100.0,0.0,2,0.0,100.0,0.0,2,0.0,100.0,2,n_low,p_high,k_high,OC_low,pH_neutral,LIMITED
0,12,2,10,12,0,12,0,12,0,0,12,0,10,2,12,0,NAMAKKAL,6246,6492fcb6680216eb6c940a3b,2026-09-10T18:12:36.884Z,2026-27,NAMAKKAL,63f9c314519359b7438d7227,12,0,0,2026-09-16T18:06:09.078Z,0,12,0,0,0,12,3,7,2,6aa2f314dfa3538f38d2650e,Soil Health Card RKVY,660f941a5c8405ca8375c7c6,TAMIL NADU,63f9be9f519359b7438d08bb,2026-09-16T18:08:21.181Z,Periya Goundampalayam ,931976,63f9c33f519359b7438d7645,12,100.0,0.0,0.0,12,58.333333333333336,16.666666666666664,25.0,12,0.0,0.0,100.0,12,100.0,0.0,0.0,12,16.666666666666664,83.33333333333334,12,0.0,100.0,12,0.0,100.0,12,83.33333333333334,16.666666666666664,12,100.0,0.0,12,0.0,100.0,12,0.0,100.0,0.0,12,0.0,100.0,12,n_low,p_low,k_high,OC_low,pH_neutral,GOOD
20,0,0,20,20,0,20,0,5,15,0,20,0,2,18,20,0,VEPPUR,6263,6492fcb7680216eb6c940a4f,2026-09-16T18:08:24.830Z,2026-27,PERAMBALUR,63f9c378519359b7438d7b94,3,0,17,2026-09-16T18:06:09.078Z,0,20,0,0,0,20,0,0,20,6aaadb18815951ad19d1c51c,Soil Health Card RKVY,660f941a5c8405ca8375c7c6,TAMIL NADU,63f9be9f519359b7438d08bb,2026-09-16T18:08:24.830Z,Peramathur (South),636235,63f9c397519359b7438d7e54,20,100.0,0.0,0.0,20,0.0,100.0,0.0,20,0.0,85.0,15.0,20,100.0,0.0,0.0,20,90.0,10.0,20,0.0,100.0,20,0.0,100.0,20,100.0,0.0,20,0.0,100.0,20,75.0,25.0,20,0.0,100.0,0.0,20,0.0,100.0,20,n_low,p_medium,k_medium,OC_low,pH_neutral,GOOD
75,0,0,75,75,0,75,0,0,75,0,75,0,75,0,75,0,VEPPUR,6263,6492fcb7680216eb6c940a4f,2026-09-09T18:08:01.611Z,2026-27,PERAMBALUR,63f9c378519359b7438d7b94,73,0,2,2026-09-16T18:06:09.078Z,0,75,0,0,0,75,1,13,61,6aa1a081a9301e4c4acd10e7,Soil Health Card RKVY,660f941a5c8405ca8375c7c6,TAMIL NADU,63f9be9f519359b7438d08bb,2026-09-16T18:08:21.181Z,Perumathur (North),636231,63f9c398519359b7438d7e6d,75,100.0,0.0,0.0,75,17.333333333333336,81.33333333333333,1.3333333333333335,75,0.0,2.666666666666667,97.33333333333334,75,100.0,0.0,0.0,75,0.0,100.0,75,0.0,100.0,75,0.0,100.0,75,100.0,0.0,75,0.0,100.0,75,100.0,0.0,75,0.0,100.0,0.0,75,0.0,100.0,75,n_low,p_medium,k_high,OC_low,pH_neutral,GOOD
1,0,0,1,1,0,1,0,0,1,0,1,0,0,1,1,0,ANNAVASAL,6264,6492fcb8680216eb6c940a61,2026-09-16T18:08:24.830Z,2026-27,PUDUKKOTTAI,63f9c39d519359b7438d7eda,1,0,0,2026-09-16T18:06:09.078Z,0,1,0,0,0,1,1,0,0,6aaadb18815951ad19d1c51d,Soil Health Card RKVY,660f941a5c8405ca8375c7c6,TAMIL NADU,63f9be9f519359b7438d08bb,2026-09-16T18:08:24.830Z,Talinji,639265,63f9c3a0519359b7438d7f2a,1,100.0,0.0,0.0,1,0.0,0.0,100.0,1,0.0,0.0,100.0,1,100.0,0.0,0.0,1,100.0,0.0,1,0.0,100.0,1,0.0,100.0,1,100.0,0.0,1,0.0,100.0,1,100.0,0.0,1,0.0,100.0,0.0,1,0.0,100.0,1,n_low,p_high,k_high,OC_low,pH_neutral,VERY_LIMITED
15,10,0,25,25,0,20,5,1,24,0,25,0,14,11,18,7,ANNAVASAL,6264,6492fcb8680216eb6c940a61,2026-09-16T18:08:24.830Z,2026-27,PUDUKKOTTAI,63f9c39d519359b7438d7eda,13,0,12,2026-09-16T18:06:09.078Z,0,25,0,0,0,25,25,0,0,6aaadb18815951ad19d1c51e,Soil Health Card RKVY,660f941a5c8405ca8375c7c6,TAMIL NADU,63f9be9f519359b7438d08bb,2026-09-16T18:08:24.830Z,Ennai,639251,63f9c3a4519359b7438d7f84,25,100.0,0.0,0.0,25,0.0,0.0,100.0,25,0.0,48.0,52.0,25,100.0,0.0,0.0,25,44.0,56.00000000000001,25,20.0,80.0,25,28.000000000000004,72.0,25,100.0,0.0,25,40.0,60.0,25,96.0,4.0,25,0.0,100.0,0.0,25,0.0,100.0,25,n_low,p_high,k_high,OC_low,pH_neutral,GOOD
1,0,0,1,1,0,0,1,0,1,0,1,0,1,0,1,0,ANNAVASAL,6264,6492fcb8680216eb6c940a61,2026-09-16T18:08:24.831Z,2026-27,PUDUKKOTTAI,63f9c39d519359b7438d7eda,1,0,0,2026-09-16T18:06:09.078Z,0,1,0,0,0,1,1,0,0,6aaadb18815951ad19d1c51f,Soil Health Card RKVY,660f941a5c8405ca8375c7c6,TAMIL NADU,63f9be9f519359b7438d08bb,2026-09-16T18:08:24.831Z,Ayingudi,639288,63f9c3a8519359b7438d7fe8,1,100.0,0.0,0.0,1,0.0,0.0,100.0,1,0.0,0.0,100.0,1,100.0,0.0,0.0,1,0.0,100.0,1,100.0,0.0,1,0.0,100.0,1,100.0,0.0,1,0.0,100.0,1,100.0,0.0,1,0.0,100.0,0.0,1,0.0,100.0,1,n_low,p_high,k_high,OC_low,pH_neutral,VERY_LIMITED
8,5,0,13,13,0,13,0,0,13,0,13,0,9,4,11,2,ANNAVASAL,6264,6492fcb8680216eb6c940a61,2026-09-16T18:08:24.831Z,2026-27,PUDUKKOTTAI,63f9c39d519359b7438d7eda,7,0,6,2026-09-16T18:06:09.078Z,0,13,0,0,0,13,13,0,0,6aaadb18815951ad19d1c520,Soil Health Card RKVY,660f941a5c8405ca8375c7c6,TAMIL NADU,63f9be9f519359b7438d08bb,2026-09-16T18:08:24.831Z,Kothirapatti,639244,63f9c3a9519359b7438d7ff7,13,100.0,0.0,0.0,13,0.0,0.0,100.0,13,0.0,46.15384615384615,53.84615384615385,13,100.0,0.0,0.0,13,30.76923076923077,69.23076923076923,13,0.0,100.0,13,15.384615384615385,84.61538461538461,13,100.0,0.0,13,38.46153846153847,61.53846153846154,13,100.0,0.0,13,0.0,100.0,0.0,13,0.0,100.0,13,n_low,p_high,k_high,OC_low,pH_neutral,GOOD
68,42,0,110,110,0,75,35,0,110,0,105,5,83,27,0,110,KAMUDI,6279,6492fcb9680216eb6c940a71,2026-09-08T18:04:10.737Z,2026-27,RAMANATHAPURAM,63f9c441519359b7438d8e0d,110,0,0,2026-09-16T18:06:09.078Z,0,110,0,0,9,101,0,42,68,6aa04e1a4fbfe3b4fac524e8,Soil Health Card RKVY,660f941a5c8405ca8375c7c6,TAMIL NADU,63f9be9f519359b7438d08bb,2026-09-16T18:08:21.181Z,Sadayanendal,642014,63f9c470519359b7438d9269,110,100.0,0.0,0.0,110,38.18181818181819,61.81818181818181,0.0,110,0.0,0.0,100.0,110,95.45454545454545,4.545454545454546,0.0,110,24.545454545454547,75.45454545454545,110,31.818181818181817,68.18181818181817,110,100.0,0.0,110,100.0,0.0,110,38.18181818181819,61.81818181818181,110,100.0,0.0,110,0.0,91.81818181818183,8.181818181818182,110,0.0,100.0,110,n_low,p_medium,k_high,OC_low,pH_neutral,GOOD
44,173,13,205,214,4,176,42,79,139,0,218,0,206,12,107,111,KAMUDI,6279,6492fcb9680216eb6c940a71,2026-09-15T18:09:34.212Z,2026-27,RAMANATHAPURAM,63f9c441519359b7438d8e0d,218,0,0,2026-09-16T18:06:09.078Z,0,218,0,3,0,215,76,68,74,6aa989de05ad99588db77b12,Soil Health Card RKVY,660f941a5c8405ca8375c7c6,TAMIL NADU,63f9be9f519359b7438d08bb,2026-09-16T18:08:21.181Z,Natham,642013,63f9c470519359b7438d926e,218,100.0,0.0,0.0,218,31.19266055045872,33.94495412844037,34.862385321100916,218,0.0,0.0,100.0,218,100.0,0.0,0.0,218,5.5045871559633035,94.4954128440367,218,19.26605504587156,80.73394495412845,218,50.917431192660544,49.08256880733945,218,94.03669724770643,5.963302752293578,217,79.72350230414746,20.276497695852534,218,63.76146788990825,36.23853211009174,218,1.3761467889908259,98.62385321100918,0.0,218,1.834862385321101,98.1651376146789,218,n_low,p_high,k_high,OC_low,pH_neutral,GOOD
100,36,0,136,136,0,76,60,0,136,0,109,27,36,100,5,131,KAMUDI,6279,6492fcb9680216eb6c940a71,2026-09-15T18:09:34.212Z,2026-27,RAMANATHAPURAM,63f9c441519359b7438d8e0d,136,0,0,2026-09-16T18:06:09.078Z,0,136,0,0,0,136,0,71,65,6aa989de05ad99588db77b13,Soil Health Card RKVY,660f941a5c8405ca8375c7c6,TAMIL NADU,63f9be9f519359b7438d08bb,2026-09-16T18:08:21.181Z,A.Tharaikkudi,642006,63f9c470519359b7438d9278,136,100.0,0.0,0.0,136,52.20588235294118,47.794117647058826,0.0,136,0.0,0.0,100.0,136,80.14705882352942,19.852941176470587,0.0,136,73.52941176470588,26.47058823529412,136,44.11764705882353,55.88235294117647,136,96.32352941176471,3.6764705882352944,136,100.0,0.0,136,26.47058823529412,73.52941176470588,136,100.0,0.0,136,0.0,100.0,0.0,136,0.0,100.0,136,n_low,p_low,k_high,OC_low,pH_neutral,GOOD
0,247,19,228,247,0,214,33,48,199,0,247,0,147,100,65,182,KAMUDI,6279,6492fcb9680216eb6c940a71,2026-09-02T18:08:59.143Z,2026-27,RAMANATHAPURAM,63f9c441519359b7438d8e0d,247,0,0,2026-09-16T18:06:09.078Z,0,247,0,0,0,247,60,79,108,6a98663bc6fb74a8ae65b3fe,Soil Health Card RKVY,660f941a5c8405ca8375c7c6,TAMIL NADU,63f9be9f519359b7438d08bb,2026-09-16T18:08:21.181Z,Maraikkulam,642017,63f9c475519359b7438d92d7,247,100.0,0.0,0.0,247,31.983805668016196,43.7246963562753,24.291497975708502,247,0.0,0.0,100.0,247,100.0,0.0,0.0,247,40.48582995951417,59.51417004048582,247,13.360323886639677,86.63967611336032,247,73.68421052631578,26.31578947368421,247,92.3076923076923,7.6923076923076925,247,100.0,0.0,247,80.5668016194332,19.4331983805668,247,0.0,100.0,0.0,247,0.0,100.0,247,n_low,p_medium,k_high,OC_low,pH_neutral,GOOD
68,7,0,75,75,0,0,75,0,75,0,75,0,0,75,74,1,NAINARKOIL,6282,6492fcb9680216eb6c940a77,2026-07-01T17:48:12.879Z,2026-27,RAMANATHAPURAM,63f9c441519359b7438d8e0d,75,0,0,2026-09-16T18:06:09.078Z,0,74,1,0,0,75,1,74,0,6a4552dcfde36702e7099b57,Soil Health Card RKVY,660f941a5c8405ca8375c7c6,TAMIL NADU,63f9be9f519359b7438d08bb,2026-09-16T18:08:21.181Z,P.Kodikulam,641911,63f9c453519359b7438d8fcc,75,98.66666666666667,1.3333333333333335,0.0,75,98.66666666666667,0.0,1.3333333333333335,75,0.0,0.0,100.0,75,100.0,0.0,0.0,75,100.0,0.0,75,100.0,0.0,75,1.3333333333333335,98.66666666666667,75,100.0,0.0,75,9.333333333333334,90.66666666666666,75,100.0,0.0,75,0.0,100.0,0.0,75,0.0,100.0,75,n_low,p_low,k_high,OC_low,pH_neutral,GOOD
23,2,0,25,25,0,0,25,0,25,0,25,0,0,25,25,0,NAINARKOIL,6282,6492fcb9680216eb6c940a77,2026-06-25T17:58:03.459Z,2026-27,RAMANATHAPURAM,63f9c441519359b7438d8e0d,25,0,0,2026-09-16T18:06:09.078Z,0,25,0,0,0,25,0,25,0,6a3d6c2b25e2d44604426c4c,Soil Health Card RKVY,660f941a5c8405ca8375c7c6,TAMIL NADU,63f9be9f519359b7438d08bb,2026-09-16T18:08:21.181Z,Manakudi,641885,63f9c456519359b7438d9008,25,100.0,0.0,0.0,25,100.0,0.0,0.0,25,0.0,0.0,100.0,25,100.0,0.0,0.0,25,100.0,0.0,25,100.0,0.0,25,0.0,100.0,25,100.0,0.0,25,8.0,92.0,25,100.0,0.0,25,0.0,100.0,0.0,25,0.0,100.0,25,n_low,p_low,k_high,OC_low,pH_neutral,GOOD
42,18,0,60,60,0,15,45,0,60,0,60,0,2,58,44,16,NAINARKOIL,6282,6492fcb9680216eb6c940a77,2026-07-15T17:50:52.199Z,2026-27,RAMANATHAPURAM,63f9c441519359b7438d8e0d,60,0,0,2026-09-16T18:06:09.078Z,0,60,0,0,0,60,0,59,1,6a57c87cd5731d6bd6441394,Soil Health Card RKVY,660f941a5c8405ca8375c7c6,TAMIL NADU,63f9be9f519359b7438d08bb,2026-09-16T18:08:21.181Z,Kiliyur,641915,63f9c45e519359b7438d90c6,60,100.0,0.0,0.0,60,98.33333333333333,1.6666666666666667,0.0,60,0.0,0.0,100.0,60,100.0,0.0,0.0,60,96.66666666666667,3.3333333333333335,60,75.0,25.0,60,26.666666666666668,73.33333333333333,60,100.0,0.0,60,30.0,70.0,60,100.0,0.0,60,0.0,100.0,0.0,60,0.0,100.0,60,n_low,p_low,k_high,OC_low,pH_neutral,GOOD
28,12,0,40,40,0,20,20,0,40,0,40,0,0,40,20,20,NAINARKOIL,6282,6492fcb9680216eb6c940a77,2026-07-15T17:50:52.199Z,2026-27,RAMANATHAPURAM,63f9c441519359b7438d8e0d,40,0,0,2026-09-16T18:06:09.078Z,0,40,0,0,0,40,0,40,0,6a57c87cd5731d6bd6441395,Soil Health Card RKVY,660f941a5c8405ca8375c7c6,TAMIL NADU,63f9be9f519359b7438d08bb,2026-09-16T18:08:21.181Z,Kottakudi,641884,63f9c45f519359b7438d90e4,40,100.0,0.0,0.0,40,100.0,0.0,0.0,40,0.0,0.0,100.0,40,100.0,0.0,0.0,40,100.0,0.0,40,50.0,50.0,40,50.0,50.0,40,100.0,0.0,40,30.0,70.0,40,100.0,0.0,40,0.0,100.0,0.0,40,0.0,100.0,40,n_low,p_low,k_high,OC_low,pH_neutral,GOOD
27,3,0,30,30,0,0,30,0,30,0,30,0,0,30,30,0,NAINARKOIL,6282,6492fcb9680216eb6c940a77,2026-06-25T17:58:03.675Z,2026-27,RAMANATHAPURAM,63f9c441519359b7438d8e0d,30,0,0,2026-09-16T18:06:09.078Z,0,30,0,0,0,30,0,30,0,6a3d6c2b25e2d44604426cf9,Soil Health Card RKVY,660f941a5c8405ca8375c7c6,TAMIL NADU,63f9be9f519359b7438d08bb,2026-09-16T18:08:21.181Z,Sethukal,641888,63f9c460519359b7438d90f3,30,100.0,0.0,0.0,30,100.0,0.0,0.0,30,0.0,0.0,100.0,30,100.0,0.0,0.0,30,100.0,0.0,30,100.0,0.0,30,0.0,100.0,30,100.0,0.0,30,10.0,90.0,30,100.0,0.0,30,0.0,100.0,0.0,30,0.0,100.0,30,n_low,p_low,k_high,OC_low,pH_neutral,GOOD
0,10,0,10,9,1,9,1,5,5,0,10,0,10,0,2,8,BOGALUR,6277,6492fcb9680216eb6c940a79,2026-09-15T18:09:34.209Z,2026-27,RAMANATHAPURAM,63f9c441519359b7438d8e0d,10,0,0,2026-09-16T18:06:09.078Z,0,10,0,0,0,10,0,4,6,6aa989de05ad99588db77b10,Soil Health Card RKVY,660f941a5c8405ca8375c7c6,TAMIL NADU,63f9be9f519359b7438d08bb,2026-09-16T18:08:21.181Z,Ariyakudi,641947,63f9c44f519359b7438d8f77,10,100.0,0.0,0.0,10,40.0,60.0,0.0,10,0.0,0.0,100.0,10,100.0,0.0,0.0,10,0.0,100.0,10,10.0,90.0,10,80.0,20.0,10,100.0,0.0,10,100.0,0.0,10,50.0,50.0,10,0.0,100.0,0.0,10,10.0,90.0,10,n_low,p_medium,k_high,OC_low,pH_neutral,GOOD
40,19,0,59,59,0,2,57,0,59,0,59,0,1,58,59,0,BOGALUR,6277,6492fcb9680216eb6c940a79,2026-07-28T18:06:04.937Z,2026-27,RAMANATHAPURAM,63f9c441519359b7438d8e0d,59,0,0,2026-09-16T18:06:09.078Z,0,59,0,0,0,59,1,58,0,6a68ef8c1a76497cd6b2160c,Soil Health Card RKVY,660f941a5c8405ca8375c7c6,TAMIL NADU,63f9be9f519359b7438d08bb,2026-09-16T18:08:21.181Z,Bogalur,641944,63f9c455519359b7438d8fef,59,100.0,0.0,0.0,59,98.30508474576271,0.0,1.694915254237288,59,0.0,0.0,100.0,59,100.0,0.0,0.0,59,98.30508474576271,1.694915254237288,59,96.61016949152543,3.389830508474576,59,0.0,100.0,59,100.0,0.0,59,32.20338983050847,67.79661016949152,59,100.0,0.0,59,0.0,100.0,0.0,59,0.0,100.0,59,n_low,p_low,k_high,OC_low,pH_neutral,GOOD
71,28,0,99,99,0,0,99,0,99,0,99,0,0,99,99,0,BOGALUR,6277,6492fcb9680216eb6c940a79,2026-07-28T18:06:04.937Z,2026-27,RAMANATHAPURAM,63f9c441519359b7438d8e0d,99,0,0,2026-09-16T18:06:09.078Z,0,99,0,0,0,99,0,99,0,6a68ef8c1a76497cd6b2160d,Soil Health Card RKVY,660f941a5c8405ca8375c7c6,TAMIL NADU,63f9be9f519359b7438d08bb,2026-09-16T18:08:21.181Z,Keelakottai,641946,63f9c458519359b7438d9049,99,100.0,0.0,0.0,99,100.0,0.0,0.0,99,0.0,0.0,100.0,99,100.0,0.0,0.0,99,100.0,0.0,99,100.0,0.0,99,0.0,100.0,99,100.0,0.0,99,28.28282828282828,71.71717171717171,99,100.0,0.0,99,0.0,100.0,0.0,99,0.0,100.0,99,n_low,p_low,k_high,OC_low,pH_neutral,GOOD
17,23,0,40,40,0,0,40,0,40,0,40,0,0,40,40,0,BOGALUR,6277,6492fcb9680216eb6c940a79,2026-07-28T18:06:04.938Z,2026-27,RAMANATHAPURAM,63f9c441519359b7438d8e0d,40,0,0,2026-09-16T18:06:09.078Z,0,40,0,0,0,40,5,20,15,6a68ef8c1a76497cd6b2160e,Soil Health Card RKVY,660f941a5c8405ca8375c7c6,TAMIL NADU,63f9be9f519359b7438d08bb,2026-09-16T18:08:21.181Z,Theeyanur,641949,63f9c459519359b7438d905d,40,100.0,0.0,0.0,40,50.0,37.5,12.5,40,0.0,0.0,100.0,40,100.0,0.0,0.0,40,100.0,0.0,40,100.0,0.0,40,0.0,100.0,40,100.0,0.0,40,57.49999999999999,42.5,40,100.0,0.0,40,0.0,100.0,0.0,40,0.0,100.0,40,n_low,p_low,k_high,OC_low,pH_neutral,GOOD
126,0,1,125,126,0,126,0,0,126,0,126,0,17,109,123,3,PARAMAKKUDI,6283,6492fcb9680216eb6c940a7b,2026-09-16T18:08:24.831Z,2026-27,RAMANATHAPURAM,63f9c441519359b7438d8e0d,126,0,0,2026-09-16T18:06:09.078Z,0,126,0,0,0,126,0,126,0,6aaadb18815951ad19d1c521,Soil Health Card RKVY,660f941a5c8405ca8375c7c6,TAMIL NADU,63f9be9f519359b7438d08bb,2026-09-16T18:08:24.831Z,Tholur,641927,63f9c450519359b7438d8f86,126,100.0,0.0,0.0,126,100.0,0.0,0.0,126,0.0,0.0,100.0,126,100.0,0.0,0.0,126,86.5079365079365,13.492063492063492,126,0.0,100.0,126,2.380952380952381,97.61904761904762,126,99.20634920634922,0.7936507936507936,126,0.0,100.0,126,100.0,0.0,126,0.0,100.0,0.0,126,0.0,100.0,126,n_low,p_low,k_high,OC_low,pH_neutral,GOOD
14,11,0,25,25,0,0,25,0,25,0,25,0,0,25,25,0,PARAMAKKUDI,6283,6492fcb9680216eb6c940a7b,2026-07-14T17:49:03.622Z,2026-27,RAMANATHAPURAM,63f9c441519359b7438d8e0d,25,0,0,2026-09-16T18:06:09.078Z,0,25,0,0,0,25,0,25,0,6a56768f2aa07b7905039c4c,Soil Health Card RKVY,660f941a5c8405ca8375c7c6,TAMIL NADU,63f9be9f519359b7438d08bb,2026-09-16T18:08:21.181Z,Mosukkudi,641897,63f9c453519359b7438d8fd1,25,100.0,0.0,0.0,25,100.0,0.0,0.0,25,0.0,0.0,100.0,25,100.0,0.0,0.0,25,100.0,0.0,25,100.0,0.0,25,0.0,100.0,25,100.0,0.0,25,44.0,56.00000000000001,25,100.0,0.0,25,0.0,100.0,0.0,25,0.0,100.0,25,n_low,p_low,k_high,OC_low,pH_neutral,GOOD
114,28,0,142,139,3,5,137,0,142,0,142,0,38,104,31,111,PARAMAKKUDI,6283,6492fcb9680216eb6c940a7b,2026-07-15T17:50:52.199Z,2026-27,RAMANATHAPURAM,63f9c441519359b7438d8e0d,142,0,0,2026-09-16T18:06:09.078Z,0,142,0,0,2,140,0,25,117,6a57c87cd5731d6bd6441393,Soil Health Card RKVY,660f941a5c8405ca8375c7c6,TAMIL NADU,63f9be9f519359b7438d08bb,2026-09-16T18:08:21.181Z,Melayakudi,641905,63f9c453519359b7438d8fd6,142,100.0,0.0,0.0,142,17.6056338028169,82.3943661971831,0.0,142,0.0,0.0,100.0,142,100.0,0.0,0.0,142,73.23943661971832,26.76056338028169,142,96.47887323943662,3.5211267605633805,142,78.16901408450704,21.830985915492956,142,100.0,0.0,142,19.718309859154928,80.28169014084507,142,100.0,0.0,142,0.0,98.59154929577466,1.4084507042253522,142,2.112676056338028,97.88732394366197,142,n_low,p_medium,k_high,OC_low,pH_neutral,GOOD
20,0,0,20,20,0,11,9,0,20,0,20,0,4,16,8,12,PARAMAKKUDI,6283,6492fcb9680216eb6c940a7b,2026-09-02T18:08:59.142Z,2026-27,RAMANATHAPURAM,63f9c441519359b7438d8e0d,20,0,0,2026-09-16T18:06:09.078Z,0,20,0,0,0,20,0,11,9,6a98663bc6fb74a8ae65b3fa,Soil Health Card RKVY,660f941a5c8405ca8375c7c6,TAMIL NADU,63f9be9f519359b7438d08bb,2026-09-16T18:08:21.181Z,Koonankulam,641898,63f9c453519359b7438d8fdb,20,100.0,0.0,0.0,20,55.00000000000001,45.0,0.0,20,0.0,0.0,100.0,20,100.0,0.0,0.0,20,80.0,20.0,20,45.0,55.00000000000001,20,60.0,40.0,20,100.0,0.0,20,0.0,100.0,20,100.0,0.0,20,0.0,100.0,0.0,20,0.0,100.0,20,n_low,p_low,k_high,OC_low,pH_neutral,GOOD
40,0,0,40,40,0,0,40,0,40,0,40,0,0,40,38,2,PARAMAKKUDI,6283,6492fcb9680216eb6c940a7b,2026-09-01T17:56:44.435Z,2026-27,RAMANATHAPURAM,63f9c441519359b7438d8e0d,38,2,0,2026-09-16T18:06:09.078Z,0,40,0,0,0,40,0,0,40,6a9711dc0fb5ed24f8eeec47,Soil Health Card RKVY,660f941a5c8405ca8375c7c6,TAMIL NADU,63f9be9f519359b7438d08bb,2026-09-16T18:08:21.181Z,Madanthai,641904,63f9c454519359b7438d8fe0,40,100.0,0.0,0.0,40,0.0,100.0,0.0,40,5.0,0.0,95.0,40,100.0,0.0,0.0,40,100.0,0.0,40,100.0,0.0,40,5.0,95.0,40,100.0,0.0,40,0.0,100.0,40,100.0,0.0,40,0.0,100.0,0.0,40,0.0,100.0,40,n_low,p_medium,k_high,OC_low,pH_neutral,GOOD
60,0,0,60,60,0,58,2,43,17,0,60,0,34,26,60,0,PARAMAKKUDI,6283,6492fcb9680216eb6c940a7b,2026-09-09T18:08:01.611Z,2026-27,RAMANATHAPURAM,63f9c441519359b7438d8e0d,60,0,0,2026-09-16T18:06:09.078Z,1,59,0,0,0,60,0,58,2,6aa1a081a9301e4c4acd10e8,Soil Health Card RKVY,660f941a5c8405ca8375c7c6,TAMIL NADU,63f9be9f519359b7438d08bb,2026-09-16T18:08:21.181Z,S.Andakkudi,641894,63f9c455519359b7438d8ffe,60,98.33333333333333,0.0,1.6666666666666667,60,96.66666666666667,3.3333333333333335,0.0,60,0.0,0.0,100.0,60,100.0,0.0,0.0,60,43.333333333333336,56.666666666666664,60,3.3333333333333335,96.66666666666667,60,0.0,100.0,60,100.0,0.0,60,0.0,100.0,60,28.333333333333332,71.66666666666667,60,0.0,100.0,0.0,60,0.0,100.0,60,n_low,p_low,k_high,OC_low,pH_neutral,GOOD
0,2,0,2,2,0,2,0,0,2,0,2,0,0,2,2,0,PARAMAKKUDI,6283,6492fcb9680216eb6c940a7b,2026-09-16T18:08:24.832Z,2026-27,RAMANATHAPURAM,63f9c441519359b7438d8e0d,2,0,0,2026-09-16T18:06:09.078Z,0,2,0,0,0,2,0,2,0,6aaadb18815951ad19d1c522,Soil Health Card RKVY,660f941a5c8405ca8375c7c6,TAMIL NADU,63f9be9f519359b7438d08bb,2026-09-16T18:08:24.832Z,Kattuparmakudi,641879,63f9c457519359b7438d902b,2,100.0,0.0,0.0,2,100.0,0.0,0.0,2,0.0,0.0,100.0,2,100.0,0.0,0.0,2,100.0,0.0,2,0.0,100.0,2,0.0,100.0,2,100.0,0.0,2,100.0,0.0,2,100.0,0.0,2,0.0,100.0,0.0,2,0.0,100.0,2,n_low,p_low,k_high,OC_low,pH_neutral,LIMITED
0,50,5,45,50,0,27,23,10,40,0,31,19,0,50,22,28,PARAMAKKUDI,6283,6492fcb9680216eb6c940a7b,2026-09-11T18:14:53.279Z,2026-27,RAMANATHAPURAM,63f9c441519359b7438d8e0d,50,0,0,2026-09-16T18:06:09.078Z,0,50,0,0,0,50,50,0,0,6aa4451dbe4706ff667e9532,Soil Health Card RKVY,660f941a5c8405ca8375c7c6,TAMIL NADU,63f9be9f519359b7438d08bb,2026-09-16T18:08:21.181Z,Poduvakudi,641878,63f9c458519359b7438d903a,50,100.0,0.0,0.0,50,0.0,0.0,100.0,50,0.0,0.0,100.0,50,62.0,38.0,0.0,50,100.0,0.0,50,46.0,54.0,50,56.00000000000001,44.0,50,90.0,10.0,50,100.0,0.0,50,80.0,20.0,50,0.0,100.0,0.0,50,0.0,100.0,50,n_low,p_high,k_high,OC_low,pH_neutral,GOOD
71,9,0,80,80,0,13,67,24,56,0,79,1,26,54,27,53,PARAMAKKUDI,6283,6492fcb9680216eb6c940a7b,2026-09-02T18:08:59.143Z,2026-27,RAMANATHAPURAM,63f9c441519359b7438d8e0d,80,0,0,2026-09-16T18:06:09.078Z,0,80,0,2,1,77,0,13,67,6a98663bc6fb74a8ae65b3fb,Soil Health Card RKVY,660f941a5c8405ca8375c7c6,TAMIL NADU,63f9be9f519359b7438d08bb,2026-09-16T18:08:21.181Z,Kottankulam - - 641876,641876,63f9c458519359b7438d9044,80,100.0,0.0,0.0,80,16.25,83.75,0.0,80,0.0,0.0,100.0,80,98.75,1.25,0.0,80,67.5,32.5,80,83.75,16.25,80,66.25,33.75,80,100.0,0.0,80,11.25,88.75,80,70.0,30.0,80,2.5,96.25,1.25,80,0.0,100.0,80,n_low,p_medium,k_high,OC_low,pH_neutral,GOOD
2,22,0,24,24,0,24,0,0,24,0,24,0,13,11,21,3,PARAMAKKUDI,6283,6492fcb9680216eb6c940a7b,2026-09-16T18:08:24.832Z,2026-27,RAMANATHAPURAM,63f9c441519359b7438d8e0d,24,0,0,2026-09-16T18:06:09.078Z,0,24,0,0,1,23,0,18,6,6aaadb18815951ad19d1c523,Soil Health Card RKVY,660f941a5c8405ca8375c7c6,TAMIL NADU,63f9be9f519359b7438d08bb,2026-09-16T18:08:24.832Z,Pambur,641929,63f9c45d519359b7438d90ad,24,100.0,0.0,0.0,24,75.0,25.0,0.0,24,0.0,0.0,100.0,24,100.0,0.0,0.0,24,45.83333333333333,54.166666666666664,24,0.0,100.0,24,12.5,87.5,24,100.0,0.0,24,91.66666666666666,8.333333333333332,24,100.0,0.0,24,0.0,95.83333333333334,4.166666666666666,24,0.0,100.0,24,n_low,p_low,k_high,OC_low,pH_neutral,GOOD
12,100,1,111,112,0,112,0,1,111,0,73,39,43,69,92,20,PARAMAKKUDI,6283,6492fcb9680216eb6c940a7b,2026-09-10T18:12:36.885Z,2026-27,RAMANATHAPURAM,63f9c441519359b7438d8e0d,112,0,0,2026-09-16T18:06:09.078Z,0,112,0,0,0,112,22,12,78,6aa2f314dfa3538f38d2650f,Soil Health Card RKVY,660f941a5c8405ca8375c7c6,TAMIL NADU,63f9be9f519359b7438d08bb,2026-09-16T18:08:21.181Z,Vilatnur,641926,63f9c45d519359b7438d90b2,112,100.0,0.0,0.0,112,10.714285714285714,69.64285714285714,19.642857142857142,112,0.0,0.0,100.0,112,65.17857142857143,34.82142857142857,0.0,112,61.60714285714286,38.392857142857146,112,0.0,100.0,112,17.857142857142858,82.14285714285714,112,99.10714285714286,0.8928571428571428,112,89.28571428571429,10.714285714285714,112,99.10714285714286,0.8928571428571428,112,0.0,100.0,0.0,112,0.0,100.0,112,n_low,p_medium,k_high,OC_low,pH_neutral,GOOD
0,24,0,24,24,0,24,0,0,24,0,23,1,16,8,18,6,PARAMAKKUDI,6283,6492fcb9680216eb6c940a7b,2026-09-10T18:12:36.885Z,2026-27,RAMANATHAPURAM,63f9c441519359b7438d8e0d,24,0,0,2026-09-16T18:06:09.078Z,0,24,0,0,3,21,0,20,4,6aa2f314dfa3538f38d26510,Soil Health Card RKVY,660f941a5c8405ca8375c7c6,TAMIL NADU,63f9be9f519359b7438d08bb,2026-09-16T18:08:21.181Z,Thenpoduvakudi,641928,63f9c45d519359b7438d90b7,24,100.0,0.0,0.0,24,83.33333333333334,16.666666666666664,0.0,24,0.0,0.0,100.0,24,95.83333333333334,4.166666666666666,0.0,24,33.33333333333333,66.66666666666666,24,0.0,100.0,24,25.0,75.0,24,100.0,0.0,24,100.0,0.0,24,100.0,0.0,24,0.0,87.5,12.5,24,0.0,100.0,24,n_low,p_low,k_high,OC_low,pH_neutral,GOOD
72,7,0,79,79,0,0,79,0,79,0,79,0,25,54,27,52,PARAMAKKUDI,6283,6492fcb9680216eb6c940a7b,2026-09-02T18:08:59.143Z,2026-27,RAMANATHAPURAM,63f9c441519359b7438d8e0d,79,0,0,2026-09-16T18:06:09.078Z,0,79,0,3,0,76,0,1,78,6a98663bc6fb74a8ae65b3fc,Soil Health Card RKVY,660f941a5c8405ca8375c7c6,TAMIL NADU,63f9be9f519359b7438d08bb,2026-09-16T18:08:21.181Z,Kulandapuri Arungulam,641896,63f9c45e519359b7438d90d0,79,100.0,0.0,0.0,79,1.2658227848101267,98.73417721518987,0.0,79,0.0,0.0,100.0,79,100.0,0.0,0.0,79,68.35443037974683,31.645569620253166,79,100.0,0.0,79,65.82278481012658,34.177215189873415,79,100.0,0.0,79,8.860759493670885,91.13924050632912,79,100.0,0.0,79,3.79746835443038,96.20253164556962,0.0,79,0.0,100.0,79,n_low,p_medium,k_high,OC_low,pH_neutral,GOOD
94,6,0,100,100,0,100,0,0,100,0,100,0,0,100,31,69,PARAMAKKUDI,6283,6492fcb9680216eb6c940a7b,2026-09-02T18:08:59.143Z,2026-27,RAMANATHAPURAM,63f9c441519359b7438d8e0d,98,2,0,2026-09-16T18:06:09.078Z,0,100,0,0,0,100,5,28,67,6a98663bc6fb74a8ae65b3fd,Soil Health Card RKVY,660f941a5c8405ca8375c7c6,TAMIL NADU,63f9be9f519359b7438d08bb,2026-09-16T18:08:21.181Z,Valangudi,641903,63f9c45e519359b7438d90d5,100,100.0,0.0,0.0,100,28.000000000000004,67.0,5.0,100,2.0,0.0,98.0,100,100.0,0.0,0.0,100,100.0,0.0,100,0.0,100.0,100,69.0,31.0,100,100.0,0.0,100,6.0,94.0,100,100.0,0.0,100,0.0,100.0,0.0,100,0.0,100.0,100,n_low,p_medium,k_high,OC_low,pH_neutral,GOOD
2,0,0,2,2,0,1,1,0,2,0,2,0,1,1,1,1,PARAMAKKUDI,6283,6492fcb9680216eb6c940a7b,2026-09-09T18:08:01.612Z,2026-27,RAMANATHAPURAM,63f9c441519359b7438d8e0d,2,0,0,2026-09-16T18:06:09.078Z,0,2,0,0,0,2,0,1,1,6aa1a081a9301e4c4acd10e9,Soil Health Card RKVY,660f941a5c8405ca8375c7c6,TAMIL NADU,63f9be9f519359b7438d08bb,2026-09-16T18:08:21.181Z,Perungarai,641874,63f9c460519359b7438d90f8,2,100.0,0.0,0.0,2,50.0,50.0,0.0,2,0.0,0.0,100.0,2,100.0,0.0,0.0,2,50.0,50.0,2,50.0,50.0,2,50.0,50.0,2,100.0,0.0,2,0.0,100.0,2,100.0,0.0,2,0.0,100.0,0.0,2,0.0,100.0,2,n_low,p_low,k_high,OC_low,pH_neutral,LIMITED
131,19,0,150,148,2,38,112,8,142,0,150,0,60,90,59,91,PARAMAKKUDI,6283,6492fcb9680216eb6c940a7b,2026-09-08T18:04:10.736Z,2026-27,RAMANATHAPURAM,63f9c441519359b7438d8e0d,149,1,0,2026-09-16T18:06:09.078Z,0,150,0,0,3,147,0,0,150,6aa04e1a4fbfe3b4fac524e7,Soil Health Card RKVY,660f941a5c8405ca8375c7c6,TAMIL NADU,63f9be9f519359b7438d08bb,2026-09-16T18:08:21.181Z,Kamutnakudi,641877,63f9c460519359b7438d9102,150,100.0,0.0,0.0,150,0.0,100.0,0.0,150,0.6666666666666667,0.0,99.33333333333333,150,100.0,0.0,0.0,150,60.0,40.0,150,74.66666666666667,25.333333333333336,150,60.66666666666667,39.33333333333333,150,100.0,0.0,150,12.666666666666668,87.33333333333333,150,94.66666666666667,5.333333333333334,150,0.0,98.0,2.0,150,1.3333333333333335,98.66666666666667,150,n_low,p_medium,k_high,OC_low,pH_neutral,GOOD
90,10,0,100,96,4,61,39,27,73,0,100,0,38,62,41,59,PARAMAKKUDI,6283,6492fcb9680216eb6c940a7b,2026-09-15T18:09:34.211Z,2026-27,RAMANATHAPURAM,63f9c441519359b7438d8e0d,100,0,0,2026-09-16T18:06:09.078Z,0,100,0,0,1,99,0,0,100,6aa989de05ad99588db77b11,Soil Health Card RKVY,660f941a5c8405ca8375c7c6,TAMIL NADU,63f9be9f519359b7438d08bb,2026-09-16T18:08:21.181Z,Soodiyur,641865,63f9c461519359b7438d910c,100,100.0,0.0,0.0,100,0.0,100.0,0.0,100,0.0,0.0,100.0,100,100.0,0.0,0.0,100,62.0,38.0,100,39.0,61.0,100,59.0,41.0,100,100.0,0.0,100,10.0,90.0,100,73.0,27.0,100,0.0,99.0,1.0,100,4.0,96.0,100,n_low,p_medium,k_high,OC_low,pH_neutral,GOOD
242,18,0,260,247,13,23,237,0,260,14,200,46,2,258,254,6,RAJASINGAMANGALAM,6284,6492fcb9680216eb6c940a7d,2026-09-03T18:08:02.693Z,2026-27,RAMANATHAPURAM,63f9c441519359b7438d8e0d,260,0,0,2026-09-16T18:06:09.078Z,0,260,0,21,0,239,0,248,12,6a99b7820649dfa6ff11f3b9,Soil Health Card RKVY,660f941a5c8405ca8375c7c6,TAMIL NADU,63f9be9f519359b7438d08bb,2026-09-16T18:08:21.181Z,Gudalur,933582,63f9c48a519359b7438d94ce,260,100.0,0.0,0.0,260,95.38461538461539,4.615384615384616,0.0,260,0.0,0.0,100.0,260,76.92307692307693,17.692307692307693,5.384615384615385,260,99.23076923076923,0.7692307692307693,260,91.15384615384615,8.846153846153847,260,2.307692307692308,97.6923076923077,260,100.0,0.0,260,6.923076923076923,93.07692307692308,260,100.0,0.0,260,8.076923076923077,91.92307692307692,0.0,260,5.0,95.0,260,n_low,p_low,k_high,OC_low,pH_neutral,GOOD
21,0,0,21,21,0,6,15,0,21,0,19,2,0,21,9,12,RAJASINGAMANGALAM,6284,6492fcb9680216eb6c940a7d,2026-09-08T18:04:10.737Z,2026-27,RAMANATHAPURAM,63f9c441519359b7438d8e0d,21,0,0,2026-09-16T18:06:09.078Z,0,21,0,21,0,0,13,0,8,6aa04e1a4fbfe3b4fac524e9,Soil Health Card RKVY,660f941a5c8405ca8375c7c6,TAMIL NADU,63f9be9f519359b7438d08bb,2026-09-16T18:08:21.181Z,Anayarkottai,641822,63f9c492519359b7438d958c,21,100.0,0.0,0.0,21,0.0,38.095238095238095,61.904761904761905,21,0.0,0.0,100.0,21,90.47619047619048,9.523809523809524,0.0,21,100.0,0.0,21,71.42857142857143,28.57142857142857,21,57.14285714285714,42.857142857142854,21,100.0,0.0,21,0.0,100.0,21,100.0,0.0,21,100.0,0.0,0.0,21,0.0,100.0,21,n_low,p_high,k_high,OC_low,pH_acidic,GOOD
84,16,0,100,100,0,0,100,0,100,0,100,0,0,100,99,1,RAMANATHAPURAM,6285,6492fcb9680216eb6c940a7f,2026-08-03T17:49:24.434Z,2026-27,RAMANATHAPURAM,63f9c441519359b7438d8e0d,100,0,0,2026-09-16T18:06:09.078Z,0,100,0,0,0,100,0,100,0,6a70d4a49922d3c3a0c03c3a,Soil Health Card RKVY,660f941a5c8405ca8375c7c6,TAMIL NADU,63f9be9f519359b7438d08bb,2026-09-16T18:08:21.181Z,Pullangudi,642107,63f9c487519359b7438d9484,100,100.0,0.0,0.0,100,100.0,0.0,0.0,100,0.0,0.0,100.0,100,100.0,0.0,0.0,100,100.0,0.0,100,100.0,0.0,100,1.0,99.0,100,100.0,0.0,100,16.0,84.0,100,100.0,0.0,100,0.0,100.0,0.0,100,0.0,100.0,100,n_low,p_low,k_high,OC_low,pH_neutral,GOOD
70,30,0,100,99,1,0,100,1,99,0,100,0,0,100,100,0,RAMANATHAPURAM,6285,6492fcb9680216eb6c940a7f,2026-08-18T17:51:55.012Z,2026-27,RAMANATHAPURAM,63f9c441519359b7438d8e0d,100,0,0,2026-09-16T18:06:09.078Z,0,100,0,0,0,100,0,100,0,6a849bbb4086310a56a6c48c,Soil Health Card RKVY,660f941a5c8405ca8375c7c6,TAMIL NADU,63f9be9f519359b7438d08bb,2026-09-16T18:08:21.181Z,Kooriyur,642124,63f9c488519359b7438d9498,100,100.0,0.0,0.0,100,100.0,0.0,0.0,100,0.0,0.0,100.0,100,100.0,0.0,0.0,100,100.0,0.0,100,100.0,0.0,100,0.0,100.0,100,100.0,0.0,100,30.0,70.0,100,99.0,1.0,100,0.0,100.0,0.0,100,1.0,99.0,100,n_low,p_low,k_high,OC_low,pH_neutral,GOOD
28,7,0,35,35,0,0,35,0,35,0,35,0,0,35,35,0,RAMANATHAPURAM,6285,6492fcb9680216eb6c940a7f,2026-08-03T17:49:24.434Z,2026-27,RAMANATHAPURAM,63f9c441519359b7438d8e0d,35,0,0,2026-09-16T18:06:09.078Z,0,35,0,0,0,35,0,35,0,6a70d4a49922d3c3a0c03c3b,Soil Health Card RKVY,660f941a5c8405ca8375c7c6,TAMIL NADU,63f9be9f519359b7438d08bb,2026-09-16T18:08:21.181Z,Kumariyendal,642104,63f9c489519359b7438d94b1,35,100.0,0.0,0.0,35,100.0,0.0,0.0,35,0.0,0.0,100.0,35,100.0,0.0,0.0,35,100.0,0.0,35,100.0,0.0,35,0.0,100.0,35,100.0,0.0,35,20.0,80.0,35,100.0,0.0,35,0.0,100.0,0.0,35,0.0,100.0,35,n_low,p_low,k_high,OC_low,pH_neutral,GOOD
41,15,1,55,56,0,0,56,0,56,0,56,0,0,56,56,0,RAMANATHAPURAM,6285,6492fcb9680216eb6c940a7f,2026-08-18T17:51:55.012Z,2026-27,RAMANATHAPURAM,63f9c441519359b7438d8e0d,56,0,0,2026-09-16T18:06:09.078Z,0,56,0,0,0,56,0,56,0,6a849bbb4086310a56a6c48d,Soil Health Card RKVY,660f941a5c8405ca8375c7c6,TAMIL NADU,63f9be9f519359b7438d08bb,2026-09-16T18:08:21.181Z,Karendal,642106,63f9c489519359b7438d94b6,56,100.0,0.0,0.0,56,100.0,0.0,0.0,56,0.0,0.0,100.0,56,100.0,0.0,0.0,56,100.0,0.0,56,100.0,0.0,56,0.0,100.0,56,98.21428571428571,1.7857142857142856,56,26.785714285714285,73.21428571428571,56,100.0,0.0,56,0.0,100.0,0.0,56,0.0,100.0,56,n_low,p_low,k_high,OC_low,pH_neutral,GOOD
21,62,0,83,83,0,1,82,0,83,0,83,0,0,83,83,0,TIRUVADANAI,6287,6492fcb9680216eb6c940a83,2026-08-04T17:50:37.734Z,2026-27,RAMANATHAPURAM,63f9c441519359b7438d8e0d,83,0,0,2026-09-16T18:06:09.078Z,0,83,0,0,0,83,83,0,0,6a72266d707b2ec6eb4935e6,Soil Health Card RKVY,660f941a5c8405ca8375c7c6,TAMIL NADU,63f9be9f519359b7438d08bb,2026-09-16T18:08:21.181Z,Karungalagudi,641811,63f9c441519359b7438d8e12,83,100.0,0.0,0.0,83,0.0,0.0,100.0,83,0.0,0.0,100.0,83,100.0,0.0,0.0,83,100.0,0.0,83,98.79518072289156,1.2048192771084338,83,0.0,100.0,83,100.0,0.0,83,74.69879518072288,25.301204819277107,83,100.0,0.0,83,0.0,100.0,0.0,83,0.0,100.0,83,n_low,p_high,k_high,OC_low,pH_neutral,GOOD
81,19,0,100,100,0,0,100,0,100,0,100,0,0,100,100,0,TIRUVADANAI,6287,6492fcb9680216eb6c940a83,2026-08-18T17:51:55.011Z,2026-27,RAMANATHAPURAM,63f9c441519359b7438d8e0d,90,0,10,2026-09-16T18:06:09.078Z,0,100,0,0,0,100,81,0,19,6a849bbb4086310a56a6c48a,Soil Health Card RKVY,660f941a5c8405ca8375c7c6,TAMIL NADU,63f9be9f519359b7438d08bb,2026-09-16T18:08:21.181Z,Kulathur,641829,63f9c443519359b7438d8e49,100,100.0,0.0,0.0,100,0.0,19.0,81.0,100,0.0,10.0,90.0,100,100.0,0.0,0.0,100,100.0,0.0,100,100.0,0.0,100,0.0,100.0,100,100.0,0.0,100,19.0,81.0,100,100.0,0.0,100,0.0,100.0,0.0,100,0.0,100.0,100,n_low,p_high,k_high,OC_low,pH_neutral,GOOD
2,98,0,100,78,22,3,97,0,100,0,100,0,3,97,100,0,TIRUVADANAI,6287,6492fcb9680216eb6c940a83,2026-08-03T17:49:24.433Z,2026-27,RAMANATHAPURAM,63f9c441519359b7438d8e0d,97,1,2,2026-09-16T18:06:09.078Z,0,100,0,72,3,25,96,1,3,6a70d4a49922d3c3a0c03c39,Soil Health Card RKVY,660f941a5c8405ca8375c7c6,TAMIL NADU,63f9be9f519359b7438d08bb,2026-09-16T18:08:21.181Z,Attur,641777,63f9c446519359b7438d8e8a,100,100.0,0.0,0.0,100,1.0,3.0,96.0,100,1.0,2.0,97.0,100,100.0,0.0,0.0,100,97.0,3.0,100,97.0,3.0,100,0.0,100.0,100,100.0,0.0,100,98.0,2.0,100,100.0,0.0,100,72.0,25.0,3.0,100,22.0,78.0,100,n_low,p_high,k_high,OC_low,pH_acidic,GOOD
4,80,0,84,60,24,2,82,0,84,0,84,0,0,84,84,0,TIRUVADANAI,6287,6492fcb9680216eb6c940a83,2026-08-13T17:49:12.653Z,2026-27,RAMANATHAPURAM,63f9c441519359b7438d8e0d,58,1,25,2026-09-16T18:06:09.078Z,0,84,0,0,0,84,77,0,7,6a7e03985649bb3abb470b7f,Soil Health Card RKVY,660f941a5c8405ca8375c7c6,TAMIL NADU,63f9be9f519359b7438d08bb,2026-09-16T18:08:21.181Z,Kadambur,641769,63f9c447519359b7438d8e9e,84,100.0,0.0,0.0,84,0.0,8.333333333333332,91.66666666666666,84,1.1904761904761905,29.761904761904763,69.04761904761905,84,100.0,0.0,0.0,84,100.0,0.0,84,97.61904761904762,2.380952380952381,84,0.0,100.0,84,100.0,0.0,84,95.23809523809523,4.761904761904762,84,100.0,0.0,84,0.0,100.0,0.0,84,28.57142857142857,71.42857142857143,84,n_low,p_high,k_high,OC_low,pH_neutral,GOOD
15,83,0,98,98,0,0,98,0,98,0,98,0,66,32,97,1,TIRUVADANAI,6287,6492fcb9680216eb6c940a83,2026-07-20T17:48:21.247Z,2026-27,RAMANATHAPURAM,63f9c441519359b7438d8e0d,98,0,0,2026-09-16T18:06:09.078Z,0,98,0,8,0,90,65,0,33,6a5e5f655e1e1d31f8f1f916,Soil Health Card RKVY,660f941a5c8405ca8375c7c6,TAMIL NADU,63f9be9f519359b7438d08bb,2026-09-16T18:08:21.181Z,Sekkanthidal,641814,63f9c449519359b7438d8ed0,98,100.0,0.0,0.0,98,0.0,33.6734693877551,66.3265306122449,98,0.0,0.0,100.0,98,100.0,0.0,0.0,98,32.6530612244898,67.3469387755102,98,100.0,0.0,98,1.0204081632653061,98.9795918367347,98,100.0,0.0,98,84.6938775510204,15.306122448979592,98,100.0,0.0,98,8.16326530612245,91.83673469387756,0.0,98,0.0,100.0,98,n_low,p_high,k_high,OC_low,pH_neutral,GOOD
1,92,0,93,70,23,0,93,0,93,0,93,0,0,93,93,0,TIRUVADANAI,6287,6492fcb9680216eb6c940a83,2026-07-29T17:44:47.549Z,2026-27,RAMANATHAPURAM,63f9c441519359b7438d8e0d,93,0,0,2026-09-16T18:06:09.078Z,0,93,0,13,0,80,92,1,0,6a6a3c0f7f7a8f4013821d00,Soil Health Card RKVY,660f941a5c8405ca8375c7c6,TAMIL NADU,63f9be9f519359b7438d08bb,2026-09-16T18:08:21.181Z,Kookudi,641773,63f9c44d519359b7438d8f34,93,100.0,0.0,0.0,93,1.0752688172043012,0.0,98.9247311827957,93,0.0,0.0,100.0,93,100.0,0.0,0.0,93,100.0,0.0,93,100.0,0.0,93,0.0,100.0,93,100.0,0.0,93,98.9247311827957,1.0752688172043012,93,100.0,0.0,93,13.978494623655912,86.02150537634408,0.0,93,24.731182795698924,75.26881720430107,93,n_low,p_high,k_high,OC_low,pH_neutral,GOOD
1,0,0,1,1,0,0,1,0,1,0,1,0,0,1,1,0,TIRUVADANAI,6287,6492fcb9680216eb6c940a83,2026-08-18T17:51:55.011Z,2026-27,RAMANATHAPURAM,63f9c441519359b7438d8e0d,1,0,0,2026-09-16T18:06:09.078Z,0,1,0,0,0,1,1,0,0,6a849bbb4086310a56a6c48b,Soil Health Card RKVY,660f941a5c8405ca8375c7c6,TAMIL NADU,63f9be9f519359b7438d08bb,2026-09-16T18:08:21.181Z,Palangulam,641768,63f9c44d519359b7438d8f43,1,100.0,0.0,0.0,1,0.0,0.0,100.0,1,0.0,0.0,100.0,1,100.0,0.0,0.0,1,100.0,0.0,1,100.0,0.0,1,0.0,100.0,1,100.0,0.0,1,0.0,100.0,1,100.0,0.0,1,0.0,100.0,0.0,1,0.0,100.0,1,n_low,p_high,k_high,OC_low,pH_neutral,VERY_LIMITED
21,9,0,30,30,0,30,0,30,0,0,30,0,6,24,3,27,NEMILI,6446,6492fcba680216eb6c940a87,2026-09-11T18:14:53.301Z,2026-27,Ranipet,63f9cd2f519359b7438e5d24,0,9,21,2026-09-16T18:06:09.078Z,0,30,0,0,0,30,16,0,14,6aa4451dbe4706ff667e9543,Soil Health Card RKVY,660f941a5c8405ca8375c7c6,TAMIL NADU,63f9be9f519359b7438d08bb,2026-09-16T18:08:21.181Z,Murungai,630630,63f9cd49519359b7438e5f60,30,100.0,0.0,0.0,30,0.0,46.666666666666664,53.333333333333336,30,30.0,70.0,0.0,30,100.0,0.0,0.0,30,80.0,20.0,30,0.0,100.0,30,90.0,10.0,30,100.0,0.0,30,30.0,70.0,30,0.0,100.0,30,0.0,100.0,0.0,30,0.0,100.0,30,n_low,p_high,k_medium,OC_low,pH_neutral,GOOD
21,13,0,34,34,0,34,0,34,0,0,34,0,5,29,2,32,NEMILI,6446,6492fcba680216eb6c940a87,2026-09-11T18:14:53.301Z,2026-27,Ranipet,63f9cd2f519359b7438e5d24,0,16,18,2026-09-16T18:06:09.078Z,0,34,0,0,0,34,18,1,15,6aa4451dbe4706ff667e9544,Soil Health Card RKVY,660f941a5c8405ca8375c7c6,TAMIL NADU,63f9be9f519359b7438d08bb,2026-09-16T18:08:21.181Z,Arumbakkam,630616,63f9cd66519359b7438e61da,34,100.0,0.0,0.0,34,2.941176470588235,44.11764705882353,52.94117647058824,34,47.05882352941176,52.94117647058824,0.0,34,100.0,0.0,0.0,34,85.29411764705883,14.705882352941178,34,0.0,100.0,34,94.11764705882352,5.88235294117647,34,100.0,0.0,34,38.23529411764706,61.76470588235294,34,0.0,100.0,34,0.0,100.0,0.0,34,0.0,100.0,34,n_low,p_high,k_medium,OC_low,pH_neutral,GOOD
0,15,0,15,14,1,0,15,0,15,0,15,0,6,9,5,10,KONGANAPURAM,6294,6492fcba680216eb6c940a99,2026-08-25T17:49:02.138Z,2026-27,SALEM,63f9c497519359b7438d9614,5,0,10,2026-09-16T18:06:09.078Z,0,15,0,0,0,15,6,0,9,6a8dd58e23717158623c4fc4,Soil Health Card RKVY,660f941a5c8405ca8375c7c6,TAMIL NADU,63f9be9f519359b7438d08bb,2026-09-16T18:08:21.181Z,Koranampatti,633900,63f9c4b2519359b7438d989d,15,100.0,0.0,0.0,15,0.0,60.0,40.0,15,0.0,66.66666666666666,33.33333333333333,15,100.0,0.0,0.0,15,60.0,40.0,15,100.0,0.0,15,66.66666666666666,33.33333333333333,15,100.0,0.0,15,100.0,0.0,15,100.0,0.0,15,0.0,100.0,0.0,15,6.666666666666667,93.33333333333333,15,n_low,p_medium,k_medium,OC_low,pH_neutral,GOOD
2,10,0,12,12,0,0,12,0,12,0,12,0,7,5,4,8,KONGANAPURAM,6294,6492fcba680216eb6c940a99,2026-08-25T17:49:02.138Z,2026-27,SALEM,63f9c497519359b7438d9614,1,1,10,2026-09-16T18:06:09.078Z,0,12,0,0,0,12,3,2,7,6a8dd58e23717158623c4fc5,Soil Health Card RKVY,660f941a5c8405ca8375c7c6,TAMIL NADU,63f9be9f519359b7438d08bb,2026-09-16T18:08:21.181Z,Vellalapuram,633898,63f9c4b4519359b7438d98c0,12,100.0,0.0,0.0,12,16.666666666666664,58.333333333333336,25.0,12,8.333333333333332,83.33333333333334,8.333333333333332,12,100.0,0.0,0.0,12,41.66666666666667,58.333333333333336,12,100.0,0.0,12,66.66666666666666,33.33333333333333,12,100.0,0.0,12,83.33333333333334,16.666666666666664,12,100.0,0.0,12,0.0,100.0,0.0,12,0.0,100.0,12,n_low,p_medium,k_medium,OC_low,pH_neutral,GOOD
0,7,0,7,7,0,0,7,0,7,0,7,0,0,7,0,7,KONGANAPURAM,6294,6492fcba680216eb6c940a99,2026-08-25T17:49:02.138Z,2026-27,SALEM,63f9c497519359b7438d9614,3,0,4,2026-09-16T18:06:09.078Z,0,7,0,0,1,6,5,0,2,6a8dd58e23717158623c4fc6,Soil Health Card RKVY,660f941a5c8405ca8375c7c6,TAMIL NADU,63f9be9f519359b7438d08bb,2026-09-16T18:08:21.181Z,Kachchippalli,633899,63f9c4b6519359b7438d9901,7,100.0,0.0,0.0,7,0.0,28.57142857142857,71.42857142857143,7,0.0,57.14285714285714,42.857142857142854,7,100.0,0.0,0.0,7,100.0,0.0,7,100.0,0.0,7,100.0,0.0,7,100.0,0.0,7,100.0,0.0,7,100.0,0.0,7,0.0,85.71428571428571,14.285714285714285,7,0.0,100.0,7,n_low,p_high,k_medium,OC_low,pH_neutral,GOOD
0,4,0,4,4,0,0,4,0,4,0,4,0,2,2,2,2,KONGANAPURAM,6294,6492fcba680216eb6c940a99,2026-08-25T17:49:02.138Z,2026-27,SALEM,63f9c497519359b7438d9614,2,0,2,2026-09-16T18:06:09.078Z,0,4,0,0,1,3,2,0,2,6a8dd58e23717158623c4fc7,Soil Health Card RKVY,660f941a5c8405ca8375c7c6,TAMIL NADU,63f9be9f519359b7438d08bb,2026-09-16T18:08:21.181Z,Konasamudram,633901,63f9c4b7519359b7438d9906,4,100.0,0.0,0.0,4,0.0,50.0,50.0,4,0.0,50.0,50.0,4,100.0,0.0,0.0,4,50.0,50.0,4,100.0,0.0,4,50.0,50.0,4,100.0,0.0,4,100.0,0.0,4,100.0,0.0,4,0.0,75.0,25.0,4,0.0,100.0,4,n_low,p_medium,k_medium,OC_low,pH_neutral,LIMITED
7,40,0,47,47,0,0,47,1,46,0,47,0,7,40,15,32,KOLATHUR,6293,6492fcbb680216eb6c940aa1,2026-08-28T17:53:48.065Z,2026-27,SALEM,63f9c497519359b7438d9614,20,5,22,2026-09-16T18:06:09.078Z,0,47,0,0,0,47,38,0,9,6a91cb2c5c17f4f3a547d9ad,Soil Health Card RKVY,660f941a5c8405ca8375c7c6,TAMIL NADU,63f9be9f519359b7438d08bb,2026-09-16T18:08:21.181Z,Thinnappatti,633756,63f9c497519359b7438d961e,47,100.0,0.0,0.0,47,0.0,19.148936170212767,80.85106382978722,47,10.638297872340425,46.808510638297875,42.5531914893617,47,100.0,0.0,0.0,47,85.1063829787234,14.893617021276595,47,100.0,0.0,47,68.08510638297872,31.914893617021278,47,100.0,0.0,47,85.1063829787234,14.893617021276595,47,97.87234042553192,2.127659574468085,47,0.0,100.0,0.0,47,0.0,100.0,47,n_low,p_high,k_medium,OC_low,pH_neutral,GOOD
0,8,0,8,8,0,0,8,0,8,0,8,0,2,6,5,3,KOLATHUR,6293,6492fcbb680216eb6c940aa1,2026-08-28T17:53:48.065Z,2026-27,SALEM,63f9c497519359b7438d9614,3,0,5,2026-09-16T18:06:09.078Z,0,8,0,0,0,8,3,0,5,6a91cb2c5c17f4f3a547d9ae,Soil Health Card RKVY,660f941a5c8405ca8375c7c6,TAMIL NADU,63f9be9f519359b7438d08bb,2026-09-16T18:08:21.181Z,Moolakkadu,633771,63f9c49a519359b7438d965f,8,100.0,0.0,0.0,8,0.0,62.5,37.5,8,0.0,62.5,37.5,8,100.0,0.0,0.0,8,75.0,25.0,8,100.0,0.0,8,37.5,62.5,8,100.0,0.0,8,100.0,0.0,8,100.0,0.0,8,0.0,100.0,0.0,8,0.0,100.0,8,n_low,p_medium,k_medium,OC_low,pH_neutral,GOOD
0,7,0,7,7,0,0,7,0,7,0,7,0,2,5,5,2,KOLATHUR,6293,6492fcbb680216eb6c940aa1,2026-08-04T17:50:37.735Z,2026-27,SALEM,63f9c497519359b7438d9614,5,0,2,2026-09-16T18:06:09.078Z,0,7,0,0,0,7,2,1,4,6a72266d707b2ec6eb4935e7,Soil Health Card RKVY,660f941a5c8405ca8375c7c6,TAMIL NADU,63f9be9f519359b7438d08bb,2026-09-16T18:08:21.181Z,Kolnaikenpatti,633775,63f9c49a519359b7438d9664,7,100.0,0.0,0.0,7,14.285714285714285,57.14285714285714,28.57142857142857,7,0.0,28.57142857142857,71.42857142857143,7,100.0,0.0,0.0,7,71.42857142857143,28.57142857142857,7,100.0,0.0,7,28.57142857142857,71.42857142857143,7,100.0,0.0,7,100.0,0.0,7,100.0,0.0,7,0.0,100.0,0.0,7,0.0,100.0,7,n_low,p_medium,k_high,OC_low,pH_neutral,GOOD
6,21,0,27,27,0,0,27,1,26,0,27,0,2,25,3,24,KOLATHUR,6293,6492fcbb680216eb6c940aa1,2026-09-01T17:56:44.436Z,2026-27,SALEM,63f9c497519359b7438d9614,10,3,14,2026-09-16T18:06:09.078Z,0,27,0,0,0,27,20,0,7,6a9711dc0fb5ed24f8eeec48,Soil Health Card RKVY,660f941a5c8405ca8375c7c6,TAMIL NADU,63f9be9f519359b7438d08bb,2026-09-16T18:08:21.181Z,Kannamoochi,633770,63f9c49b519359b7438d9678,27,100.0,0.0,0.0,27,0.0,25.925925925925924,74.07407407407408,27,11.11111111111111,51.85185185185185,37.03703703703704,27,100.0,0.0,0.0,27,92.5925925925926,7.4074074074074066,27,100.0,0.0,27,88.88888888888889,11.11111111111111,27,100.0,0.0,27,77.77777777777779,22.22222222222222,27,96.29629629629629,3.7037037037037033,27,0.0,100.0,0.0,27,0.0,100.0,27,n_low,p_high,k_medium,OC_low,pH_neutral,GOOD
0,44,0,44,44,0,0,44,0,44,0,44,0,17,27,13,31,KOLATHUR,6293,6492fcbb680216eb6c940aa1,2026-08-31T17:56:56.031Z,2026-27,SALEM,63f9c497519359b7438d9614,26,0,18,2026-09-16T18:06:09.078Z,0,44,0,0,0,44,43,0,1,6a95c068700f6639f442888f,Soil Health Card RKVY,660f941a5c8405ca8375c7c6,TAMIL NADU,63f9be9f519359b7438d08bb,2026-09-16T18:08:21.181Z,Alamarathupatti,633768,63f9c49c519359b7438d968c,44,100.0,0.0,0.0,44,0.0,2.272727272727273,97.72727272727273,44,0.0,40.909090909090914,59.09090909090909,44,100.0,0.0,0.0,44,61.36363636363637,38.63636363636363,44,100.0,0.0,44,70.45454545454545,29.545454545454547,44,100.0,0.0,44,100.0,0.0,44,100.0,0.0,44,0.0,100.0,0.0,44,0.0,100.0,44,n_low,p_high,k_high,OC_low,pH_neutral,GOOD
2,14,0,16,16,0,0,16,0,16,0,16,0,6,10,6,10,KOLATHUR,6293,6492fcbb680216eb6c940aa1,2026-08-28T17:53:48.066Z,2026-27,SALEM,63f9c497519359b7438d9614,4,0,12,2026-09-16T18:06:09.078Z,0,16,0,0,0,16,11,0,5,6a91cb2c5c17f4f3a547d9af,Soil Health Card RKVY,660f941a5c8405ca8375c7c6,TAMIL NADU,63f9be9f519359b7438d08bb,2026-09-16T18:08:21.181Z,Kolathur,933059,63f9c49c519359b7438d969b,16,100.0,0.0,0.0,16,0.0,31.25,68.75,16,0.0,75.0,25.0,16,100.0,0.0,0.0,16,62.5,37.5,16,100.0,0.0,16,62.5,37.5,16,100.0,0.0,16,87.5,12.5,16,100.0,0.0,16,0.0,100.0,0.0,16,0.0,100.0,16,n_low,p_high,k_medium,OC_low,pH_neutral,GOOD
2,14,0,16,16,0,0,16,0,16,0,16,0,7,9,5,11,KOLATHUR,6293,6492fcbb680216eb6c940aa1,2026-08-28T17:53:48.066Z,2026-27,SALEM,63f9c497519359b7438d9614,8,0,8,2026-09-16T18:06:09.078Z,0,16,0,0,0,16,4,1,11,6a91cb2c5c17f4f3a547d9b0,Soil Health Card RKVY,660f941a5c8405ca8375c7c6,TAMIL NADU,63f9be9f519359b7438d08bb,2026-09-16T18:08:21.181Z,Sampalli,633772,63f9c4a0519359b7438d9704,16,100.0,0.0,0.0,16,6.25,68.75,25.0,16,0.0,50.0,50.0,16,100.0,0.0,0.0,16,56.25,43.75,16,100.0,0.0,16,68.75,31.25,16,100.0,0.0,16,87.5,12.5,16,100.0,0.0,16,0.0,100.0,0.0,16,0.0,100.0,16,n_low,p_medium,k_medium,OC_low,pH_neutral,GOOD
3,5,0,8,8,0,0,8,0,8,0,8,0,2,6,2,6,KOLATHUR,6293,6492fcbb680216eb6c940aa1,2026-08-28T17:53:48.066Z,2026-27,SALEM,63f9c497519359b7438d9614,5,0,3,2026-09-16T18:06:09.078Z,0,8,0,0,0,8,3,0,5,6a91cb2c5c17f4f3a547d9b1,Soil Health Card RKVY,660f941a5c8405ca8375c7c6,TAMIL NADU,63f9be9f519359b7438d08bb,2026-09-16T18:08:21.181Z,Palamalai,633773,63f9c4a1519359b7438d9709,8,100.0,0.0,0.0,8,0.0,62.5,37.5,8,0.0,37.5,62.5,8,100.0,0.0,0.0,8,75.0,25.0,8,100.0,0.0,8,75.0,25.0,8,100.0,0.0,8,62.5,37.5,8,100.0,0.0,8,0.0,100.0,0.0,8,0.0,100.0,8,n_low,p_medium,k_high,OC_low,pH_neutral,GOOD
0,34,0,34,34,0,0,34,0,34,0,34,0,11,23,19,15,KOLATHUR,6293,6492fcbb680216eb6c940aa1,2026-08-04T17:50:37.736Z,2026-27,SALEM,63f9c497519359b7438d9614,17,1,16,2026-09-16T18:06:09.078Z,0,34,0,0,0,34,16,1,17,6a72266d707b2ec6eb4935e8,Soil Health Card RKVY,660f941a5c8405ca8375c7c6,TAMIL NADU,63f9be9f519359b7438d08bb,2026-09-16T18:08:21.181Z,Navappatti,633774,63f9c4a1519359b7438d970e,34,100.0,0.0,0.0,34,2.941176470588235,50.0,47.05882352941176,34,2.941176470588235,47.05882352941176,50.0,34,100.0,0.0,0.0,34,67.64705882352942,32.35294117647059,34,100.0,0.0,34,44.11764705882353,55.88235294117647,34,100.0,0.0,34,100.0,0.0,34,100.0,0.0,34,0.0,100.0,0.0,34,0.0,100.0,34,n_low,p_medium,k_high,OC_low,pH_neutral,GOOD
15,36,0,51,51,0,0,51,1,50,0,51,0,1,50,9,42,KOLATHUR,6293,6492fcbb680216eb6c940aa1,2026-09-02T18:08:59.144Z,2026-27,SALEM,63f9c497519359b7438d9614,13,5,33,2026-09-16T18:06:09.078Z,0,51,0,0,0,51,50,0,1,6a98663bc6fb74a8ae65b3ff,Soil Health Card RKVY,660f941a5c8405ca8375c7c6,TAMIL NADU,63f9be9f519359b7438d08bb,2026-09-16T18:08:21.181Z,Kaveripuram North,633754,63f9c4a1519359b7438d9718,51,100.0,0.0,0.0,51,0.0,1.9607843137254901,98.0392156862745,51,9.803921568627452,64.70588235294117,25.49019607843137,51,100.0,0.0,0.0,51,98.0392156862745,1.9607843137254901,51,100.0,0.0,51,82.35294117647058,17.647058823529413,51,100.0,0.0,51,70.58823529411765,29.411764705882355,51,98.0392156862745,1.9607843137254901,51,0.0,100.0,0.0,51,0.0,100.0,51,n_low,p_high,k_medium,OC_low,pH_neutral,GOOD
0,4,0,4,4,0,0,4,0,4,0,4,0,2,2,1,3,MECHERI,6296,6492fcbb680216eb6c940aa3,2026-09-15T18:09:34.214Z,2026-27,SALEM,63f9c497519359b7438d9614,0,0,4,2026-09-16T18:06:09.078Z,0,4,0,0,0,4,3,0,1,6aa989de05ad99588db77b17,Soil Health Card RKVY,660f941a5c8405ca8375c7c6,TAMIL NADU,63f9be9f519359b7438d08bb,2026-09-16T18:08:21.181Z,Thethigiripatti,633761,63f9c49b519359b7438d967d,4,100.0,0.0,0.0,4,0.0,25.0,75.0,4,0.0,100.0,0.0,4,100.0,0.0,0.0,4,50.0,50.0,4,100.0,0.0,4,75.0,25.0,4,100.0,0.0,4,100.0,0.0,4,100.0,0.0,4,0.0,100.0,0.0,4,0.0,100.0,4,n_low,p_high,k_medium,OC_low,pH_neutral,LIMITED
1,3,0,4,4,0,0,4,0,4,0,4,0,2,2,1,3,MECHERI,6296,6492fcbb680216eb6c940aa3,2026-09-15T18:09:34.214Z,2026-27,SALEM,63f9c497519359b7438d9614,1,0,3,2026-09-16T18:06:09.078Z,0,4,0,0,0,4,1,0,3,6aa989de05ad99588db77b18,Soil Health Card RKVY,660f941a5c8405ca8375c7c6,TAMIL NADU,63f9be9f519359b7438d08bb,2026-09-16T18:08:21.181Z,Vellar,633762,63f9c49c519359b7438d9691,4,100.0,0.0,0.0,4,0.0,75.0,25.0,4,0.0,75.0,25.0,4,100.0,0.0,0.0,4,50.0,50.0,4,100.0,0.0,4,75.0,25.0,4,100.0,0.0,4,75.0,25.0,4,100.0,0.0,4,0.0,100.0,0.0,4,0.0,100.0,4,n_low,p_medium,k_medium,OC_low,pH_neutral,LIMITED
0,1,0,1,1,0,0,1,0,1,0,1,0,0,1,1,0,MECHERI,6296,6492fcbb680216eb6c940aa3,2026-09-15T18:09:34.214Z,2026-27,SALEM,63f9c497519359b7438d9614,0,0,1,2026-09-16T18:06:09.078Z,0,1,0,0,0,1,1,0,0,6aa989de05ad99588db77b1b,Soil Health Card RKVY,660f941a5c8405ca8375c7c6,TAMIL NADU,63f9be9f519359b7438d08bb,2026-09-16T18:08:21.181Z,Olaipatti,633784,63f9c49f519359b7438d96d7,1,100.0,0.0,0.0,1,0.0,0.0,100.0,1,0.0,100.0,0.0,1,100.0,0.0,0.0,1,100.0,0.0,1,100.0,0.0,1,0.0,100.0,1,100.0,0.0,1,100.0,0.0,1,100.0,0.0,1,0.0,100.0,0.0,1,0.0,100.0,1,n_low,p_high,k_medium,OC_low,pH_neutral,VERY_LIMITED
0,1,0,1,1,0,0,1,0,1,0,1,0,1,0,0,1,MECHERI,6296,6492fcbb680216eb6c940aa3,2026-09-15T18:09:34.215Z,2026-27,SALEM,63f9c497519359b7438d9614,0,0,1,2026-09-16T18:06:09.078Z,0,1,0,0,0,1,0,0,1,6aa989de05ad99588db77b1c,Soil Health Card RKVY,660f941a5c8405ca8375c7c6,TAMIL NADU,63f9be9f519359b7438d08bb,2026-09-16T18:08:21.181Z,Bukkampatti,633763,63f9c4a0519359b7438d96f5,1,100.0,0.0,0.0,1,0.0,100.0,0.0,1,0.0,100.0,0.0,1,100.0,0.0,0.0,1,0.0,100.0,1,100.0,0.0,1,100.0,0.0,1,100.0,0.0,1,100.0,0.0,1,100.0,0.0,1,0.0,100.0,0.0,1,0.0,100.0,1,n_low,p_medium,k_medium,OC_low,pH_neutral,VERY_LIMITED
0,10,0,10,10,0,0,10,0,10,0,10,0,1,9,3,7,NANGAVALLI,6297,6492fcbb680216eb6c940aa5,2026-09-15T18:09:34.213Z,2026-27,SALEM,63f9c497519359b7438d9614,4,0,6,2026-09-16T18:06:09.078Z,0,10,0,0,0,10,10,0,0,6aa989de05ad99588db77b14,Soil Health Card RKVY,660f941a5c8405ca8375c7c6,TAMIL NADU,63f9be9f519359b7438d08bb,2026-09-16T18:08:21.181Z,Gonur West - ,933100,63f9c499519359b7438d963c,10,100.0,0.0,0.0,10,0.0,0.0,100.0,10,0.0,60.0,40.0,10,100.0,0.0,0.0,10,90.0,10.0,10,100.0,0.0,10,70.0,30.0,10,100.0,0.0,10,100.0,0.0,10,100.0,0.0,10,0.0,100.0,0.0,10,0.0,100.0,10,n_low,p_high,k_medium,OC_low,pH_neutral,GOOD
5,5,0,10,10,0,0,10,0,10,0,10,0,7,3,4,6,NANGAVALLI,6297,6492fcbb680216eb6c940aa5,2026-09-15T18:09:34.213Z,2026-27,SALEM,63f9c497519359b7438d9614,0,0,10,2026-09-16T18:06:09.078Z,0,10,0,0,0,10,1,3,6,6aa989de05ad99588db77b15,Soil Health Card RKVY,660f941a5c8405ca8375c7c6,TAMIL NADU,63f9be9f519359b7438d08bb,2026-09-16T18:08:21.181Z,Nangavalli - ,933050,63f9c499519359b7438d9641,10,100.0,0.0,0.0,10,30.0,60.0,10.0,10,0.0,100.0,0.0,10,100.0,0.0,0.0,10,30.0,70.0,10,100.0,0.0,10,60.0,40.0,10,100.0,0.0,10,50.0,50.0,10,100.0,0.0,10,0.0,100.0,0.0,10,0.0,100.0,10,n_low,p_medium,k_medium,OC_low,pH_neutral,GOOD
0,9,0,9,9,0,0,9,0,9,0,9,0,3,6,3,6,NANGAVALLI,6297,6492fcbb680216eb6c940aa5,2026-09-15T18:09:34.213Z,2026-27,SALEM,63f9c497519359b7438d9614,5,0,4,2026-09-16T18:06:09.078Z,0,9,0,0,0,9,9,0,0,6aa989de05ad99588db77b16,Soil Health Card RKVY,660f941a5c8405ca8375c7c6,TAMIL NADU,63f9be9f519359b7438d08bb,2026-09-16T18:08:21.181Z,Veerakkal,633776,63f9c49b519359b7438d9673,9,100.0,0.0,0.0,9,0.0,0.0,100.0,9,0.0,44.44444444444444,55.55555555555556,9,100.0,0.0,0.0,9,66.66666666666666,33.33333333333333,9,100.0,0.0,9,66.66666666666666,33.33333333333333,9,100.0,0.0,9,100.0,0.0,9,100.0,0.0,9,0.0,100.0,0.0,9,0.0,100.0,9,n_low,p_high,k_high,OC_low,pH_neutral,GOOD
0,9,0,9,9,0,0,9,0,9,0,9,0,5,4,7,2,NANGAVALLI,6297,6492fcbb680216eb6c940aa5,2026-09-15T18:09:34.214Z,2026-27,SALEM,63f9c497519359b7438d9614,2,0,7,2026-09-16T18:06:09.078Z,0,9,0,0,0,9,3,0,6,6aa989de05ad99588db77b19,Soil Health Card RKVY,660f941a5c8405ca8375c7c6,TAMIL NADU,63f9be9f519359b7438d08bb,2026-09-16T18:08:21.181Z,Avadattur (CT),633798,63f9c49e519359b7438d96be,9,100.0,0.0,0.0,9,0.0,66.66666666666666,33.33333333333333,9,0.0,77.77777777777779,22.22222222222222,9,100.0,0.0,0.0,9,44.44444444444444,55.55555555555556,9,100.0,0.0,9,22.22222222222222,77.77777777777779,9,100.0,0.0,9,100.0,0.0,9,100.0,0.0,9,0.0,100.0,0.0,9,0.0,100.0,9,n_low,p_medium,k_medium,OC_low,pH_neutral,GOOD
6,5,0,11,11,0,0,11,0,11,0,11,0,8,3,5,6,NANGAVALLI,6297,6492fcbb680216eb6c940aa5,2026-09-15T18:09:34.214Z,2026-27,SALEM,63f9c497519359b7438d9614,0,0,11,2026-09-16T18:06:09.078Z,0,11,0,0,0,11,0,4,7,6aa989de05ad99588db77b1a,Soil Health Card RKVY,660f941a5c8405ca8375c7c6,TAMIL NADU,63f9be9f519359b7438d08bb,2026-09-16T18:08:21.181Z,Chinnasoragai,633787,63f9c49e519359b7438d96c8,11,100.0,0.0,0.0,11,36.36363636363637,63.63636363636363,0.0,11,0.0,100.0,0.0,11,100.0,0.0,0.0,11,27.27272727272727,72.72727272727273,11,100.0,0.0,11,54.54545454545454,45.45454545454545,11,100.0,0.0,11,45.45454545454545,54.54545454545454,11,100.0,0.0,11,0.0,100.0,0.0,11,0.0,100.0,11,n_low,p_medium,k_medium,OC_low,pH_neutral,GOOD
2,10,0,12,12,0,0,12,0,12,0,12,0,2,10,4,8,VEERAPANDI,6306,6492fcbb680216eb6c940aad,2026-09-09T18:08:01.614Z,2026-27,SALEM,63f9c497519359b7438d9614,6,0,6,2026-09-16T18:06:09.078Z,0,12,0,0,0,12,12,0,0,6aa1a081a9301e4c4acd10ea,Soil Health Card RKVY,660f941a5c8405ca8375c7c6,TAMIL NADU,63f9be9f519359b7438d08bb,2026-09-16T18:08:21.181Z,Keeraipappambadi,633958,63f9c50d519359b7438da111,12,100.0,0.0,0.0,12,0.0,0.0,100.0,12,0.0,50.0,50.0,12,100.0,0.0,0.0,12,83.33333333333334,16.666666666666664,12,100.0,0.0,12,66.66666666666666,33.33333333333333,12,100.0,0.0,12,83.33333333333334,16.666666666666664,12,100.0,0.0,12,0.0,100.0,0.0,12,0.0,100.0,12,n_low,p_high,k_medium,OC_low,pH_neutral,GOOD
0,4,0,4,4,0,0,4,0,4,0,4,0,2,2,1,3,VEERAPANDI,6306,6492fcbb680216eb6c940aad,2026-09-09T18:08:01.614Z,2026-27,SALEM,63f9c497519359b7438d9614,1,0,3,2026-09-16T18:06:09.078Z,0,4,0,0,0,4,4,0,0,6aa1a081a9301e4c4acd10eb,Soil Health Card RKVY,660f941a5c8405ca8375c7c6,TAMIL NADU,63f9be9f519359b7438d08bb,2026-09-16T18:08:21.181Z,Nayakkanpatti,633994,63f9c50e519359b7438da12f,4,100.0,0.0,0.0,4,0.0,0.0,100.0,4,0.0,75.0,25.0,4,100.0,0.0,0.0,4,50.0,50.0,4,100.0,0.0,4,75.0,25.0,4,100.0,0.0,4,100.0,0.0,4,100.0,0.0,4,0.0,100.0,0.0,4,0.0,100.0,4,n_low,p_high,k_medium,OC_low,pH_neutral,LIMITED
0,6,0,6,6,0,0,6,0,6,0,6,0,0,6,1,5,VEERAPANDI,6306,6492fcbb680216eb6c940aad,2026-09-09T18:08:01.614Z,2026-27,SALEM,63f9c497519359b7438d9614,3,0,3,2026-09-16T18:06:09.078Z,0,6,0,0,0,6,6,0,0,6aa1a081a9301e4c4acd10ec,Soil Health Card RKVY,660f941a5c8405ca8375c7c6,TAMIL NADU,63f9be9f519359b7438d08bb,2026-09-16T18:08:21.181Z,Pumandapatti,633987,63f9c50f519359b7438da152,6,100.0,0.0,0.0,6,0.0,0.0,100.0,6,0.0,50.0,50.0,6,100.0,0.0,0.0,6,100.0,0.0,6,100.0,0.0,6,83.33333333333334,16.666666666666664,6,100.0,0.0,6,100.0,0.0,6,100.0,0.0,6,0.0,100.0,0.0,6,0.0,100.0,6,n_low,p_high,k_medium,OC_low,pH_neutral,GOOD
0,3,0,3,3,0,0,3,0,3,0,3,0,0,3,1,2,VEERAPANDI,6306,6492fcbb680216eb6c940aad,2026-09-09T18:08:01.614Z,2026-27,SALEM,63f9c497519359b7438d9614,1,0,2,2026-09-16T18:06:09.078Z,0,3,0,0,0,3,3,0,0,6aa1a081a9301e4c4acd10ed,Soil Health Card RKVY,660f941a5c8405ca8375c7c6,TAMIL NADU,63f9be9f519359b7438d08bb,2026-09-16T18:08:21.181Z,Murungapatti,633993,63f9c510519359b7438da16b,3,100.0,0.0,0.0,3,0.0,0.0,100.0,3,0.0,66.66666666666666,33.33333333333333,3,100.0,0.0,0.0,3,100.0,0.0,3,100.0,0.0,3,66.66666666666666,33.33333333333333,3,100.0,0.0,3,100.0,0.0,3,100.0,0.0,3,0.0,100.0,0.0,3,0.0,100.0,3,n_low,p_high,k_medium,OC_low,pH_neutral,LIMITED
4,4,0,8,8,0,0,8,0,8,0,8,0,0,8,2,6,VEERAPANDI,6306,6492fcbb680216eb6c940aad,2026-09-09T18:08:01.614Z,2026-27,SALEM,63f9c497519359b7438d9614,8,0,0,2026-09-16T18:06:09.078Z,0,8,0,0,0,8,8,0,0,6aa1a081a9301e4c4acd10ee,Soil Health Card RKVY,660f941a5c8405ca8375c7c6,TAMIL NADU,63f9be9f519359b7438d08bb,2026-09-16T18:08:21.181Z,Nallampatti,633995,63f9c510519359b7438da170,8,100.0,0.0,0.0,8,0.0,0.0,100.0,8,0.0,0.0,100.0,8,100.0,0.0,0.0,8,100.0,0.0,8,100.0,0.0,8,75.0,25.0,8,100.0,0.0,8,50.0,50.0,8,100.0,0.0,8,0.0,100.0,0.0,8,0.0,100.0,8,n_low,p_high,k_high,OC_low,pH_neutral,GOOD
3,4,0,7,7,0,0,7,0,7,0,7,0,0,7,2,5,VEERAPANDI,6306,6492fcbb680216eb6c940aad,2026-09-09T18:08:01.614Z,2026-27,SALEM,63f9c497519359b7438d9614,7,0,0,2026-09-16T18:06:09.078Z,0,7,0,0,0,7,7,0,0,6aa1a081a9301e4c4acd10ef,Soil Health Card RKVY,660f941a5c8405ca8375c7c6,TAMIL NADU,63f9be9f519359b7438d08bb,2026-09-16T18:08:21.181Z,Thunbathulipatti,634001,63f9c511519359b7438da17a,7,100.0,0.0,0.0,7,0.0,0.0,100.0,7,0.0,0.0,100.0,7,100.0,0.0,0.0,7,100.0,0.0,7,100.0,0.0,7,71.42857142857143,28.57142857142857,7,100.0,0.0,7,57.14285714285714,42.857142857142854,7,100.0,0.0,7,0.0,100.0,0.0,7,0.0,100.0,7,n_low,p_high,k_high,OC_low,pH_neutral,GOOD
0,1,0,1,1,0,0,1,0,1,0,1,0,0,1,0,1,MACDONALDS CHOULTRY,6295,6492fcbb680216eb6c940ab1,2026-08-25T17:49:02.138Z,2026-27,SALEM,63f9c497519359b7438d9614,0,0,1,2026-09-16T18:06:09.078Z,0,1,0,0,0,1,1,0,0,6a8dd58e23717158623c4fc8,Soil Health Card RKVY,660f941a5c8405ca8375c7c6,TAMIL NADU,63f9be9f519359b7438d08bb,2026-09-16T18:08:21.181Z,Vaikuntam,633922,63f9c4b8519359b7438d9924,1,100.0,0.0,0.0,1,0.0,0.0,100.0,1,0.0,100.0,0.0,1,100.0,0.0,0.0,1,100.0,0.0,1,100.0,0.0,1,100.0,0.0,1,100.0,0.0,1,100.0,0.0,1,100.0,0.0,1,0.0,100.0,0.0,1,0.0,100.0,1,n_low,p_high,k_medium,OC_low,pH_neutral,VERY_LIMITED
1,7,0,8,8,0,0,8,0,8,0,8,0,1,7,1,7,MACDONALDS CHOULTRY,6295,6492fcbb680216eb6c940ab1,2026-08-25T17:49:02.138Z,2026-27,SALEM,63f9c497519359b7438d9614,0,0,8,2026-09-16T18:06:09.078Z,0,8,0,0,0,8,8,0,0,6a8dd58e23717158623c4fc9,Soil Health Card RKVY,660f941a5c8405ca8375c7c6,TAMIL NADU,63f9be9f519359b7438d08bb,2026-09-16T18:08:21.181Z,Eranapuram (CT),633957,63f9c4b9519359b7438d994c,8,100.0,0.0,0.0,8,0.0,0.0,100.0,8,0.0,100.0,0.0,8,100.0,0.0,0.0,8,87.5,12.5,8,100.0,0.0,8,87.5,12.5,8,100.0,0.0,8,87.5,12.5,8,100.0,0.0,8,0.0,100.0,0.0,8,0.0,100.0,8,n_low,p_high,k_medium,OC_low,pH_neutral,GOOD
0,9,0,9,9,0,0,9,0,9,0,9,0,1,8,6,3,MACDONALDS CHOULTRY,6295,6492fcbb680216eb6c940ab1,2026-08-25T17:49:02.138Z,2026-27,SALEM,63f9c497519359b7438d9614,1,0,8,2026-09-16T18:06:09.078Z,0,9,0,0,0,9,4,0,5,6a8dd58e23717158623c4fca,Soil Health Card RKVY,660f941a5c8405ca8375c7c6,TAMIL NADU,63f9be9f519359b7438d08bb,2026-09-16T18:08:21.181Z,Idanganasalai Bit1,931947,63f9c4ba519359b7438d9956,9,100.0,0.0,0.0,9,0.0,55.55555555555556,44.44444444444444,9,0.0,88.88888888888889,11.11111111111111,9,100.0,0.0,0.0,9,88.88888888888889,11.11111111111111,9,100.0,0.0,9,33.33333333333333,66.66666666666666,9,100.0,0.0,9,100.0,0.0,9,100.0,0.0,9,0.0,100.0,0.0,9,0.0,100.0,9,n_low,p_medium,k_medium,OC_low,pH_neutral,GOOD
0,4,0,4,4,0,0,4,0,4,0,4,0,0,4,0,4,MACDONALDS CHOULTRY,6295,6492fcbb680216eb6c940ab1,2026-08-24T17:50:38.306Z,2026-27,SALEM,63f9c497519359b7438d9614,1,0,3,2026-09-16T18:06:09.078Z,0,4,0,0,0,4,2,0,2,6a8c846e2ce21ef285530e14,Soil Health Card RKVY,660f941a5c8405ca8375c7c6,TAMIL NADU,63f9be9f519359b7438d08bb,2026-09-16T18:08:21.181Z,Naduvaneri (CT),633956,63f9c4bf519359b7438d99e7,4,100.0,0.0,0.0,4,0.0,50.0,50.0,4,0.0,75.0,25.0,4,100.0,0.0,0.0,4,100.0,0.0,4,100.0,0.0,4,100.0,0.0,4,100.0,0.0,4,100.0,0.0,4,100.0,0.0,4,0.0,100.0,0.0,4,0.0,100.0,4,n_low,p_medium,k_medium,OC_low,pH_neutral,LIMITED
0,1,0,1,1,0,0,1,0,1,0,1,0,0,1,0,1,MACDONALDS CHOULTRY,6295,6492fcbb680216eb6c940ab1,2026-08-24T17:50:38.306Z,2026-27,SALEM,63f9c497519359b7438d9614,0,0,1,2026-09-16T18:06:09.078Z,0,1,0,0,0,1,0,0,1,6a8c846e2ce21ef285530e15,Soil Health Card RKVY,660f941a5c8405ca8375c7c6,TAMIL NADU,63f9be9f519359b7438d08bb,2026-09-16T18:08:21.181Z,Kandarakulamanickam,633920,63f9c4c1519359b7438d9a05,1,100.0,0.0,0.0,1,0.0,100.0,0.0,1,0.0,100.0,0.0,1,100.0,0.0,0.0,1,100.0,0.0,1,100.0,0.0,1,100.0,0.0,1,100.0,0.0,1,100.0,0.0,1,100.0,0.0,1,0.0,100.0,0.0,1,0.0,100.0,1,n_low,p_medium,k_medium,OC_low,pH_neutral,VERY_LIMITED
0,3,0,3,3,0,0,3,0,3,0,3,0,2,1,0,3,MACDONALDS CHOULTRY,6295,6492fcbb680216eb6c940ab1,2026-08-25T17:49:02.138Z,2026-27,SALEM,63f9c497519359b7438d9614,0,0,3,2026-09-16T18:06:09.078Z,0,3,0,0,0,3,0,0,3,6a8dd58e23717158623c4fcb,Soil Health Card RKVY,660f941a5c8405ca8375c7c6,TAMIL NADU,63f9be9f519359b7438d08bb,2026-09-16T18:08:21.181Z,Idanganasalai Bit2,931951,63f9c4c2519359b7438d9a19,3,100.0,0.0,0.0,3,0.0,100.0,0.0,3,0.0,100.0,0.0,3,100.0,0.0,0.0,3,33.33333333333333,66.66666666666666,3,100.0,0.0,3,100.0,0.0,3,100.0,0.0,3,100.0,0.0,3,100.0,0.0,3,0.0,100.0,0.0,3,0.0,100.0,3,n_low,p_medium,k_medium,OC_low,pH_neutral,LIMITED
36,44,0,80,80,0,15,65,35,45,0,80,0,66,14,66,14,KANNANKUDI,6312,6492fcbc680216eb6c940abd,2026-09-03T18:08:02.695Z,2026-27,SIVAGANGA,63f9c52a519359b7438da3d7,71,0,9,2026-09-16T18:06:09.078Z,0,80,0,4,0,76,4,27,49,6a99b7820649dfa6ff11f3bc,Soil Health Card RKVY,660f941a5c8405ca8375c7c6,TAMIL NADU,63f9be9f519359b7438d08bb,2026-09-16T18:08:21.181Z,Kandiyur,640140,63f9c54c519359b7438da714,80,100.0,0.0,0.0,80,33.75,61.25000000000001,5.0,80,0.0,11.25,88.75,80,100.0,0.0,0.0,80,17.5,82.5,80,81.25,18.75,80,17.5,82.5,80,100.0,0.0,80,55.00000000000001,45.0,80,56.25,43.75,80,5.0,95.0,0.0,80,0.0,100.0,80,n_low,p_medium,k_high,OC_low,pH_neutral,GOOD
13,12,0,24,25,0,0,25,0,25,0,24,1,0,25,25,0,KANNANKUDI,6312,6492fcbc680216eb6c940abd,2026-09-16T18:08:24.836Z,2026-27,SIVAGANGA,63f9c52a519359b7438da3d7,9,1,15,2026-09-16T18:06:09.078Z,0,25,0,0,0,25,0,21,4,6aaadb18815951ad19d1c524,Soil Health Card RKVY,660f941a5c8405ca8375c7c6,TAMIL NADU,63f9be9f519359b7438d08bb,2026-09-16T18:08:24.836Z,Naranamangalam,640139,63f9c54c519359b7438da719,25,100.0,0.0,0.0,25,84.0,16.0,0.0,25,4.0,60.0,36.0,25,96.0,4.0,0.0,25,100.0,0.0,25,100.0,0.0,25,0.0,100.0,24,100.0,0.0,25,48.0,52.0,25,100.0,0.0,25,0.0,100.0,0.0,25,0.0,100.0,25,n_low,p_low,k_medium,OC_low,pH_neutral,GOOD
119,34,0,152,153,0,6,147,8,145,0,104,49,77,76,149,4,KANNANKUDI,6312,6492fcbc680216eb6c940abd,2026-09-02T18:08:59.146Z,2026-27,SIVAGANGA,63f9c52a519359b7438da3d7,125,0,28,2026-09-16T18:06:09.078Z,0,153,0,61,0,92,58,20,75,6a98663bc6fb74a8ae65b402,Soil Health Card RKVY,660f941a5c8405ca8375c7c6,TAMIL NADU,63f9be9f519359b7438d08bb,2026-09-16T18:08:21.181Z,Theralappur,640155,63f9c554519359b7438da7c8,153,100.0,0.0,0.0,153,13.071895424836603,49.01960784313725,37.908496732026144,153,0.0,18.30065359477124,81.69934640522875,153,67.97385620915033,32.02614379084967,0.0,153,49.673202614379086,50.326797385620914,153,96.07843137254902,3.9215686274509802,153,2.6143790849673203,97.38562091503267,152,100.0,0.0,153,22.22222222222222,77.77777777777779,153,94.77124183006535,5.228758169934641,153,39.869281045751634,60.130718954248366,0.0,153,0.0,100.0,153,n_low,p_medium,k_high,OC_low,pH_neutral,GOOD
0,5,0,5,2,3,0,5,0,5,0,5,0,0,5,5,0,KANNANKUDI,6312,6492fcbc680216eb6c940abd,2026-08-13T17:49:12.654Z,2026-27,SIVAGANGA,63f9c52a519359b7438da3d7,2,0,3,2026-09-16T18:06:09.078Z,0,5,0,0,0,5,3,0,2,6a7e03985649bb3abb470b80,Soil Health Card RKVY,660f941a5c8405ca8375c7c6,TAMIL NADU,63f9be9f519359b7438d08bb,2026-09-16T18:08:21.181Z,Iravucheri,640153,63f9c554519359b7438da7cd,5,100.0,0.0,0.0,5,0.0,40.0,60.0,5,0.0,60.0,40.0,5,100.0,0.0,0.0,5,100.0,0.0,5,100.0,0.0,5,0.0,100.0,5,100.0,0.0,5,100.0,0.0,5,100.0,0.0,5,0.0,100.0,0.0,5,60.0,40.0,5,n_low,p_high,k_medium,OC_low,pH_neutral,GOOD
0,50,0,50,50,0,26,24,31,19,0,50,0,42,8,33,17,KANNANKUDI,6312,6492fcbc680216eb6c940abd,2026-09-11T18:14:53.283Z,2026-27,SIVAGANGA,63f9c52a519359b7438da3d7,42,0,8,2026-09-16T18:06:09.078Z,0,50,0,50,0,0,0,23,27,6aa4451dbe4706ff667e9534,Soil Health Card RKVY,660f941a5c8405ca8375c7c6,TAMIL NADU,63f9be9f519359b7438d08bb,2026-09-16T18:08:21.181Z,Kodakkudi,640142,63f9c555519359b7438da7eb,50,100.0,0.0,0.0,50,46.0,54.0,0.0,50,0.0,16.0,84.0,50,100.0,0.0,0.0,50,16.0,84.0,50,48.0,52.0,50,34.0,66.0,50,100.0,0.0,50,100.0,0.0,50,38.0,62.0,50,100.0,0.0,0.0,50,0.0,100.0,50,n_low,p_medium,k_high,OC_low,pH_acidic,GOOD
92,95,12,175,187,0,1,186,1,186,1,185,1,2,185,187,0,KALLAL,6311,6492fcbc680216eb6c940abf,2026-08-25T17:49:02.138Z,2026-27,SIVAGANGA,63f9c52a519359b7438da3d7,103,1,83,2026-09-16T18:06:09.078Z,0,142,45,0,0,187,117,27,43,6a8dd58e23717158623c4fcc,Soil Health Card RKVY,660f941a5c8405ca8375c7c6,TAMIL NADU,63f9be9f519359b7438d08bb,2026-09-16T18:08:21.181Z,Keelapattamangalam,640054,63f9c52b519359b7438da3eb,187,75.93582887700535,24.06417112299465,0.0,187,14.43850267379679,22.994652406417114,62.56684491978609,187,0.53475935828877,44.38502673796791,55.080213903743314,187,98.93048128342245,0.53475935828877,0.53475935828877,187,98.93048128342245,1.06951871657754,187,99.46524064171123,0.53475935828877,187,0.0,100.0,187,93.58288770053476,6.417112299465241,187,50.80213903743316,49.19786096256685,187,99.46524064171123,0.53475935828877,187,0.0,100.0,0.0,187,0.0,100.0,187,n_low,p_high,k_high,OC_low,pH_neutral,GOOD
21,76,0,97,96,1,21,76,0,97,3,67,27,0,97,33,64,KALLAL,6311,6492fcbc680216eb6c940abf,2026-09-02T18:08:59.145Z,2026-27,SIVAGANGA,63f9c52a519359b7438da3d7,97,0,0,2026-09-16T18:06:09.078Z,0,97,0,31,0,66,82,0,15,6a98663bc6fb74a8ae65b400,Soil Health Card RKVY,660f941a5c8405ca8375c7c6,TAMIL NADU,63f9be9f519359b7438d08bb,2026-09-16T18:08:21.181Z,Thenkarai,640025,63f9c52d519359b7438da427,97,100.0,0.0,0.0,97,0.0,15.463917525773196,84.5360824742268,97,0.0,0.0,100.0,97,69.0721649484536,27.835051546391753,3.0927835051546393,97,100.0,0.0,97,78.35051546391753,21.649484536082475,97,65.97938144329896,34.02061855670103,97,100.0,0.0,97,78.35051546391753,21.649484536082475,97,100.0,0.0,97,31.958762886597935,68.04123711340206,0.0,97,1.0309278350515463,98.96907216494846,97,n_low,p_high,k_high,OC_low,pH_neutral,GOOD
52,65,0,117,117,0,0,117,0,117,0,100,17,27,90,2,115,KALLAL,6311,6492fcbc680216eb6c940abf,2026-09-09T18:08:01.615Z,2026-27,SIVAGANGA,63f9c52a519359b7438da3d7,117,0,0,2026-09-16T18:06:09.078Z,1,111,5,117,0,0,114,0,3,6aa1a081a9301e4c4acd10f0,Soil Health Card RKVY,660f941a5c8405ca8375c7c6,TAMIL NADU,63f9be9f519359b7438d08bb,2026-09-16T18:08:21.181Z,Malaikandan,640120,63f9c536519359b7438da50a,117,94.87179487179486,4.273504273504273,0.8547008547008548,117,0.0,2.564102564102564,97.43589743589743,117,0.0,0.0,100.0,117,85.47008547008546,14.529914529914532,0.0,117,76.92307692307693,23.076923076923077,117,100.0,0.0,117,98.29059829059828,1.7094017094017095,117,100.0,0.0,117,55.55555555555556,44.44444444444444,117,100.0,0.0,117,100.0,0.0,0.0,117,0.0,100.0,117,n_low,p_high,k_high,OC_low,pH_acidic,GOOD
0,1,0,1,1,0,0,1,0,1,0,1,0,0,1,0,1,KALLAL,6311,6492fcbc680216eb6c940abf,2026-09-03T18:08:02.695Z,2026-27,SIVAGANGA,63f9c52a519359b7438da3d7,1,0,0,2026-09-16T18:06:09.078Z,0,0,1,1,0,0,1,0,0,6a99b7820649dfa6ff11f3ba,Soil Health Card RKVY,660f941a5c8405ca8375c7c6,TAMIL NADU,63f9be9f519359b7438d08bb,2026-09-16T18:08:21.181Z,Veppankulam,640112,63f9c539519359b7438da541,1,0.0,100.0,0.0,1,0.0,0.0,100.0,1,0.0,0.0,100.0,1,100.0,0.0,0.0,1,100.0,0.0,1,100.0,0.0,1,100.0,0.0,1,100.0,0.0,1,100.0,0.0,1,100.0,0.0,1,100.0,0.0,0.0,1,0.0,100.0,1,n_medium,p_high,k_high,OC_low,pH_acidic,VERY_LIMITED
2,119,0,121,121,0,1,120,0,121,0,115,6,3,118,1,120,KALLAL,6311,6492fcbc680216eb6c940abf,2026-09-07T18:11:10.116Z,2026-27,SIVAGANGA,63f9c52a519359b7438da3d7,121,0,0,2026-09-16T18:06:09.078Z,0,94,27,30,0,91,120,0,1,6a9efe3e96c54e28dc2b1f18,Soil Health Card RKVY,660f941a5c8405ca8375c7c6,TAMIL NADU,63f9be9f519359b7438d08bb,2026-09-16T18:08:21.181Z,Alampattu,640114,63f9c53d519359b7438da5aa,121,77.68595041322314,22.31404958677686,0.0,121,0.0,0.8264462809917356,99.17355371900827,121,0.0,0.0,100.0,121,95.0413223140496,4.958677685950414,0.0,121,97.52066115702479,2.479338842975207,121,99.17355371900827,0.8264462809917356,121,99.17355371900827,0.8264462809917356,121,100.0,0.0,121,98.34710743801654,1.6528925619834711,121,100.0,0.0,121,24.793388429752067,75.20661157024794,0.0,121,0.0,100.0,121,n_low,p_high,k_high,OC_low,pH_neutral,GOOD
0,96,0,96,96,0,0,96,0,96,2,92,2,0,96,13,83,KALLAL,6311,6492fcbc680216eb6c940abf,2026-09-03T18:08:02.695Z,2026-27,SIVAGANGA,63f9c52a519359b7438da3d7,95,1,0,2026-09-16T18:06:09.078Z,0,71,25,16,0,80,87,0,9,6a99b7820649dfa6ff11f3bb,Soil Health Card RKVY,660f941a5c8405ca8375c7c6,TAMIL NADU,63f9be9f519359b7438d08bb,2026-09-16T18:08:21.181Z,Vetriyur,640121,63f9c53e519359b7438da5b9,96,73.95833333333334,26.041666666666668,0.0,96,0.0,9.375,90.625,96,1.0416666666666665,0.0,98.95833333333334,96,95.83333333333334,2.083333333333333,2.083333333333333,96,100.0,0.0,96,100.0,0.0,96,86.45833333333334,13.541666666666666,96,100.0,0.0,96,100.0,0.0,96,100.0,0.0,96,16.666666666666664,83.33333333333334,0.0,96,0.0,100.0,96,n_low,p_high,k_high,OC_low,pH_neutral,GOOD
5,128,0,133,133,0,0,133,0,133,0,133,0,43,90,91,42,ILAYANKUDI,6309,6492fcbc680216eb6c940ac1,2026-09-11T18:14:53.284Z,2026-27,SIVAGANGA,63f9c52a519359b7438da3d7,133,0,0,2026-09-16T18:06:09.078Z,0,133,0,0,0,133,133,0,0,6aa4451dbe4706ff667e9535,Soil Health Card RKVY,660f941a5c8405ca8375c7c6,TAMIL NADU,63f9be9f519359b7438d08bb,2026-09-16T18:08:21.181Z,Katchathanallur,640478,63f9c56e519359b7438daa35,133,100.0,0.0,0.0,133,0.0,0.0,100.0,133,0.0,0.0,100.0,133,100.0,0.0,0.0,133,67.66917293233082,32.33082706766917,133,100.0,0.0,133,31.57894736842105,68.42105263157895,133,100.0,0.0,133,96.2406015037594,3.7593984962406015,133,100.0,0.0,133,0.0,100.0,0.0,133,0.0,100.0,133,n_low,p_high,k_high,OC_low,pH_neutral,GOOD
1,309,0,310,310,0,0,310,0,310,0,310,0,63,247,307,3,ILAYANKUDI,6309,6492fcbc680216eb6c940ac1,2026-09-03T18:08:02.696Z,2026-27,SIVAGANGA,63f9c52a519359b7438da3d7,309,1,0,2026-09-16T18:06:09.078Z,0,310,0,0,0,310,309,1,0,6a99b7820649dfa6ff11f3be,Soil Health Card RKVY,660f941a5c8405ca8375c7c6,TAMIL NADU,63f9be9f519359b7438d08bb,2026-09-16T18:08:21.181Z,Keelayur,640462,63f9c570519359b7438daa5d,310,100.0,0.0,0.0,310,0.3225806451612903,0.0,99.67741935483872,310,0.3225806451612903,0.0,99.67741935483872,310,100.0,0.0,0.0,310,79.6774193548387,20.32258064516129,310,100.0,0.0,310,0.967741935483871,99.03225806451613,310,100.0,0.0,310,99.67741935483872,0.3225806451612903,310,100.0,0.0,310,0.0,100.0,0.0,310,0.0,100.0,310,n_low,p_high,k_high,OC_low,pH_neutral,GOOD
6,44,0,50,50,0,0,50,0,50,0,50,0,2,48,49,1,ILAYANKUDI,6309,6492fcbc680216eb6c940ac1,2026-06-23T18:03:36.407Z,2026-27,SIVAGANGA,63f9c52a519359b7438da3d7,28,0,22,2026-09-16T18:06:09.078Z,0,50,0,0,0,50,0,21,29,6a3aca78c085490c83976f12,Soil Health Card RKVY,660f941a5c8405ca8375c7c6,TAMIL NADU,63f9be9f519359b7438d08bb,2026-09-16T18:08:21.181Z,Valayanendal,640458,63f9c570519359b7438daa67,50,100.0,0.0,0.0,50,42.0,57.99999999999999,0.0,50,0.0,44.0,56.00000000000001,50,100.0,0.0,0.0,50,96.0,4.0,50,100.0,0.0,50,2.0,98.0,50,100.0,0.0,50,88.0,12.0,50,100.0,0.0,50,0.0,100.0,0.0,50,0.0,100.0,50,n_low,p_medium,k_high,OC_low,pH_neutral,GOOD
0,50,0,50,50,0,0,50,0,50,0,50,0,0,50,50,0,ILAYANKUDI,6309,6492fcbc680216eb6c940ac1,2026-06-18T18:06:11.663Z,2026-27,SIVAGANGA,63f9c52a519359b7438da3d7,0,0,50,2026-09-16T18:06:09.078Z,0,50,0,0,0,50,1,28,21,6a343393a6092e046bf460c2,Soil Health Card RKVY,660f941a5c8405ca8375c7c6,TAMIL NADU,63f9be9f519359b7438d08bb,2026-09-16T18:08:21.181Z,Nagamuganthankudi,640447,63f9c576519359b7438daaf3,50,100.0,0.0,0.0,50,56.00000000000001,42.0,2.0,50,0.0,100.0,0.0,50,100.0,0.0,0.0,50,100.0,0.0,50,100.0,0.0,50,0.0,100.0,50,100.0,0.0,50,100.0,0.0,50,100.0,0.0,50,0.0,100.0,0.0,50,0.0,100.0,50,n_low,p_low,k_medium,OC_low,pH_neutral,GOOD
49,51,0,100,82,18,0,100,0,100,0,57,43,70,30,100,0,MANAMADURAI,6313,6492fcbc680216eb6c940ac3,2026-09-02T18:08:59.146Z,2026-27,SIVAGANGA,63f9c52a519359b7438da3d7,92,0,8,2026-09-16T18:06:09.078Z,0,100,0,0,18,82,7,23,70,6a98663bc6fb74a8ae65b403,Soil Health Card RKVY,660f941a5c8405ca8375c7c6,TAMIL NADU,63f9be9f519359b7438d08bb,2026-09-16T18:08:21.181Z,Idaikkattur,640320,63f9c559519359b7438da842,100,100.0,0.0,0.0,100,23.0,70.0,7.000000000000001,100,0.0,8.0,92.0,100,56.99999999999999,43.0,0.0,100,30.0,70.0,100,100.0,0.0,100,0.0,100.0,100,100.0,0.0,100,51.0,49.0,100,100.0,0.0,100,0.0,82.0,18.0,100,18.0,82.0,100,n_low,p_medium,k_high,OC_low,pH_neutral,GOOD
5,50,1,54,55,0,44,11,14,41,0,46,9,12,43,20,35,MANAMADURAI,6313,6492fcbc680216eb6c940ac3,2026-09-09T18:08:01.616Z,2026-27,SIVAGANGA,63f9c52a519359b7438da3d7,53,1,1,2026-09-16T18:06:09.078Z,0,55,0,0,0,55,13,19,23,6aa1a081a9301e4c4acd10f1,Soil Health Card RKVY,660f941a5c8405ca8375c7c6,TAMIL NADU,63f9be9f519359b7438d08bb,2026-09-16T18:08:21.181Z,Vilathur,640406,63f9c567519359b7438da98e,55,100.0,0.0,0.0,55,34.54545454545455,41.81818181818181,23.636363636363637,55,1.8181818181818181,1.8181818181818181,96.36363636363636,55,83.63636363636363,16.363636363636363,0.0,55,78.18181818181819,21.818181818181817,55,20.0,80.0,55,63.63636363636363,36.36363636363637,55,98.18181818181819,1.8181818181818181,55,90.9090909090909,9.090909090909092,55,74.54545454545455,25.454545454545453,55,0.0,100.0,0.0,55,0.0,100.0,55,n_low,p_medium,k_high,OC_low,pH_neutral,GOOD
5,20,0,25,25,0,0,25,0,25,0,25,0,0,25,21,4,MANAMADURAI,6313,6492fcbc680216eb6c940ac3,2026-07-02T17:44:48.667Z,2026-27,SIVAGANGA,63f9c52a519359b7438da3d7,23,0,2,2026-09-16T18:06:09.078Z,0,25,0,0,0,25,0,0,25,6a46a39017f1edec937c83b7,Soil Health Card RKVY,660f941a5c8405ca8375c7c6,TAMIL NADU,63f9be9f519359b7438d08bb,2026-09-16T18:08:21.181Z,Arimandapam,640423,63f9c568519359b7438da9ac,25,100.0,0.0,0.0,25,0.0,100.0,0.0,25,0.0,8.0,92.0,25,100.0,0.0,0.0,25,100.0,0.0,25,100.0,0.0,25,16.0,84.0,25,100.0,0.0,25,80.0,20.0,25,100.0,0.0,25,0.0,100.0,0.0,25,0.0,100.0,25,n_low,p_medium,k_high,OC_low,pH_neutral,GOOD
58,39,1,96,50,47,0,97,0,97,0,74,23,26,71,97,0,MANAMADURAI,6313,6492fcbc680216eb6c940ac3,2026-09-02T18:08:59.146Z,2026-27,SIVAGANGA,63f9c52a519359b7438da3d7,20,65,12,2026-09-16T18:06:09.078Z,0,97,0,47,5,45,0,77,20,6a98663bc6fb74a8ae65b405,Soil Health Card RKVY,660f941a5c8405ca8375c7c6,TAMIL NADU,63f9be9f519359b7438d08bb,2026-09-16T18:08:21.181Z,Vellikurichi,640390,63f9c568519359b7438da9b6,97,100.0,0.0,0.0,97,79.38144329896907,20.618556701030926,0.0,97,67.0103092783505,12.371134020618557,20.618556701030926,97,76.28865979381443,23.711340206185564,0.0,97,73.19587628865979,26.804123711340207,97,100.0,0.0,97,0.0,100.0,97,98.96907216494846,1.0309278350515463,97,40.20618556701031,59.79381443298969,97,100.0,0.0,97,48.45360824742268,46.391752577319586,5.154639175257731,97,48.45360824742268,51.546391752577314,97,n_low,p_low,k_low,OC_low,pH_acidic,GOOD
17,33,0,50,49,1,0,50,0,50,0,50,0,3,47,48,2,MANAMADURAI,6313,6492fcbc680216eb6c940ac3,2026-07-10T17:53:27.923Z,2026-27,SIVAGANGA,63f9c52a519359b7438da3d7,0,0,50,2026-09-16T18:06:09.078Z,0,50,0,40,0,10,34,8,8,6a513197053f8e213366fd51,Soil Health Card RKVY,660f941a5c8405ca8375c7c6,TAMIL NADU,63f9be9f519359b7438d08bb,2026-09-16T18:08:21.181Z,K.K.Pallam,640399,63f9c569519359b7438da9bb,50,100.0,0.0,0.0,50,16.0,16.0,68.0,50,0.0,100.0,0.0,50,100.0,0.0,0.0,50,94.0,6.0,50,100.0,0.0,50,4.0,96.0,50,100.0,0.0,50,66.0,34.0,50,100.0,0.0,50,80.0,20.0,0.0,50,2.0,98.0,50,n_low,p_high,k_medium,OC_low,pH_acidic,GOOD
23,66,1,88,89,0,86,3,8,81,0,86,3,5,84,84,5,MANAMADURAI,6313,6492fcbc680216eb6c940ac3,2026-09-02T18:08:59.146Z,2026-27,SIVAGANGA,63f9c52a519359b7438da3d7,78,3,8,2026-09-16T18:06:09.078Z,2,87,0,0,0,89,55,5,29,6a98663bc6fb74a8ae65b406,Soil Health Card RKVY,660f941a5c8405ca8375c7c6,TAMIL NADU,63f9be9f519359b7438d08bb,2026-09-16T18:08:21.181Z,Arasanendal,640415,63f9c56a519359b7438da9cf,89,97.75280898876404,0.0,2.247191011235955,89,5.617977528089887,32.58426966292135,61.79775280898876,89,3.3707865168539324,8.98876404494382,87.64044943820225,89,96.62921348314607,3.3707865168539324,0.0,89,94.3820224719101,5.617977528089887,89,3.3707865168539324,96.62921348314607,89,5.617977528089887,94.3820224719101,89,98.87640449438202,1.1235955056179776,89,74.15730337078652,25.842696629213485,89,91.01123595505618,8.98876404494382,89,0.0,100.0,0.0,89,0.0,100.0,89,n_low,p_high,k_high,OC_low,pH_neutral,GOOD
8,3,11,0,0,11,0,11,0,11,0,8,3,10,1,11,0,MANAMADURAI,6313,6492fcbc680216eb6c940ac3,2026-09-08T18:04:10.740Z,2026-27,SIVAGANGA,63f9c52a519359b7438da3d7,0,11,0,2026-09-16T18:06:09.078Z,0,11,0,11,0,0,0,11,0,6aa04e1a4fbfe3b4fac524ea,Soil Health Card RKVY,660f941a5c8405ca8375c7c6,TAMIL NADU,63f9be9f519359b7438d08bb,2026-09-16T18:08:21.181Z,T.Pudukottai,640426,63f9c56b519359b7438da9e8,11,100.0,0.0,0.0,11,100.0,0.0,0.0,11,100.0,0.0,0.0,11,72.72727272727273,27.27272727272727,0.0,11,9.090909090909092,90.9090909090909,11,100.0,0.0,11,0.0,100.0,11,0.0,100.0,11,27.27272727272727,72.72727272727273,11,100.0,0.0,11,100.0,0.0,0.0,11,100.0,0.0,11,n_low,p_low,k_low,OC_low,pH_acidic,GOOD
19,56,0,75,74,1,0,75,0,75,0,75,0,2,73,74,1,MANAMADURAI,6313,6492fcbc680216eb6c940ac3,2026-07-04T17:47:42.335Z,2026-27,SIVAGANGA,63f9c52a519359b7438da3d7,31,0,44,2026-09-16T18:06:09.078Z,0,75,0,0,2,73,0,35,40,6a49473ee3a02c7a159855a4,Soil Health Card RKVY,660f941a5c8405ca8375c7c6,TAMIL NADU,63f9be9f519359b7438d08bb,2026-09-16T18:08:21.181Z,Maramvetti karisalkulam,640425,63f9c56b519359b7438da9f7,75,100.0,0.0,0.0,75,46.666666666666664,53.333333333333336,0.0,75,0.0,58.666666666666664,41.333333333333336,75,100.0,0.0,0.0,75,97.33333333333334,2.666666666666667,75,100.0,0.0,75,1.3333333333333335,98.66666666666667,75,100.0,0.0,75,74.66666666666667,25.333333333333336,75,100.0,0.0,75,0.0,97.33333333333334,2.666666666666667,75,1.3333333333333335,98.66666666666667,75,n_low,p_medium,k_medium,OC_low,pH_neutral,GOOD
11,78,7,82,87,2,38,51,8,81,0,60,29,31,58,49,40,MANAMADURAI,6313,6492fcbc680216eb6c940ac3,2026-09-08T18:04:10.740Z,2026-27,SIVAGANGA,63f9c52a519359b7438da3d7,82,2,5,2026-09-16T18:06:09.078Z,0,89,0,0,1,88,25,22,42,6aa04e1a4fbfe3b4fac524eb,Soil Health Card RKVY,660f941a5c8405ca8375c7c6,TAMIL NADU,63f9be9f519359b7438d08bb,2026-09-16T18:08:21.181Z,Kalpiravu,640401,63f9c56c519359b7438daa0b,89,100.0,0.0,0.0,89,24.719101123595504,47.19101123595505,28.08988764044944,89,2.247191011235955,5.617977528089887,92.13483146067416,89,67.41573033707866,32.58426966292135,0.0,89,65.1685393258427,34.831460674157306,89,57.30337078651685,42.69662921348314,89,44.9438202247191,55.0561797752809,89,92.13483146067416,7.865168539325842,89,87.64044943820225,12.359550561797752,89,91.01123595505618,8.98876404494382,89,0.0,98.87640449438202,1.1235955056179776,89,2.247191011235955,97.75280898876404,89,n_low,p_medium,k_high,OC_low,pH_neutral,GOOD
1,115,6,109,115,1,60,56,2,114,21,1,94,4,112,114,2,MANAMADURAI,6313,6492fcbc680216eb6c940ac3,2026-09-03T18:08:02.696Z,2026-27,SIVAGANGA,63f9c52a519359b7438da3d7,113,0,3,2026-09-16T18:06:09.078Z,0,116,0,0,0,116,50,8,58,6a99b7820649dfa6ff11f3bd,Soil Health Card RKVY,660f941a5c8405ca8375c7c6,TAMIL NADU,63f9be9f519359b7438d08bb,2026-09-16T18:08:21.181Z,Manambakki,640395,63f9c56c519359b7438daa10,116,100.0,0.0,0.0,116,6.896551724137931,50.0,43.103448275862064,116,0.0,2.586206896551724,97.41379310344827,116,0.8620689655172413,81.03448275862068,18.103448275862068,116,96.55172413793103,3.4482758620689653,116,48.275862068965516,51.724137931034484,116,1.7241379310344827,98.27586206896551,115,94.78260869565217,5.217391304347826,116,99.13793103448276,0.8620689655172413,116,98.27586206896551,1.7241379310344827,116,0.0,100.0,0.0,116,0.8620689655172413,99.13793103448276,116,n_low,p_medium,k_high,OC_medium,pH_neutral,GOOD
0,100,0,100,100,0,0,100,1,99,0,100,0,1,99,100,0,MANAMADURAI,6313,6492fcbc680216eb6c940ac3,2026-07-09T17:50:23.045Z,2026-27,SIVAGANGA,63f9c52a519359b7438da3d7,4,0,96,2026-09-16T18:06:09.078Z,0,100,0,0,0,100,0,30,70,6a4fdf5f073f10ca17afa0b3,Soil Health Card RKVY,660f941a5c8405ca8375c7c6,TAMIL NADU,63f9be9f519359b7438d08bb,2026-09-16T18:08:21.181Z,Milaganoor,640412,63f9c56d519359b7438daa1f,100,100.0,0.0,0.0,100,30.0,70.0,0.0,100,0.0,96.0,4.0,100,100.0,0.0,0.0,100,99.0,1.0,100,100.0,0.0,100,0.0,100.0,100,100.0,0.0,100,100.0,0.0,100,99.0,1.0,100,0.0,100.0,0.0,100,0.0,100.0,100,n_low,p_medium,k_medium,OC_low,pH_neutral,GOOD
3,113,0,116,116,0,0,116,0,116,0,116,0,21,95,75,41,MANAMADURAI,6313,6492fcbc680216eb6c940ac3,2026-09-10T18:12:36.889Z,2026-27,SIVAGANGA,63f9c52a519359b7438da3d7,116,0,0,2026-09-16T18:06:09.078Z,1,115,0,0,0,116,115,1,0,6aa2f314dfa3538f38d26511,Soil Health Card RKVY,660f941a5c8405ca8375c7c6,TAMIL NADU,63f9be9f519359b7438d08bb,2026-09-16T18:08:21.181Z,Keelanettur,640464,63f9c56f519359b7438daa53,116,99.13793103448276,0.0,0.8620689655172413,116,0.8620689655172413,0.0,99.13793103448276,116,0.0,0.0,100.0,116,100.0,0.0,0.0,116,81.89655172413794,18.103448275862068,116,100.0,0.0,116,35.3448275862069,64.65517241379311,116,100.0,0.0,116,97.41379310344827,2.586206896551724,116,100.0,0.0,116,0.0,100.0,0.0,116,0.0,100.0,116,n_low,p_high,k_high,OC_low,pH_neutral,GOOD
12,18,0,30,30,0,0,30,2,28,0,30,0,0,30,30,0,MANAMADURAI,6313,6492fcbc680216eb6c940ac3,2026-07-20T17:48:21.248Z,2026-27,SIVAGANGA,63f9c52a519359b7438da3d7,0,0,30,2026-09-16T18:06:09.078Z,0,30,0,3,0,27,16,1,13,6a5e5f655e1e1d31f8f1f918,Soil Health Card RKVY,660f941a5c8405ca8375c7c6,TAMIL NADU,63f9be9f519359b7438d08bb,2026-09-16T18:08:21.181Z,Kondagamperungarai,640344,63f9c58f519359b7438dad5b,30,100.0,0.0,0.0,30,3.3333333333333335,43.333333333333336,53.333333333333336,30,0.0,100.0,0.0,30,100.0,0.0,0.0,30,100.0,0.0,30,100.0,0.0,30,0.0,100.0,30,100.0,0.0,30,60.0,40.0,30,93.33333333333333,6.666666666666667,30,10.0,90.0,0.0,30,0.0,100.0,30,n_low,p_high,k_medium,OC_low,pH_neutral,GOOD
0,55,0,55,52,3,0,55,0,55,0,55,0,2,53,55,0,KALAIYARKOIL,6310,6492fcbc680216eb6c940ac5,2026-06-30T17:58:10.376Z,2026-27,SIVAGANGA,63f9c52a519359b7438da3d7,1,0,54,2026-09-16T18:06:09.078Z,0,55,0,2,0,53,54,1,0,6a4403b2cd3843ecdb237aa8,Soil Health Card RKVY,660f941a5c8405ca8375c7c6,TAMIL NADU,63f9be9f519359b7438d08bb,2026-09-16T18:08:21.181Z,Purasapattiudayarendal,640331,63f9c58a519359b7438dace8,55,100.0,0.0,0.0,55,1.8181818181818181,0.0,98.18181818181819,55,0.0,98.18181818181819,1.8181818181818181,55,100.0,0.0,0.0,55,96.36363636363636,3.6363636363636362,55,100.0,0.0,55,0.0,100.0,55,100.0,0.0,55,100.0,0.0,55,100.0,0.0,55,3.6363636363636362,96.36363636363636,0.0,55,5.454545454545454,94.54545454545455,55,n_low,p_high,k_medium,OC_low,pH_neutral,GOOD
5,54,0,59,59,0,0,59,0,59,0,59,0,3,56,59,0,KALAIYARKOIL,6310,6492fcbc680216eb6c940ac5,2026-07-02T17:44:47.677Z,2026-27,SIVAGANGA,63f9c52a519359b7438da3d7,0,0,59,2026-09-16T18:06:09.078Z,0,59,0,0,0,59,58,0,1,6a46a38f17f1edec937c80ef,Soil Health Card RKVY,660f941a5c8405ca8375c7c6,TAMIL NADU,63f9be9f519359b7438d08bb,2026-09-16T18:08:21.181Z,Sembanur,640332,63f9c58b519359b7438daced,59,100.0,0.0,0.0,59,0.0,1.694915254237288,98.30508474576271,59,0.0,100.0,0.0,59,100.0,0.0,0.0,59,94.91525423728814,5.084745762711865,59,100.0,0.0,59,0.0,100.0,59,100.0,0.0,59,91.52542372881356,8.47457627118644,59,100.0,0.0,59,0.0,100.0,0.0,59,0.0,100.0,59,n_low,p_high,k_medium,OC_low,pH_neutral,GOOD
2,18,0,20,20,0,0,20,0,20,0,20,0,0,20,20,0,KALAIYARKOIL,6310,6492fcbc680216eb6c940ac5,2026-09-09T18:08:01.617Z,2026-27,SIVAGANGA,63f9c52a519359b7438da3d7,12,0,8,2026-09-16T18:06:09.078Z,0,20,0,0,0,20,0,0,20,6aa1a081a9301e4c4acd10f6,Soil Health Card RKVY,660f941a5c8405ca8375c7c6,TAMIL NADU,63f9be9f519359b7438d08bb,2026-09-16T18:08:21.181Z,Oyyavandan,640294,63f9c590519359b7438dad65,20,100.0,0.0,0.0,20,0.0,100.0,0.0,20,0.0,40.0,60.0,20,100.0,0.0,0.0,20,100.0,0.0,20,100.0,0.0,20,0.0,100.0,20,100.0,0.0,20,90.0,10.0,20,100.0,0.0,20,0.0,100.0,0.0,20,0.0,100.0,20,n_low,p_medium,k_high,OC_low,pH_neutral,GOOD
3,15,0,18,18,0,0,18,0,18,0,18,0,0,18,18,0,KALAIYARKOIL,6310,6492fcbc680216eb6c940ac5,2026-06-18T18:06:11.316Z,2026-27,SIVAGANGA,63f9c52a519359b7438da3d7,0,0,18,2026-09-16T18:06:09.078Z,0,18,0,0,0,18,0,4,14,6a343393a6092e046bf44160,Soil Health Card RKVY,660f941a5c8405ca8375c7c6,TAMIL NADU,63f9be9f519359b7438d08bb,2026-09-16T18:08:21.181Z,Vettikulam,640313,63f9c591519359b7438dad88,18,100.0,0.0,0.0,18,22.22222222222222,77.77777777777779,0.0,18,0.0,100.0,0.0,18,100.0,0.0,0.0,18,100.0,0.0,18,100.0,0.0,18,0.0,100.0,18,100.0,0.0,18,83.33333333333334,16.666666666666664,18,100.0,0.0,18,0.0,100.0,0.0,18,0.0,100.0,18,n_low,p_medium,k_medium,OC_low,pH_neutral,GOOD
0,17,0,17,17,0,0,17,0,17,0,17,0,0,17,17,0,KALAIYARKOIL,6310,6492fcbc680216eb6c940ac5,2026-06-18T18:06:11.594Z,2026-27,SIVAGANGA,63f9c52a519359b7438da3d7,3,0,14,2026-09-16T18:06:09.078Z,0,17,0,0,0,17,11,0,6,6a343393a6092e046bf45a5d,Soil Health Card RKVY,660f941a5c8405ca8375c7c6,TAMIL NADU,63f9be9f519359b7438d08bb,2026-09-16T18:08:21.181Z,Cholavandan,640306,63f9c593519359b7438dadab,17,100.0,0.0,0.0,17,0.0,35.294117647058826,64.70588235294117,17,0.0,82.35294117647058,17.647058823529413,17,100.0,0.0,0.0,17,100.0,0.0,17,100.0,0.0,17,0.0,100.0,17,100.0,0.0,17,100.0,0.0,17,100.0,0.0,17,0.0,100.0,0.0,17,0.0,100.0,17,n_low,p_high,k_medium,OC_low,pH_neutral,GOOD
3,47,0,50,50,0,0,50,0,50,0,50,0,0,50,50,0,KALAIYARKOIL,6310,6492fcbc680216eb6c940ac5,2026-06-29T17:55:45.320Z,2026-27,SIVAGANGA,63f9c52a519359b7438da3d7,3,0,47,2026-09-16T18:06:09.078Z,0,50,0,0,0,50,0,20,30,6a42b1a1999af3a8f06353eb,Soil Health Card RKVY,660f941a5c8405ca8375c7c6,TAMIL NADU,63f9be9f519359b7438d08bb,2026-09-16T18:08:21.181Z,Kanjipatti,640307,63f9c594519359b7438dadd3,50,100.0,0.0,0.0,50,40.0,60.0,0.0,50,0.0,94.0,6.0,50,100.0,0.0,0.0,50,100.0,0.0,50,100.0,0.0,50,0.0,100.0,50,100.0,0.0,50,94.0,6.0,50,100.0,0.0,50,0.0,100.0,0.0,50,0.0,100.0,50,n_low,p_medium,k_medium,OC_low,pH_neutral,GOOD
5,109,0,114,113,1,0,114,0,114,3,107,4,23,91,99,15,SAKKOTTAI,6315,6492fcbc680216eb6c940ac7,2026-09-11T18:14:53.282Z,2026-27,SIVAGANGA,63f9c52a519359b7438da3d7,110,0,4,2026-09-16T18:06:09.078Z,0,99,15,45,0,69,114,0,0,6aa4451dbe4706ff667e9533,Soil Health Card RKVY,660f941a5c8405ca8375c7c6,TAMIL NADU,63f9be9f519359b7438d08bb,2026-09-16T18:08:21.181Z,Jeyankondam,640080,63f9c53a519359b7438da564,114,86.8421052631579,13.157894736842104,0.0,114,0.0,0.0,100.0,114,0.0,3.508771929824561,96.49122807017544,114,93.85964912280701,3.508771929824561,2.631578947368421,114,79.82456140350878,20.175438596491226,114,100.0,0.0,114,13.157894736842104,86.8421052631579,114,100.0,0.0,114,95.6140350877193,4.385964912280701,114,100.0,0.0,114,39.473684210526315,60.526315789473685,0.0,114,0.8771929824561403,99.12280701754386,114,n_low,p_high,k_high,OC_low,pH_neutral,GOOD
124,55,0,180,180,0,180,0,0,180,0,180,0,110,70,179,1,SAKKOTTAI,6315,6492fcbc680216eb6c940ac7,2026-09-02T18:08:59.146Z,2026-27,SIVAGANGA,63f9c52a519359b7438da3d7,0,2,178,2026-09-16T18:06:09.078Z,0,180,0,0,0,180,0,50,130,6a98663bc6fb74a8ae65b401,Soil Health Card RKVY,660f941a5c8405ca8375c7c6,TAMIL NADU,63f9be9f519359b7438d08bb,2026-09-16T18:08:21.181Z,Ariyakkudi,640089,63f9c53c519359b7438da591,180,100.0,0.0,0.0,180,27.77777777777778,72.22222222222221,0.0,180,1.1111111111111112,98.88888888888889,0.0,180,100.0,0.0,0.0,180,38.88888888888889,61.111111111111114,180,0.0,100.0,180,0.5555555555555556,99.44444444444444,180,100.0,0.0,179,30.726256983240223,69.27374301675978,180,100.0,0.0,180,0.0,100.0,0.0,180,0.0,100.0,180,n_low,p_medium,k_medium,OC_low,pH_neutral,GOOD
1,74,0,75,73,2,0,75,0,75,0,75,0,0,75,74,1,TIRUPPATHUR,6318,6492fcbc680216eb6c940ac9,2026-08-20T17:50:36.010Z,2026-27,SIVAGANGA,63f9c52a519359b7438da3d7,28,0,47,2026-09-16T18:06:09.078Z,0,75,0,0,0,75,0,0,75,6a873e6c8241b4e3ac630553,Soil Health Card RKVY,660f941a5c8405ca8375c7c6,TAMIL NADU,63f9be9f519359b7438d08bb,2026-09-16T18:08:21.181Z,Brahamanampatti,640035,63f9c52a519359b7438da3e1,75,100.0,0.0,0.0,75,0.0,100.0,0.0,75,0.0,62.66666666666667,37.333333333333336,75,100.0,0.0,0.0,75,100.0,0.0,75,100.0,0.0,75,1.3333333333333335,98.66666666666667,75,100.0,0.0,75,98.66666666666667,1.3333333333333335,75,100.0,0.0,75,0.0,100.0,0.0,75,2.666666666666667,97.33333333333334,75,n_low,p_medium,k_medium,OC_low,pH_neutral,GOOD
5,114,0,119,119,0,0,119,0,119,0,119,0,50,69,117,2,TIRUPPATHUR,6318,6492fcbc680216eb6c940ac9,2026-07-30T17:53:48.579Z,2026-27,SIVAGANGA,63f9c52a519359b7438da3d7,0,0,119,2026-09-16T18:06:09.078Z,0,119,0,9,1,109,117,0,2,6a6b8face7baf7911a5200ea,Soil Health Card RKVY,660f941a5c8405ca8375c7c6,TAMIL NADU,63f9be9f519359b7438d08bb,2026-09-16T18:08:21.181Z,Olugumangalam,639993,63f9c52b519359b7438da3e6,119,100.0,0.0,0.0,119,0.0,1.680672268907563,98.31932773109243,119,0.0,100.0,0.0,119,100.0,0.0,0.0,119,57.98319327731093,42.016806722689076,119,100.0,0.0,119,1.680672268907563,98.31932773109243,119,100.0,0.0,119,95.7983193277311,4.201680672268908,119,100.0,0.0,119,7.563025210084033,91.59663865546219,0.8403361344537815,119,0.0,100.0,119,n_low,p_high,k_medium,OC_low,pH_neutral,GOOD
13,21,0,34,34,0,0,34,0,34,0,34,0,0,34,34,0,TIRUPPATHUR,6318,6492fcbc680216eb6c940ac9,2026-07-27T17:53:09.584Z,2026-27,SIVAGANGA,63f9c52a519359b7438da3d7,0,0,34,2026-09-16T18:06:09.078Z,0,34,0,0,0,34,13,5,16,6a679b05403b90c4fa25ce5c,Soil Health Card RKVY,660f941a5c8405ca8375c7c6,TAMIL NADU,63f9be9f519359b7438d08bb,2026-09-16T18:08:21.181Z,Alagapuri,640037,63f9c52b519359b7438da3f0,34,100.0,0.0,0.0,34,14.705882352941178,47.05882352941176,38.23529411764706,34,0.0,100.0,0.0,34,100.0,0.0,0.0,34,100.0,0.0,34,100.0,0.0,34,0.0,100.0,34,100.0,0.0,34,61.76470588235294,38.23529411764706,34,100.0,0.0,34,0.0,100.0,0.0,34,0.0,100.0,34,n_low,p_medium,k_medium,OC_low,pH_neutral,GOOD
27,194,0,221,201,20,0,221,0,221,1,220,0,1,220,220,1,TIRUPPATHUR,6318,6492fcbc680216eb6c940ac9,2026-08-29T17:52:22.739Z,2026-27,SIVAGANGA,63f9c52a519359b7438da3d7,9,1,211,2026-09-16T18:06:09.078Z,0,221,0,153,0,68,191,0,30,6a931c56dfe37efc9fb7b628,Soil Health Card RKVY,660f941a5c8405ca8375c7c6,TAMIL NADU,63f9be9f519359b7438d08bb,2026-09-16T18:08:21.181Z,Mahibalanapatti,639994,63f9c52c519359b7438da409,221,100.0,0.0,0.0,221,0.0,13.574660633484163,86.42533936651584,221,0.4524886877828055,95.47511312217195,4.072398190045249,221,99.5475113122172,0.0,0.4524886877828055,221,99.5475113122172,0.4524886877828055,221,100.0,0.0,221,0.4524886877828055,99.5475113122172,221,100.0,0.0,221,87.78280542986425,12.217194570135746,221,100.0,0.0,221,69.23076923076923,30.76923076923077,0.0,221,9.049773755656108,90.9502262443439,221,n_low,p_high,k_medium,OC_low,pH_acidic,GOOD
2,217,0,219,217,2,0,219,0,219,0,219,0,2,217,196,23,TIRUPPATHUR,6318,6492fcbc680216eb6c940ac9,2026-08-21T17:49:37.058Z,2026-27,SIVAGANGA,63f9c52a519359b7438da3d7,125,3,91,2026-09-16T18:06:09.078Z,0,219,0,1,0,218,15,1,203,6a888fb1c4bf95656e88a78c,Soil Health Card RKVY,660f941a5c8405ca8375c7c6,TAMIL NADU,63f9be9f519359b7438d08bb,2026-09-16T18:08:21.181Z,Vaiakalathur,639996,63f9c52c519359b7438da413,219,100.0,0.0,0.0,219,0.45662100456621,92.69406392694064,6.8493150684931505,219,1.36986301369863,41.55251141552511,57.077625570776256,219,100.0,0.0,0.0,219,99.08675799086758,0.91324200913242,219,100.0,0.0,219,10.50228310502283,89.49771689497716,219,100.0,0.0,219,99.08675799086758,0.91324200913242,219,100.0,0.0,219,0.45662100456621,99.54337899543378,0.0,219,0.91324200913242,99.08675799086758,219,n_low,p_medium,k_high,OC_low,pH_neutral,GOOD
46,260,0,306,305,1,0,306,0,306,0,306,0,36,270,302,4,TIRUPPATHUR,6318,6492fcbc680216eb6c940ac9,2026-07-20T17:48:21.248Z,2026-27,SIVAGANGA,63f9c52a519359b7438da3d7,2,0,304,2026-09-16T18:06:09.078Z,0,306,0,49,0,257,46,93,167,6a5e5f655e1e1d31f8f1f917,Soil Health Card RKVY,660f941a5c8405ca8375c7c6,TAMIL NADU,63f9be9f519359b7438d08bb,2026-09-16T18:08:21.181Z,Nedumaram,640004,63f9c52e519359b7438da440,306,100.0,0.0,0.0,306,30.392156862745097,54.57516339869281,15.032679738562091,306,0.0,99.34640522875817,0.6535947712418301,306,100.0,0.0,0.0,306,88.23529411764706,11.76470588235294,306,100.0,0.0,306,1.3071895424836601,98.69281045751634,306,100.0,0.0,306,84.9673202614379,15.032679738562091,306,100.0,0.0,306,16.013071895424837,83.98692810457517,0.0,306,0.32679738562091504,99.67320261437908,306,n_low,p_medium,k_medium,OC_low,pH_neutral,GOOD
4,121,0,125,125,0,0,125,0,125,0,125,0,0,125,125,0,TIRUPPATHUR,6318,6492fcbc680216eb6c940ac9,2026-08-10T17:48:51.632Z,2026-27,SIVAGANGA,63f9c52a519359b7438da3d7,71,0,54,2026-09-16T18:06:09.078Z,0,125,0,5,0,120,28,23,74,6a7a0f03d5288ecb5564d0f9,Soil Health Card RKVY,660f941a5c8405ca8375c7c6,TAMIL NADU,63f9be9f519359b7438d08bb,2026-09-16T18:08:21.181Z,Tirukostiyur,640050,63f9c52f519359b7438da44f,125,100.0,0.0,0.0,125,18.4,59.199999999999996,22.400000000000002,125,0.0,43.2,56.8,125,100.0,0.0,0.0,125,100.0,0.0,125,100.0,0.0,125,0.0,100.0,125,100.0,0.0,125,96.8,3.2,125,100.0,0.0,125,4.0,96.0,0.0,125,0.0,100.0,125,n_low,p_medium,k_high,OC_low,pH_neutral,GOOD
9,89,0,98,97,1,0,98,0,98,0,98,0,3,95,98,0,TIRUPPATHUR,6318,6492fcbc680216eb6c940ac9,2026-08-06T17:51:23.188Z,2026-27,SIVAGANGA,63f9c52a519359b7438da3d7,51,0,47,2026-09-16T18:06:09.078Z,0,98,0,0,0,98,0,40,58,6a74c99bcb17f79fd1c8b47f,Soil Health Card RKVY,660f941a5c8405ca8375c7c6,TAMIL NADU,63f9be9f519359b7438d08bb,2026-09-16T18:08:21.181Z,Vedamavali ,640052,63f9c531519359b7438da481,98,100.0,0.0,0.0,98,40.816326530612244,59.183673469387756,0.0,98,0.0,47.95918367346938,52.04081632653062,98,100.0,0.0,0.0,98,96.93877551020408,3.061224489795918,98,100.0,0.0,98,0.0,100.0,98,100.0,0.0,98,90.81632653061224,9.183673469387756,98,100.0,0.0,98,0.0,100.0,0.0,98,1.0204081632653061,98.9795918367347,98,n_low,p_medium,k_high,OC_low,pH_neutral,GOOD
20,105,0,125,125,0,0,125,0,125,0,125,0,2,123,123,2,TIRUPPATHUR,6318,6492fcbc680216eb6c940ac9,2026-07-27T17:53:09.584Z,2026-27,SIVAGANGA,63f9c52a519359b7438da3d7,95,1,29,2026-09-16T18:06:09.078Z,0,125,0,0,0,125,0,53,72,6a679b05403b90c4fa25ce5d,Soil Health Card RKVY,660f941a5c8405ca8375c7c6,TAMIL NADU,63f9be9f519359b7438d08bb,2026-09-16T18:08:21.181Z,Sevur,639986,63f9c535519359b7438da4ef,125,100.0,0.0,0.0,125,42.4,57.599999999999994,0.0,125,0.8,23.200000000000003,76.0,125,100.0,0.0,0.0,125,98.4,1.6,125,100.0,0.0,125,1.6,98.4,125,100.0,0.0,125,84.0,16.0,125,100.0,0.0,125,0.0,100.0,0.0,125,0.0,100.0,125,n_low,p_medium,k_high,OC_low,pH_neutral,GOOD
4,185,0,189,189,0,0,189,0,189,0,189,0,0,189,181,8,TIRUPPUVANAM,6319,6492fcbc680216eb6c940acb,2026-08-31T17:56:56.032Z,2026-27,SIVAGANGA,63f9c52a519359b7438da3d7,121,0,68,2026-09-16T18:06:09.078Z,0,189,0,0,0,189,0,0,189,6a95c068700f6639f4428890,Soil Health Card RKVY,660f941a5c8405ca8375c7c6,TAMIL NADU,63f9be9f519359b7438d08bb,2026-09-16T18:08:21.181Z,Palaiyanur,640386,63f9c57a519359b7438dab4f,189,100.0,0.0,0.0,189,0.0,100.0,0.0,189,0.0,35.978835978835974,64.02116402116403,189,100.0,0.0,0.0,189,100.0,0.0,189,100.0,0.0,189,4.232804232804233,95.76719576719577,189,100.0,0.0,189,97.88359788359789,2.1164021164021163,189,100.0,0.0,189,0.0,100.0,0.0,189,0.0,100.0,189,n_low,p_medium,k_high,OC_low,pH_neutral,GOOD
0,1,0,1,1,0,0,1,0,1,0,1,0,0,1,1,0,TIRUPPUVANAM,6319,6492fcbc680216eb6c940acb,2026-09-09T18:08:01.616Z,2026-27,SIVAGANGA,63f9c52a519359b7438da3d7,1,0,0,2026-09-16T18:06:09.078Z,0,1,0,0,0,1,0,0,1,6aa1a081a9301e4c4acd10f2,Soil Health Card RKVY,660f941a5c8405ca8375c7c6,TAMIL NADU,63f9be9f519359b7438d08bb,2026-09-16T18:08:21.181Z,Pottapalaiyam,640361,63f9c57b519359b7438dab77,1,100.0,0.0,0.0,1,0.0,100.0,0.0,1,0.0,0.0,100.0,1,100.0,0.0,0.0,1,100.0,0.0,1,100.0,0.0,1,0.0,100.0,1,100.0,0.0,1,100.0,0.0,1,100.0,0.0,1,0.0,100.0,0.0,1,0.0,100.0,1,n_low,p_medium,k_high,OC_low,pH_neutral,VERY_LIMITED
155,2,0,157,157,0,52,105,76,81,0,157,0,37,120,104,53,TIRUPPUVANAM,6319,6492fcbc680216eb6c940acb,2026-09-02T18:08:59.147Z,2026-27,SIVAGANGA,63f9c52a519359b7438da3d7,40,0,117,2026-09-16T18:06:09.078Z,0,157,0,0,0,157,0,22,135,6a98663bc6fb74a8ae65b407,Soil Health Card RKVY,660f941a5c8405ca8375c7c6,TAMIL NADU,63f9be9f519359b7438d08bb,2026-09-16T18:08:21.181Z,Kanoor,640372,63f9c57c519359b7438dab90,157,100.0,0.0,0.0,157,14.012738853503185,85.98726114649682,0.0,157,0.0,74.52229299363057,25.477707006369428,157,100.0,0.0,0.0,157,76.43312101910828,23.56687898089172,157,66.87898089171973,33.12101910828025,157,33.75796178343949,66.2420382165605,157,100.0,0.0,157,1.2738853503184715,98.72611464968153,157,51.59235668789809,48.40764331210191,157,0.0,100.0,0.0,157,0.0,100.0,157,n_low,p_medium,k_medium,OC_low,pH_neutral,GOOD
1,72,0,73,73,0,0,73,0,73,0,73,0,0,73,73,0,TIRUPPUVANAM,6319,6492fcbc680216eb6c940acb,2026-09-05T18:05:47.127Z,2026-27,SIVAGANGA,63f9c52a519359b7438da3d7,49,0,24,2026-09-16T18:06:09.078Z,0,73,0,0,0,73,1,0,72,6a9c59fb4c7f9e58219799ad,Soil Health Card RKVY,660f941a5c8405ca8375c7c6,TAMIL NADU,63f9be9f519359b7438d08bb,2026-09-16T18:08:21.181Z,Keeladi,640350,63f9c57c519359b7438dab95,73,100.0,0.0,0.0,73,0.0,98.63013698630137,1.36986301369863,73,0.0,32.87671232876712,67.12328767123287,73,100.0,0.0,0.0,73,100.0,0.0,73,100.0,0.0,73,0.0,100.0,73,100.0,0.0,73,98.63013698630137,1.36986301369863,73,100.0,0.0,73,0.0,100.0,0.0,73,0.0,100.0,73,n_low,p_medium,k_high,OC_low,pH_neutral,GOOD
4,136,0,140,140,0,0,140,0,140,1,139,0,0,140,132,8,TIRUPPUVANAM,6319,6492fcbc680216eb6c940acb,2026-09-15T18:09:34.219Z,2026-27,SIVAGANGA,63f9c52a519359b7438da3d7,127,1,12,2026-09-16T18:06:09.078Z,0,140,0,0,0,140,0,0,140,6aa989de05ad99588db77b1d,Soil Health Card RKVY,660f941a5c8405ca8375c7c6,TAMIL NADU,63f9be9f519359b7438d08bb,2026-09-16T18:08:21.181Z,Veeranendal,640408,63f9c57d519359b7438dab9a,140,100.0,0.0,0.0,140,0.0,100.0,0.0,140,0.7142857142857143,8.571428571428571,90.71428571428571,140,99.28571428571429,0.0,0.7142857142857143,140,100.0,0.0,140,100.0,0.0,140,5.714285714285714,94.28571428571428,140,100.0,0.0,140,97.14285714285714,2.857142857142857,140,100.0,0.0,140,0.0,100.0,0.0,140,0.0,100.0,140,n_low,p_medium,k_high,OC_low,pH_neutral,GOOD
88,38,2,124,126,0,8,118,8,118,0,126,0,7,119,115,11,TIRUPPUVANAM,6319,6492fcbc680216eb6c940acb,2026-09-02T18:08:59.147Z,2026-27,SIVAGANGA,63f9c52a519359b7438da3d7,35,0,91,2026-09-16T18:06:09.078Z,0,126,0,0,0,126,0,6,120,6a98663bc6fb74a8ae65b408,Soil Health Card RKVY,660f941a5c8405ca8375c7c6,TAMIL NADU,63f9be9f519359b7438d08bb,2026-09-16T18:08:21.181Z,Manalur,640351,63f9c57d519359b7438daba9,126,100.0,0.0,0.0,126,4.761904761904762,95.23809523809523,0.0,126,0.0,72.22222222222221,27.77777777777778,126,100.0,0.0,0.0,126,94.44444444444444,5.555555555555555,126,93.65079365079364,6.349206349206349,126,8.73015873015873,91.26984126984127,126,98.4126984126984,1.5873015873015872,126,30.158730158730158,69.84126984126983,126,93.65079365079364,6.349206349206349,126,0.0,100.0,0.0,126,0.0,100.0,126,n_low,p_medium,k_medium,OC_low,pH_neutral,GOOD
89,17,0,106,106,0,10,96,29,77,0,106,0,23,83,81,25,TIRUPPUVANAM,6319,6492fcbc680216eb6c940acb,2026-09-09T18:08:01.617Z,2026-27,SIVAGANGA,63f9c52a519359b7438da3d7,42,0,64,2026-09-16T18:06:09.078Z,0,106,0,0,0,106,0,24,82,6aa1a081a9301e4c4acd10f3,Soil Health Card RKVY,660f941a5c8405ca8375c7c6,TAMIL NADU,63f9be9f519359b7438d08bb,2026-09-16T18:08:21.181Z,Sottathatti,640349,63f9c57e519359b7438dabb8,106,100.0,0.0,0.0,106,22.641509433962266,77.35849056603774,0.0,106,0.0,60.37735849056604,39.62264150943396,106,100.0,0.0,0.0,106,78.30188679245283,21.69811320754717,106,90.56603773584906,9.433962264150944,106,23.58490566037736,76.41509433962264,106,100.0,0.0,106,16.037735849056602,83.9622641509434,106,72.64150943396226,27.358490566037734,106,0.0,100.0,0.0,106,0.0,100.0,106,n_low,p_medium,k_medium,OC_low,pH_neutral,GOOD
14,16,0,30,30,0,0,30,0,30,0,30,0,0,30,29,1,TIRUPPUVANAM,6319,6492fcbc680216eb6c940acb,2026-09-09T18:08:01.617Z,2026-27,SIVAGANGA,63f9c52a519359b7438da3d7,25,0,5,2026-09-16T18:06:09.078Z,0,30,0,0,0,30,2,1,27,6aa1a081a9301e4c4acd10f4,Soil Health Card RKVY,660f941a5c8405ca8375c7c6,TAMIL NADU,63f9be9f519359b7438d08bb,2026-09-16T18:08:21.181Z,Valaiyanendal,640368,63f9c57f519359b7438dabd1,30,100.0,0.0,0.0,30,3.3333333333333335,90.0,6.666666666666667,30,0.0,16.666666666666664,83.33333333333334,30,100.0,0.0,0.0,30,100.0,0.0,30,100.0,0.0,30,3.3333333333333335,96.66666666666667,30,100.0,0.0,30,53.333333333333336,46.666666666666664,30,100.0,0.0,30,0.0,100.0,0.0,30,0.0,100.0,30,n_low,p_medium,k_high,OC_low,pH_neutral,GOOD
113,3,0,116,116,0,31,85,32,84,0,115,1,25,91,98,18,TIRUPPUVANAM,6319,6492fcbc680216eb6c940acb,2026-09-10T18:12:36.890Z,2026-27,SIVAGANGA,63f9c52a519359b7438da3d7,35,0,81,2026-09-16T18:06:09.078Z,0,116,0,0,0,116,0,26,90,6aa2f314dfa3538f38d26512,Soil Health Card RKVY,660f941a5c8405ca8375c7c6,TAMIL NADU,63f9be9f519359b7438d08bb,2026-09-16T18:08:21.181Z,Thiruppachethi South,640375,63f9c580519359b7438dabe0,116,100.0,0.0,0.0,116,22.413793103448278,77.58620689655173,0.0,116,0.0,69.82758620689656,30.17241379310345,116,99.13793103448276,0.8620689655172413,0.0,116,78.44827586206897,21.551724137931032,116,73.27586206896551,26.72413793103448,116,15.517241379310345,84.48275862068965,116,100.0,0.0,116,2.586206896551724,97.41379310344827,116,72.41379310344827,27.586206896551722,116,0.0,100.0,0.0,116,0.0,100.0,116,n_low,p_medium,k_medium,OC_low,pH_neutral,GOOD
3,3,0,6,6,0,0,6,0,6,0,6,0,0,6,6,0,TIRUPPUVANAM,6319,6492fcbc680216eb6c940acb,2026-09-09T18:08:01.617Z,2026-27,SIVAGANGA,63f9c52a519359b7438da3d7,6,0,0,2026-09-16T18:06:09.078Z,0,6,0,0,0,6,0,0,6,6aa1a081a9301e4c4acd10f5,Soil Health Card RKVY,660f941a5c8405ca8375c7c6,TAMIL NADU,63f9be9f519359b7438d08bb,2026-09-16T18:08:21.181Z,Pappagudi,640356,63f9c580519359b7438dabea,6,100.0,0.0,0.0,6,0.0,100.0,0.0,6,0.0,0.0,100.0,6,100.0,0.0,0.0,6,100.0,0.0,6,100.0,0.0,6,0.0,100.0,6,100.0,0.0,6,50.0,50.0,6,100.0,0.0,6,0.0,100.0,0.0,6,0.0,100.0,6,n_low,p_medium,k_high,OC_low,pH_neutral,GOOD
2,0,0,2,2,0,0,2,0,2,0,2,0,1,1,2,0,S. PUDUR,6314,6492fcbc680216eb6c940acf,2026-09-15T18:09:34.220Z,2026-27,SIVAGANGA,63f9c52a519359b7438da3d7,2,0,0,2026-09-16T18:06:09.078Z,0,2,0,0,0,2,1,0,1,6aa989de05ad99588db77b1e,Soil Health Card RKVY,660f941a5c8405ca8375c7c6,TAMIL NADU,63f9be9f519359b7438d08bb,2026-09-16T18:08:21.181Z,Kilavayal,639970,63f9c585519359b7438dac69,2,100.0,0.0,0.0,2,0.0,50.0,50.0,2,0.0,0.0,100.0,2,100.0,0.0,0.0,2,50.0,50.0,2,100.0,0.0,2,0.0,100.0,2,100.0,0.0,2,0.0,100.0,2,100.0,0.0,2,0.0,100.0,0.0,2,0.0,100.0,2,n_low,p_medium,k_high,OC_low,pH_neutral,LIMITED
48,0,0,48,48,0,0,48,0,48,0,47,1,30,18,48,0,S. PUDUR,6314,6492fcbc680216eb6c940acf,2026-09-15T18:09:34.220Z,2026-27,SIVAGANGA,63f9c52a519359b7438da3d7,44,0,4,2026-09-16T18:06:09.078Z,0,48,0,0,0,48,28,1,19,6aa989de05ad99588db77b1f,Soil Health Card RKVY,660f941a5c8405ca8375c7c6,TAMIL NADU,63f9be9f519359b7438d08bb,2026-09-16T18:08:21.181Z,Karisalpatti,639969,63f9c586519359b7438dac78,48,100.0,0.0,0.0,48,2.083333333333333,39.58333333333333,58.333333333333336,48,0.0,8.333333333333332,91.66666666666666,48,97.91666666666666,2.083333333333333,0.0,48,37.5,62.5,48,100.0,0.0,48,0.0,100.0,48,100.0,0.0,48,0.0,100.0,48,100.0,0.0,48,0.0,100.0,0.0,48,0.0,100.0,48,n_low,p_high,k_high,OC_low,pH_neutral,GOOD
133,186,0,319,319,0,32,287,0,319,1,277,41,133,186,264,55,S. PUDUR,6314,6492fcbc680216eb6c940acf,2026-09-07T18:11:10.118Z,2026-27,SIVAGANGA,63f9c52a519359b7438da3d7,261,15,43,2026-09-16T18:06:09.078Z,0,319,0,0,1,318,209,0,110,6a9efe3e96c54e28dc2b1f19,Soil Health Card RKVY,660f941a5c8405ca8375c7c6,TAMIL NADU,63f9be9f519359b7438d08bb,2026-09-16T18:08:21.181Z,Chettikuruchi,639974,63f9c589519359b7438daccd,319,100.0,0.0,0.0,319,0.0,34.48275862068966,65.51724137931035,319,4.702194357366771,13.479623824451412,81.81818181818183,319,86.83385579937304,12.852664576802509,0.3134796238244514,319,58.307210031347964,41.692789968652036,319,89.96865203761756,10.031347962382444,319,17.24137931034483,82.75862068965517,319,100.0,0.0,319,58.307210031347964,41.692789968652036,319,100.0,0.0,319,0.0,99.68652037617555,0.3134796238244514,319,0.0,100.0,319,n_low,p_high,k_high,OC_low,pH_neutral,GOOD
22,39,0,61,61,0,2,59,0,61,0,47,14,0,61,25,36,S. PUDUR,6314,6492fcbc680216eb6c940acf,2026-09-15T18:09:34.220Z,2026-27,SIVAGANGA,63f9c52a519359b7438da3d7,60,0,1,2026-09-16T18:06:09.078Z,0,61,0,0,0,61,35,0,26,6aa989de05ad99588db77b20,Soil Health Card RKVY,660f941a5c8405ca8375c7c6,TAMIL NADU,63f9be9f519359b7438d08bb,2026-09-16T18:08:21.181Z,Dharmappatti,639968,63f9c58a519359b7438dacd7,61,100.0,0.0,0.0,61,0.0,42.62295081967213,57.377049180327866,61,0.0,1.639344262295082,98.36065573770492,61,77.04918032786885,22.950819672131146,0.0,61,100.0,0.0,61,96.72131147540983,3.278688524590164,61,59.01639344262295,40.98360655737705,61,100.0,0.0,61,63.934426229508205,36.0655737704918,61,100.0,0.0,61,0.0,100.0,0.0,61,0.0,100.0,61,n_low,p_high,k_high,OC_low,pH_neutral,GOOD
96,124,0,219,218,2,0,220,0,220,0,122,98,0,220,220,0,SIVAGANGA,6317,6492fcbc680216eb6c940ad1,2026-09-02T18:08:59.146Z,2026-27,SIVAGANGA,63f9c52a519359b7438da3d7,198,0,22,2026-09-16T18:06:09.078Z,0,220,0,0,0,220,108,24,88,6a98663bc6fb74a8ae65b404,Soil Health Card RKVY,660f941a5c8405ca8375c7c6,TAMIL NADU,63f9be9f519359b7438d08bb,2026-09-16T18:08:21.181Z,Arasanur,640277,63f9c561519359b7438da90a,220,100.0,0.0,0.0,220,10.909090909090908,40.0,49.09090909090909,220,0.0,10.0,90.0,220,55.45454545454545,44.54545454545455,0.0,220,100.0,0.0,220,100.0,0.0,220,0.0,100.0,219,100.0,0.0,220,56.36363636363636,43.63636363636363,220,100.0,0.0,220,0.0,100.0,0.0,220,0.9090909090909091,99.0909090909091,220,n_low,p_high,k_high,OC_low,pH_neutral,GOOD
6,41,0,47,47,0,0,47,0,47,0,47,0,3,44,47,0,SIVAGANGA,6317,6492fcbc680216eb6c940ad1,2026-06-23T18:03:36.546Z,2026-27,SIVAGANGA,63f9c52a519359b7438da3d7,1,0,46,2026-09-16T18:06:09.078Z,0,47,0,0,0,47,0,10,37,6a3aca78c085490c83976fbb,Soil Health Card RKVY,660f941a5c8405ca8375c7c6,TAMIL NADU,63f9be9f519359b7438d08bb,2026-09-16T18:08:21.181Z,Alavakkottai,640221,63f9c564519359b7438da955,47,100.0,0.0,0.0,47,21.27659574468085,78.72340425531915,0.0,47,0.0,97.87234042553192,2.127659574468085,47,100.0,0.0,0.0,47,93.61702127659575,6.382978723404255,47,100.0,0.0,47,0.0,100.0,47,100.0,0.0,47,87.2340425531915,12.76595744680851,47,100.0,0.0,47,0.0,100.0,0.0,47,0.0,100.0,47,n_low,p_medium,k_medium,OC_low,pH_neutral,GOOD
0,2,0,2,2,0,0,2,1,1,0,2,0,2,0,0,2,SANKARANKOVIL,6398,6492fcbd680216eb6c940adb,2026-09-10T18:12:36.905Z,2026-27,TENKASI,63f9cdb7519359b7438e692b,0,0,2,2026-09-16T18:06:09.078Z,0,1,1,0,0,2,0,1,1,6aa2f314dfa3538f38d26518,Soil Health Card RKVY,660f941a5c8405ca8375c7c6,TAMIL NADU,63f9be9f519359b7438d08bb,2026-09-16T18:08:21.181Z,Vadikkottai,642663,63f9cdbf519359b7438e69e1,2,50.0,50.0,0.0,2,50.0,50.0,0.0,2,0.0,100.0,0.0,2,100.0,0.0,0.0,2,0.0,100.0,2,100.0,0.0,2,100.0,0.0,2,100.0,0.0,2,100.0,0.0,2,50.0,50.0,2,0.0,100.0,0.0,2,0.0,100.0,2,n_low,p_low,k_medium,OC_low,pH_neutral,LIMITED
0,3,0,3,3,0,0,3,3,0,0,2,1,3,0,0,3,SANKARANKOVIL,6398,6492fcbd680216eb6c940adb,2026-09-10T18:12:36.906Z,2026-27,TENKASI,63f9cdb7519359b7438e692b,0,0,3,2026-09-16T18:06:09.078Z,0,3,0,0,0,3,0,0,3,6aa2f314dfa3538f38d26519,Soil Health Card RKVY,660f941a5c8405ca8375c7c6,TAMIL NADU,63f9be9f519359b7438d08bb,2026-09-16T18:08:21.181Z,Kuvalaikkanni,642657,63f9cdbf519359b7438e69f0,3,100.0,0.0,0.0,3,0.0,100.0,0.0,3,0.0,100.0,0.0,3,66.66666666666666,33.33333333333333,0.0,3,0.0,100.0,3,100.0,0.0,3,100.0,0.0,3,100.0,0.0,3,100.0,0.0,3,0.0,100.0,3,0.0,100.0,0.0,3,0.0,100.0,3,n_low,p_medium,k_medium,OC_low,pH_neutral,LIMITED
0,3,0,3,3,0,0,3,2,1,0,3,0,3,0,0,3,SANKARANKOVIL,6398,6492fcbd680216eb6c940adb,2026-09-10T18:12:36.906Z,2026-27,TENKASI,63f9cdb7519359b7438e692b,0,0,3,2026-09-16T18:06:09.078Z,0,2,1,0,0,3,0,1,2,6aa2f314dfa3538f38d2651a,Soil Health Card RKVY,660f941a5c8405ca8375c7c6,TAMIL NADU,63f9be9f519359b7438d08bb,2026-09-16T18:08:21.181Z,Karivalamvandanallur,642658,63f9cdc0519359b7438e69f5,3,66.66666666666666,33.33333333333333,0.0,3,33.33333333333333,66.66666666666666,0.0,3,0.0,100.0,0.0,3,100.0,0.0,0.0,3,0.0,100.0,3,100.0,0.0,3,100.0,0.0,3,100.0,0.0,3,100.0,0.0,3,33.33333333333333,66.66666666666666,3,0.0,100.0,0.0,3,0.0,100.0,3,n_low,p_medium,k_medium,OC_low,pH_neutral,LIMITED
0,1,0,1,1,0,0,1,1,0,0,1,0,1,0,0,1,SANKARANKOVIL,6398,6492fcbd680216eb6c940adb,2026-09-10T18:12:36.906Z,2026-27,TENKASI,63f9cdb7519359b7438e692b,0,0,1,2026-09-16T18:06:09.078Z,0,1,0,0,0,1,0,0,1,6aa2f314dfa3538f38d2651b,Soil Health Card RKVY,660f941a5c8405ca8375c7c6,TAMIL NADU,63f9be9f519359b7438d08bb,2026-09-16T18:08:21.181Z,Vayali,642659,63f9cdc0519359b7438e69fa,1,100.0,0.0,0.0,1,0.0,100.0,0.0,1,0.0,100.0,0.0,1,100.0,0.0,0.0,1,0.0,100.0,1,100.0,0.0,1,100.0,0.0,1,100.0,0.0,1,100.0,0.0,1,0.0,100.0,1,0.0,100.0,0.0,1,0.0,100.0,1,n_low,p_medium,k_medium,OC_low,pH_neutral,VERY_LIMITED
0,4,0,4,4,0,0,4,1,3,0,3,1,3,1,1,3,SANKARANKOVIL,6398,6492fcbd680216eb6c940adb,2026-09-10T18:12:36.906Z,2026-27,TENKASI,63f9cdb7519359b7438e692b,0,1,3,2026-09-16T18:06:09.078Z,0,4,0,0,0,4,0,2,2,6aa2f314dfa3538f38d2651c,Soil Health Card RKVY,660f941a5c8405ca8375c7c6,TAMIL NADU,63f9be9f519359b7438d08bb,2026-09-16T18:08:21.181Z,Perumpathur,642662,63f9cdc0519359b7438e69ff,4,100.0,0.0,0.0,4,50.0,50.0,0.0,4,25.0,75.0,0.0,4,75.0,25.0,0.0,4,25.0,75.0,4,100.0,0.0,4,75.0,25.0,4,100.0,0.0,4,100.0,0.0,4,75.0,25.0,4,0.0,100.0,0.0,4,0.0,100.0,4,n_low,p_low,k_medium,OC_low,pH_neutral,LIMITED
0,1,0,1,1,0,0,1,0,1,0,1,0,1,0,0,1,SANKARANKOVIL,6398,6492fcbd680216eb6c940adb,2026-09-10T18:12:36.906Z,2026-27,TENKASI,63f9cdb7519359b7438e692b,0,0,1,2026-09-16T18:06:09.078Z,0,1,0,0,0,1,0,0,1,6aa2f314dfa3538f38d2651d,Soil Health Card RKVY,660f941a5c8405ca8375c7c6,TAMIL NADU,63f9be9f519359b7438d08bb,2026-09-16T18:08:21.181Z,Poigai,642688,63f9cdc1519359b7438e6a1d,1,100.0,0.0,0.0,1,0.0,100.0,0.0,1,0.0,100.0,0.0,1,100.0,0.0,0.0,1,0.0,100.0,1,100.0,0.0,1,100.0,0.0,1,100.0,0.0,1,100.0,0.0,1,100.0,0.0,1,0.0,100.0,0.0,1,0.0,100.0,1,n_low,p_medium,k_medium,OC_low,pH_neutral,VERY_LIMITED
0,8,0,8,8,0,0,8,5,3,0,8,0,8,0,0,8,SANKARANKOVIL,6398,6492fcbd680216eb6c940adb,2026-09-10T18:12:36.906Z,2026-27,TENKASI,63f9cdb7519359b7438e692b,0,0,8,2026-09-16T18:06:09.078Z,0,8,0,0,0,8,0,3,5,6aa2f314dfa3538f38d2651e,Soil Health Card RKVY,660f941a5c8405ca8375c7c6,TAMIL NADU,63f9be9f519359b7438d08bb,2026-09-16T18:08:21.181Z,Perumalpatti,642639,63f9cdc3519359b7438e6a40,8,100.0,0.0,0.0,8,37.5,62.5,0.0,8,0.0,100.0,0.0,8,100.0,0.0,0.0,8,0.0,100.0,8,100.0,0.0,8,100.0,0.0,8,100.0,0.0,8,100.0,0.0,8,37.5,62.5,8,0.0,100.0,0.0,8,0.0,100.0,8,n_low,p_medium,k_medium,OC_low,pH_neutral,GOOD
0,8,0,8,8,0,0,8,4,4,0,8,0,6,2,1,7,SANKARANKOVIL,6398,6492fcbd680216eb6c940adb,2026-09-10T18:12:36.906Z,2026-27,TENKASI,63f9cdb7519359b7438e692b,0,0,8,2026-09-16T18:06:09.078Z,0,8,0,0,0,8,0,2,6,6aa2f314dfa3538f38d2651f,Soil Health Card RKVY,660f941a5c8405ca8375c7c6,TAMIL NADU,63f9be9f519359b7438d08bb,2026-09-16T18:08:21.181Z,Pandappuli,642641,63f9cdc3519359b7438e6a45,8,100.0,0.0,0.0,8,25.0,75.0,0.0,8,0.0,100.0,0.0,8,100.0,0.0,0.0,8,25.0,75.0,8,100.0,0.0,8,87.5,12.5,8,100.0,0.0,8,100.0,0.0,8,50.0,50.0,8,0.0,100.0,0.0,8,0.0,100.0,8,n_low,p_medium,k_medium,OC_low,pH_neutral,GOOD
0,1,0,1,1,0,0,1,1,0,0,1,0,1,0,0,1,SANKARANKOVIL,6398,6492fcbd680216eb6c940adb,2026-09-10T18:12:36.906Z,2026-27,TENKASI,63f9cdb7519359b7438e692b,0,1,0,2026-09-16T18:06:09.078Z,0,1,0,0,0,1,0,1,0,6aa2f314dfa3538f38d26520,Soil Health Card RKVY,660f941a5c8405ca8375c7c6,TAMIL NADU,63f9be9f519359b7438d08bb,2026-09-16T18:08:21.181Z,Ariyanayagipuram,642685,63f9cde5519359b7438e6da1,1,100.0,0.0,0.0,1,100.0,0.0,0.0,1,100.0,0.0,0.0,1,100.0,0.0,0.0,1,0.0,100.0,1,100.0,0.0,1,100.0,0.0,1,100.0,0.0,1,100.0,0.0,1,0.0,100.0,1,0.0,100.0,0.0,1,0.0,100.0,1,n_low,p_low,k_low,OC_low,pH_neutral,VERY_LIMITED
0,1,0,1,1,0,1,0,1,0,0,1,0,0,1,0,1,MELANEELITHANALLUR,6393,6492fcbd680216eb6c940ae1,2026-06-18T18:06:11.724Z,2026-27,TENKASI,63f9cdb7519359b7438e692b,0,0,1,2026-09-16T18:06:09.078Z,0,0,1,0,0,1,1,0,0,6a343393a6092e046bf46633,Soil Health Card RKVY,660f941a5c8405ca8375c7c6,TAMIL NADU,63f9be9f519359b7438d08bb,2026-09-16T18:08:21.181Z,Keelaneelidanallur,642703,63f9cdbd519359b7438e69c3,1,0.0,100.0,0.0,1,0.0,0.0,100.0,1,0.0,100.0,0.0,1,100.0,0.0,0.0,1,100.0,0.0,1,0.0,100.0,1,100.0,0.0,1,100.0,0.0,1,100.0,0.0,1,0.0,100.0,1,0.0,100.0,0.0,1,0.0,100.0,1,n_medium,p_high,k_medium,OC_low,pH_neutral,VERY_LIMITED
1,0,0,1,1,0,0,1,0,1,0,0,1,1,0,0,1,THIRUPPANANDAL,6330,6492fcbe680216eb6c940b01,2026-06-18T18:06:11.536Z,2026-27,THANJAVUR,63f9c597519359b7438dae18,0,0,1,2026-09-16T18:06:09.078Z,0,1,0,0,0,1,0,1,0,6a343393a6092e046bf454d2,Soil Health Card RKVY,660f941a5c8405ca8375c7c6,TAMIL NADU,63f9be9f519359b7438d08bb,2026-09-16T18:08:21.181Z,Vannikudi,638398,63f9c598519359b7438dae27,1,100.0,0.0,0.0,1,100.0,0.0,0.0,1,0.0,100.0,0.0,1,0.0,100.0,0.0,1,0.0,100.0,1,100.0,0.0,1,100.0,0.0,1,100.0,0.0,1,0.0,100.0,1,100.0,0.0,1,0.0,100.0,0.0,1,0.0,100.0,1,n_low,p_low,k_medium,OC_medium,pH_neutral,VERY_LIMITED
12,0,1,11,12,0,3,9,5,7,9,2,1,0,12,8,4,COONOOR,6334,6492fcbf680216eb6c940b13,2026-07-27T17:53:09.586Z,2026-27,THE NILGIRIS,63f9c662519359b7438dbfde,12,0,0,2026-09-16T18:06:09.078Z,0,11,1,3,0,9,9,0,3,6a679b05403b90c4fa25ce5e,Soil Health Card RKVY,660f941a5c8405ca8375c7c6,TAMIL NADU,63f9be9f519359b7438d08bb,2026-09-16T18:08:21.181Z,JAGATHALA1 - 931944,931944,63f9c66f519359b7438dc10b,12,91.66666666666666,8.333333333333332,0.0,12,0.0,25.0,75.0,12,0.0,0.0,100.0,12,16.666666666666664,8.333333333333332,75.0,12,100.0,0.0,12,75.0,25.0,12,33.33333333333333,66.66666666666666,12,91.66666666666666,8.333333333333332,12,0.0,100.0,12,58.333333333333336,41.66666666666667,12,25.0,75.0,0.0,12,0.0,100.0,12,n_low,p_high,k_high,OC_high,pH_neutral,GOOD
1,0,0,1,1,0,0,1,0,1,0,1,0,0,1,1,0,COONOOR,6334,6492fcbf680216eb6c940b13,2026-09-02T18:08:59.148Z,2026-27,THE NILGIRIS,63f9c662519359b7438dbfde,1,0,0,2026-09-16T18:06:09.078Z,0,1,0,0,0,1,1,0,0,6a98663bc6fb74a8ae65b40b,Soil Health Card RKVY,660f941a5c8405ca8375c7c6,TAMIL NADU,63f9be9f519359b7438d08bb,2026-09-16T18:08:21.181Z,JAGATHALA2 - 931946,931946,63f9c671519359b7438dc142,1,100.0,0.0,0.0,1,0.0,0.0,100.0,1,0.0,0.0,100.0,1,100.0,0.0,0.0,1,100.0,0.0,1,100.0,0.0,1,0.0,100.0,1,100.0,0.0,1,0.0,100.0,1,100.0,0.0,1,0.0,100.0,0.0,1,0.0,100.0,1,n_low,p_high,k_high,OC_low,pH_neutral,VERY_LIMITED
1,19,0,20,20,0,0,20,0,20,12,4,4,0,20,14,6,COONOOR,6334,6492fcbf680216eb6c940b13,2026-09-01T17:56:44.443Z,2026-27,THE NILGIRIS,63f9c662519359b7438dbfde,20,0,0,2026-09-16T18:06:09.078Z,0,20,0,12,0,8,20,0,0,6a9711dc0fb5ed24f8eeec49,Soil Health Card RKVY,660f941a5c8405ca8375c7c6,TAMIL NADU,63f9be9f519359b7438d08bb,2026-09-16T18:08:21.181Z,KETTI3,931915,63f9c674519359b7438dc18a,20,100.0,0.0,0.0,20,0.0,0.0,100.0,20,0.0,0.0,100.0,20,20.0,20.0,60.0,20,100.0,0.0,20,100.0,0.0,20,30.0,70.0,20,100.0,0.0,20,95.0,5.0,20,100.0,0.0,20,60.0,40.0,0.0,20,0.0,100.0,20,n_low,p_high,k_high,OC_high,pH_acidic,GOOD
48,0,0,48,48,0,1,47,15,33,42,3,3,0,48,9,39,COONOOR,6334,6492fcbf680216eb6c940b13,2026-07-21T17:49:16.836Z,2026-27,THE NILGIRIS,63f9c662519359b7438dbfde,24,1,23,2026-09-16T18:06:09.078Z,0,48,0,3,0,45,32,10,6,6a5fb11c86012d52ad4c741f,Soil Health Card RKVY,660f941a5c8405ca8375c7c6,TAMIL NADU,63f9be9f519359b7438d08bb,2026-09-16T18:08:21.181Z,Hubhathalai,910517,63f9c675519359b7438dc194,48,100.0,0.0,0.0,48,20.833333333333336,12.5,66.66666666666666,48,2.083333333333333,47.91666666666667,50.0,48,6.25,6.25,87.5,48,100.0,0.0,48,97.91666666666666,2.083333333333333,48,81.25,18.75,48,100.0,0.0,48,0.0,100.0,48,68.75,31.25,48,6.25,93.75,0.0,48,0.0,100.0,48,n_low,p_high,k_high,OC_high,pH_neutral,GOOD
2,0,0,2,2,0,2,0,0,2,2,0,0,1,1,1,1,COONOOR,6334,6492fcbf680216eb6c940b13,2026-07-27T17:53:09.586Z,2026-27,THE NILGIRIS,63f9c662519359b7438dbfde,2,0,0,2026-09-16T18:06:09.078Z,0,1,1,0,0,2,2,0,0,6a679b05403b90c4fa25ce5f,Soil Health Card RKVY,660f941a5c8405ca8375c7c6,TAMIL NADU,63f9be9f519359b7438d08bb,2026-09-16T18:08:21.181Z,Yedappalli,635111,63f9c675519359b7438dc199,2,50.0,50.0,0.0,2,0.0,0.0,100.0,2,0.0,0.0,100.0,2,0.0,0.0,100.0,2,50.0,50.0,2,0.0,100.0,2,50.0,50.0,2,100.0,0.0,2,0.0,100.0,2,100.0,0.0,2,0.0,100.0,0.0,2,0.0,100.0,2,n_low,p_high,k_high,OC_high,pH_neutral,LIMITED
36,13,0,49,49,0,4,45,2,47,26,20,3,3,46,5,44,COONOOR,6334,6492fcbf680216eb6c940b13,2026-07-08T17:57:19.943Z,2026-27,THE NILGIRIS,63f9c662519359b7438dbfde,49,0,0,2026-09-16T18:06:09.078Z,0,49,0,11,0,38,25,9,15,6a4e8f7f0d6ad0d2fbc52ad7,Soil Health Card RKVY,660f941a5c8405ca8375c7c6,TAMIL NADU,63f9be9f519359b7438d08bb,2026-09-16T18:08:21.181Z,KETTI2,931913,63f9c675519359b7438dc19e,49,100.0,0.0,0.0,49,18.367346938775512,30.612244897959183,51.02040816326531,49,0.0,0.0,100.0,49,40.816326530612244,6.122448979591836,53.06122448979592,49,93.87755102040816,6.122448979591836,49,91.83673469387756,8.16326530612245,49,89.79591836734694,10.204081632653061,49,100.0,0.0,49,26.53061224489796,73.46938775510205,49,95.91836734693877,4.081632653061225,49,22.448979591836736,77.55102040816327,0.0,49,0.0,100.0,49,n_low,p_high,k_high,OC_high,pH_neutral,GOOD
32,0,0,32,32,0,1,31,4,28,9,16,7,19,13,4,28,COONOOR,6334,6492fcbf680216eb6c940b13,2026-07-08T17:57:19.943Z,2026-27,THE NILGIRIS,63f9c662519359b7438dbfde,32,0,0,2026-09-16T18:06:09.078Z,0,15,17,13,0,19,32,0,0,6a4e8f7f0d6ad0d2fbc52ad8,Soil Health Card RKVY,660f941a5c8405ca8375c7c6,TAMIL NADU,63f9be9f519359b7438d08bb,2026-09-16T18:08:21.181Z,KETTI1,931911,63f9c675519359b7438dc1a3,32,46.875,53.125,0.0,32,0.0,0.0,100.0,32,0.0,0.0,100.0,32,50.0,21.875,28.125,32,40.625,59.375,32,96.875,3.125,32,87.5,12.5,32,100.0,0.0,32,0.0,100.0,32,87.5,12.5,32,40.625,59.375,0.0,32,0.0,100.0,32,n_medium,p_high,k_high,OC_low,pH_neutral,GOOD
39,11,0,50,50,0,11,39,3,47,31,14,5,0,50,1,49,COONOOR,6334,6492fcbf680216eb6c940b13,2026-07-21T17:49:16.836Z,2026-27,THE NILGIRIS,63f9c662519359b7438dbfde,50,0,0,2026-09-16T18:06:09.078Z,0,50,0,26,0,24,16,9,25,6a5fb11c86012d52ad4c7420,Soil Health Card RKVY,660f941a5c8405ca8375c7c6,TAMIL NADU,63f9be9f519359b7438d08bb,2026-09-16T18:08:21.181Z,ADIGARATTY1,931891,63f9c676519359b7438dc1b2,50,100.0,0.0,0.0,50,18.0,50.0,32.0,50,0.0,0.0,100.0,50,28.000000000000004,10.0,62.0,50,100.0,0.0,50,78.0,22.0,50,98.0,2.0,50,100.0,0.0,50,22.0,78.0,50,94.0,6.0,50,52.0,48.0,0.0,50,0.0,100.0,50,n_low,p_medium,k_high,OC_high,pH_acidic,GOOD
0,23,7,16,23,0,4,19,21,2,3,10,10,0,23,0,23,COONOOR,6334,6492fcbf680216eb6c940b13,2026-09-01T17:56:44.444Z,2026-27,THE NILGIRIS,63f9c662519359b7438dbfde,23,0,0,2026-09-16T18:06:09.078Z,0,23,0,23,0,0,0,1,22,6a9711dc0fb5ed24f8eeec4a,Soil Health Card RKVY,660f941a5c8405ca8375c7c6,TAMIL NADU,63f9be9f519359b7438d08bb,2026-09-16T18:08:21.181Z,COONOOR RURAL,635113,63f9c677519359b7438dc1c1,23,100.0,0.0,0.0,23,4.3478260869565215,95.65217391304348,0.0,23,0.0,0.0,100.0,23,43.47826086956522,43.47826086956522,13.043478260869565,23,100.0,0.0,23,82.6086956521739,17.391304347826086,23,100.0,0.0,23,69.56521739130434,30.434782608695656,23,100.0,0.0,23,8.695652173913043,91.30434782608695,23,100.0,0.0,0.0,23,0.0,100.0,23,n_low,p_medium,k_high,OC_low,pH_acidic,GOOD
3,0,0,3,3,0,0,3,0,3,0,1,2,2,1,0,3,GUDALUR,6335,6492fcbf680216eb6c940b15,2026-07-23T17:53:21.297Z,2026-27,THE NILGIRIS,63f9c662519359b7438dbfde,0,0,3,2026-09-16T18:06:09.078Z,0,3,0,3,0,0,0,3,0,6a6255112bfcdd291f1f1626,Soil Health Card RKVY,660f941a5c8405ca8375c7c6,TAMIL NADU,63f9be9f519359b7438d08bb,2026-09-16T18:08:21.181Z,CHERANGODE1,635083,63f9c664519359b7438dc024,3,100.0,0.0,0.0,3,100.0,0.0,0.0,3,0.0,100.0,0.0,3,33.33333333333333,66.66666666666666,0.0,3,33.33333333333333,66.66666666666666,3,100.0,0.0,3,100.0,0.0,3,100.0,0.0,3,0.0,100.0,3,100.0,0.0,3,100.0,0.0,0.0,3,0.0,100.0,3,n_low,p_low,k_medium,OC_medium,pH_acidic,LIMITED
19,0,0,19,19,0,0,19,0,19,0,12,7,2,17,12,7,GUDALUR,6335,6492fcbf680216eb6c940b15,2026-07-23T17:53:21.297Z,2026-27,THE NILGIRIS,63f9c662519359b7438dbfde,2,2,15,2026-09-16T18:06:09.078Z,0,19,0,19,0,0,5,11,3,6a6255112bfcdd291f1f1627,Soil Health Card RKVY,660f941a5c8405ca8375c7c6,TAMIL NADU,63f9be9f519359b7438d08bb,2026-09-16T18:08:21.181Z,CHERUMULLI2,932087,63f9c665519359b7438dc03a,19,100.0,0.0,0.0,19,57.89473684210527,15.789473684210526,26.31578947368421,19,10.526315789473683,78.94736842105263,10.526315789473683,19,63.1578947368421,36.84210526315789,0.0,19,89.47368421052632,10.526315789473683,19,100.0,0.0,19,36.84210526315789,63.1578947368421,19,100.0,0.0,19,0.0,100.0,19,100.0,0.0,19,100.0,0.0,0.0,19,0.0,100.0,19,n_low,p_low,k_medium,OC_low,pH_acidic,GOOD
4,0,0,4,4,0,0,4,0,4,0,1,3,0,4,1,3,GUDALUR,6335,6492fcbf680216eb6c940b15,2026-07-23T17:53:21.297Z,2026-27,THE NILGIRIS,63f9c662519359b7438dbfde,0,0,4,2026-09-16T18:06:09.078Z,0,4,0,4,0,0,0,3,1,6a6255112bfcdd291f1f1628,Soil Health Card RKVY,660f941a5c8405ca8375c7c6,TAMIL NADU,63f9be9f519359b7438d08bb,2026-09-16T18:08:21.181Z,CHERUMULLI2-CA,932106,63f9c667519359b7438dc05d,4,100.0,0.0,0.0,4,75.0,25.0,0.0,4,0.0,100.0,0.0,4,25.0,75.0,0.0,4,100.0,0.0,4,100.0,0.0,4,75.0,25.0,4,100.0,0.0,4,0.0,100.0,4,100.0,0.0,4,100.0,0.0,0.0,4,0.0,100.0,4,n_low,p_low,k_medium,OC_medium,pH_acidic,LIMITED
26,0,0,26,26,0,0,26,0,26,0,16,10,2,24,2,24,GUDALUR,6335,6492fcbf680216eb6c940b15,2026-07-23T17:53:21.297Z,2026-27,THE NILGIRIS,63f9c662519359b7438dbfde,13,3,10,2026-09-16T18:06:09.078Z,0,26,0,5,0,21,2,14,10,6a6255112bfcdd291f1f1629,Soil Health Card RKVY,660f941a5c8405ca8375c7c6,TAMIL NADU,63f9be9f519359b7438d08bb,2026-09-16T18:08:21.181Z,CHERUMULLI1,932079,63f9c667519359b7438dc062,26,100.0,0.0,0.0,26,53.84615384615385,38.46153846153847,7.6923076923076925,26,11.538461538461538,38.46153846153847,50.0,26,61.53846153846154,38.46153846153847,0.0,26,92.3076923076923,7.6923076923076925,26,100.0,0.0,26,92.3076923076923,7.6923076923076925,26,100.0,0.0,26,0.0,100.0,26,100.0,0.0,26,19.230769230769234,80.76923076923077,0.0,26,0.0,100.0,26,n_low,p_low,k_high,OC_low,pH_neutral,GOOD
3,0,0,3,3,0,0,3,0,3,0,1,2,0,3,0,3,GUDALUR,6335,6492fcbf680216eb6c940b15,2026-09-02T18:08:59.147Z,2026-27,THE NILGIRIS,63f9c662519359b7438dbfde,1,0,2,2026-09-16T18:06:09.078Z,0,3,0,0,0,3,0,1,2,6a98663bc6fb74a8ae65b409,Soil Health Card RKVY,660f941a5c8405ca8375c7c6,TAMIL NADU,63f9be9f519359b7438d08bb,2026-09-16T18:08:21.181Z,Srimadurai,635086,63f9c669519359b7438dc085,3,100.0,0.0,0.0,3,33.33333333333333,66.66666666666666,0.0,3,0.0,66.66666666666666,33.33333333333333,3,33.33333333333333,66.66666666666666,0.0,3,100.0,0.0,3,100.0,0.0,3,100.0,0.0,3,100.0,0.0,3,0.0,100.0,3,100.0,0.0,3,0.0,100.0,0.0,3,0.0,100.0,3,n_low,p_medium,k_medium,OC_medium,pH_neutral,LIMITED
48,0,0,48,48,0,0,48,14,34,1,34,13,15,33,1,47,GUDALUR,6335,6492fcbf680216eb6c940b15,2026-07-23T17:53:21.297Z,2026-27,THE NILGIRIS,63f9c662519359b7438dbfde,0,7,41,2026-09-16T18:06:09.078Z,0,47,1,45,0,3,9,28,11,6a6255112bfcdd291f1f162a,Soil Health Card RKVY,660f941a5c8405ca8375c7c6,TAMIL NADU,63f9be9f519359b7438d08bb,2026-09-16T18:08:21.181Z,GUDALUR1,932084,63f9c669519359b7438dc08a,48,97.91666666666666,2.083333333333333,0.0,48,58.333333333333336,22.916666666666664,18.75,48,14.583333333333334,85.41666666666666,0.0,48,70.83333333333334,27.083333333333332,2.083333333333333,48,68.75,31.25,48,100.0,0.0,48,97.91666666666666,2.083333333333333,48,100.0,0.0,48,0.0,100.0,48,70.83333333333334,29.166666666666668,48,93.75,6.25,0.0,48,0.0,100.0,48,n_low,p_low,k_medium,OC_low,pH_acidic,GOOD
1,0,0,1,1,0,0,1,0,1,0,1,0,0,1,0,1,GUDALUR,6335,6492fcbf680216eb6c940b15,2026-07-23T17:53:21.298Z,2026-27,THE NILGIRIS,63f9c662519359b7438dbfde,0,0,1,2026-09-16T18:06:09.078Z,0,1,0,1,0,0,0,1,0,6a6255112bfcdd291f1f162b,Soil Health Card RKVY,660f941a5c8405ca8375c7c6,TAMIL NADU,63f9be9f519359b7438d08bb,2026-09-16T18:08:21.181Z,GUDALUR2,932092,63f9c66a519359b7438dc094,1,100.0,0.0,0.0,1,100.0,0.0,0.0,1,0.0,100.0,0.0,1,100.0,0.0,0.0,1,100.0,0.0,1,100.0,0.0,1,100.0,0.0,1,100.0,0.0,1,0.0,100.0,1,100.0,0.0,1,100.0,0.0,0.0,1,0.0,100.0,1,n_low,p_low,k_medium,OC_low,pH_acidic,VERY_LIMITED
9,0,0,9,9,0,3,6,1,8,7,0,2,1,8,0,9,KOTAGIRI,6336,6492fcbf680216eb6c940b17,2026-09-02T18:08:59.148Z,2026-27,THE NILGIRIS,63f9c662519359b7438dbfde,9,0,0,2026-09-16T18:06:09.078Z,0,9,0,4,0,5,9,0,0,6a98663bc6fb74a8ae65b40a,Soil Health Card RKVY,660f941a5c8405ca8375c7c6,TAMIL NADU,63f9be9f519359b7438d08bb,2026-09-16T18:08:21.181Z,NEDUGULA2,931975,63f9c66f519359b7438dc106,9,100.0,0.0,0.0,9,0.0,0.0,100.0,9,0.0,0.0,100.0,9,0.0,22.22222222222222,77.77777777777779,9,88.88888888888889,11.11111111111111,9,66.66666666666666,33.33333333333333,9,100.0,0.0,9,100.0,0.0,9,0.0,100.0,9,88.88888888888889,11.11111111111111,9,44.44444444444444,55.55555555555556,0.0,9,0.0,100.0,9,n_low,p_high,k_high,OC_high,pH_neutral,GOOD
32,19,0,51,51,0,0,51,0,51,29,13,9,0,51,3,48,KOTAGIRI,6336,6492fcbf680216eb6c940b17,2026-07-24T17:51:46.673Z,2026-27,THE NILGIRIS,63f9c662519359b7438dbfde,48,1,2,2026-09-16T18:06:09.078Z,0,29,22,22,0,29,17,5,29,6a63a6321298ca6884f97dfd,Soil Health Card RKVY,660f941a5c8405ca8375c7c6,TAMIL NADU,63f9be9f519359b7438d08bb,2026-09-16T18:08:21.181Z,NADUHATTY2,931974,63f9c670519359b7438dc129,51,56.86274509803921,43.13725490196079,0.0,51,9.803921568627452,56.86274509803921,33.33333333333333,51,1.9607843137254901,3.9215686274509802,94.11764705882352,51,25.49019607843137,17.647058823529413,56.86274509803921,51,100.0,0.0,51,100.0,0.0,51,94.11764705882352,5.88235294117647,51,100.0,0.0,51,37.254901960784316,62.745098039215684,51,100.0,0.0,51,43.13725490196079,56.86274509803921,0.0,51,0.0,100.0,51,n_low,p_medium,k_high,OC_high,pH_neutral,GOOD
57,30,0,87,87,0,9,78,1,86,15,44,28,2,85,0,87,KOTAGIRI,6336,6492fcbf680216eb6c940b17,2026-07-21T17:49:16.836Z,2026-27,THE NILGIRIS,63f9c662519359b7438dbfde,86,0,1,2026-09-16T18:06:09.078Z,0,86,1,27,0,60,82,0,5,6a5fb11c86012d52ad4c741e,Soil Health Card RKVY,660f941a5c8405ca8375c7c6,TAMIL NADU,63f9be9f519359b7438d08bb,2026-09-16T18:08:21.181Z,NEDUGULA1,635100,63f9c673519359b7438dc16a,87,98.85057471264368,1.1494252873563218,0.0,87,0.0,5.747126436781609,94.25287356321839,87,0.0,1.1494252873563218,98.85057471264368,87,50.57471264367817,32.18390804597701,17.24137931034483,87,97.70114942528735,2.2988505747126435,87,89.65517241379311,10.344827586206897,87,100.0,0.0,87,100.0,0.0,87,34.48275862068966,65.51724137931035,87,98.85057471264368,1.1494252873563218,87,31.03448275862069,68.96551724137932,0.0,87,0.0,100.0,87,n_low,p_high,k_high,OC_low,pH_neutral,GOOD
80,0,0,80,80,0,3,77,5,75,1,71,8,4,76,2,78,KOTAGIRI,6336,6492fcbf680216eb6c940b17,2026-08-12T17:53:19.042Z,2026-27,THE NILGIRIS,63f9c662519359b7438dbfde,80,0,0,2026-09-16T18:06:09.078Z,0,80,0,0,0,80,0,61,19,6a7cb30fa35788b129ffe118,Soil Health Card RKVY,660f941a5c8405ca8375c7c6,TAMIL NADU,63f9be9f519359b7438d08bb,2026-09-16T18:08:21.181Z,KOTAGIRI1,635109,63f9c673519359b7438dc174,80,100.0,0.0,0.0,80,76.25,23.75,0.0,80,0.0,0.0,100.0,80,88.75,10.0,1.25,80,95.0,5.0,80,96.25,3.75,80,97.5,2.5,80,100.0,0.0,80,0.0,100.0,80,93.75,6.25,80,0.0,100.0,0.0,80,0.0,100.0,80,n_low,p_low,k_high,OC_low,pH_neutral,GOOD
13,20,0,33,33,0,0,33,2,31,8,23,2,0,33,4,29,KOTAGIRI,6336,6492fcbf680216eb6c940b17,2026-07-24T17:51:46.673Z,2026-27,THE NILGIRIS,63f9c662519359b7438dbfde,33,0,0,2026-09-16T18:06:09.078Z,0,30,3,12,0,21,22,1,10,6a63a6321298ca6884f97dfe,Soil Health Card RKVY,660f941a5c8405ca8375c7c6,TAMIL NADU,63f9be9f519359b7438d08bb,2026-09-16T18:08:21.181Z,NADUHATTY1,635108,63f9c674519359b7438dc179,33,90.9090909090909,9.090909090909092,0.0,33,3.0303030303030303,30.303030303030305,66.66666666666666,33,0.0,0.0,100.0,33,69.6969696969697,6.0606060606060606,24.242424242424242,33,100.0,0.0,33,100.0,0.0,33,87.87878787878788,12.121212121212121,33,100.0,0.0,33,60.60606060606061,39.39393939393939,33,93.93939393939394,6.0606060606060606,33,36.36363636363637,63.63636363636363,0.0,33,0.0,100.0,33,n_low,p_high,k_high,OC_low,pH_neutral,GOOD
18,0,0,18,18,0,0,18,0,18,15,1,2,0,18,0,18,UDHAGAMANDALAM,6337,6492fcbf680216eb6c940b19,2026-06-23T18:03:35.922Z,2026-27,THE NILGIRIS,63f9c662519359b7438dbfde,18,0,0,2026-09-16T18:06:09.078Z,0,15,3,0,0,18,14,2,2,6a3aca77c085490c83976d0d,Soil Health Card RKVY,660f941a5c8405ca8375c7c6,TAMIL NADU,63f9be9f519359b7438d08bb,2026-09-16T18:08:21.181Z,NANJANAD2,932018,63f9c66c519359b7438dc0cd,18,83.33333333333334,16.666666666666664,0.0,18,11.11111111111111,11.11111111111111,77.77777777777779,18,0.0,0.0,100.0,18,5.555555555555555,11.11111111111111,83.33333333333334,18,100.0,0.0,18,100.0,0.0,18,100.0,0.0,18,100.0,0.0,18,0.0,100.0,18,100.0,0.0,18,0.0,100.0,0.0,18,0.0,100.0,18,n_low,p_high,k_high,OC_high,pH_neutral,GOOD
11,0,1,10,11,0,0,11,3,8,0,9,2,2,9,0,11,UDHAGAMANDALAM,6337,6492fcbf680216eb6c940b19,2026-07-09T17:50:23.046Z,2026-27,THE NILGIRIS,63f9c662519359b7438dbfde,11,0,0,2026-09-16T18:06:09.078Z,0,11,0,4,0,7,9,1,1,6a4fdf5f073f10ca17afa0b4,Soil Health Card RKVY,660f941a5c8405ca8375c7c6,TAMIL NADU,63f9be9f519359b7438d08bb,2026-09-16T18:08:21.181Z,KAGGUCHI1,635091,63f9c66d519359b7438dc0e6,11,100.0,0.0,0.0,11,9.090909090909092,9.090909090909092,81.81818181818183,11,0.0,0.0,100.0,11,81.81818181818183,18.181818181818183,0.0,11,81.81818181818183,18.181818181818183,11,100.0,0.0,11,100.0,0.0,11,90.9090909090909,9.090909090909092,11,0.0,100.0,11,72.72727272727273,27.27272727272727,11,36.36363636363637,63.63636363636363,0.0,11,0.0,100.0,11,n_low,p_high,k_high,OC_low,pH_neutral,GOOD
47,5,8,44,52,0,17,35,8,44,6,24,22,0,52,6,46,UDHAGAMANDALAM,6337,6492fcbf680216eb6c940b19,2026-06-30T17:58:09.873Z,2026-27,THE NILGIRIS,63f9c662519359b7438dbfde,52,0,0,2026-09-16T18:06:09.078Z,0,47,5,17,0,35,36,1,15,6a4403b1cd3843ecdb2378f7,Soil Health Card RKVY,660f941a5c8405ca8375c7c6,TAMIL NADU,63f9be9f519359b7438d08bb,2026-09-16T18:08:21.181Z,KADANAD1,635088,63f9c66e519359b7438dc0f0,52,90.38461538461539,9.615384615384617,0.0,52,1.9230769230769231,28.846153846153843,69.23076923076923,52,0.0,0.0,100.0,52,46.15384615384615,42.30769230769231,11.538461538461538,52,100.0,0.0,52,67.3076923076923,32.69230769230769,52,88.46153846153845,11.538461538461538,52,84.61538461538461,15.384615384615385,52,9.615384615384617,90.38461538461539,52,84.61538461538461,15.384615384615385,52,32.69230769230769,67.3076923076923,0.0,52,0.0,100.0,52,n_low,p_high,k_high,OC_low,pH_neutral,GOOD
205,19,1,223,224,0,1,223,1,223,210,2,12,9,215,0,224,UDHAGAMANDALAM,6337,6492fcbf680216eb6c940b19,2026-06-25T17:58:03.355Z,2026-27,THE NILGIRIS,63f9c662519359b7438dbfde,224,0,0,2026-09-16T18:06:09.078Z,0,219,5,34,0,190,150,22,52,6a3d6c2b25e2d44604426c08,Soil Health Card RKVY,660f941a5c8405ca8375c7c6,TAMIL NADU,63f9be9f519359b7438d08bb,2026-09-16T18:08:21.181Z,NANJANAD1,635094,63f9c66e519359b7438dc0ff,224,97.76785714285714,2.232142857142857,0.0,224,9.821428571428571,23.214285714285715,66.96428571428571,224,0.0,0.0,100.0,224,0.8928571428571428,5.357142857142857,93.75,224,95.98214285714286,4.017857142857143,224,99.55357142857143,0.4464285714285714,224,100.0,0.0,224,99.55357142857143,0.4464285714285714,224,8.482142857142858,91.51785714285714,224,99.55357142857143,0.4464285714285714,224,15.178571428571427,84.82142857142857,0.0,224,0.0,100.0,224,n_low,p_high,k_high,OC_high,pH_neutral,GOOD
2,0,0,2,2,0,0,2,0,2,2,0,0,0,2,2,0,UDHAGAMANDALAM,6337,6492fcbf680216eb6c940b19,2026-07-20T17:48:21.249Z,2026-27,THE NILGIRIS,63f9c662519359b7438dbfde,2,0,0,2026-09-16T18:06:09.078Z,0,2,0,2,0,0,2,0,0,6a5e5f655e1e1d31f8f1f919,Soil Health Card RKVY,660f941a5c8405ca8375c7c6,TAMIL NADU,63f9be9f519359b7438d08bb,2026-09-16T18:08:21.181Z,ITHALAR1,635117,63f9c679519359b7438dc1ff,2,100.0,0.0,0.0,2,0.0,0.0,100.0,2,0.0,0.0,100.0,2,0.0,0.0,100.0,2,100.0,0.0,2,100.0,0.0,2,0.0,100.0,2,100.0,0.0,2,0.0,100.0,2,100.0,0.0,2,100.0,0.0,0.0,2,0.0,100.0,2,n_low,p_high,k_high,OC_high,pH_acidic,LIMITED
20,0,5,15,20,0,2,18,4,16,4,9,7,1,19,4,16,UDHAGAMANDALAM,6337,6492fcbf680216eb6c940b19,2026-06-30T17:58:09.772Z,2026-27,THE NILGIRIS,63f9c662519359b7438dbfde,18,0,2,2026-09-16T18:06:09.078Z,0,20,0,3,1,16,18,1,1,6a4403b1cd3843ecdb2378a3,Soil Health Card RKVY,660f941a5c8405ca8375c7c6,TAMIL NADU,63f9be9f519359b7438d08bb,2026-09-16T18:08:21.181Z,BALACOLA1,635119,63f9c67a519359b7438dc204,20,100.0,0.0,0.0,20,5.0,5.0,90.0,20,0.0,10.0,90.0,20,45.0,35.0,20.0,20,95.0,5.0,20,90.0,10.0,20,80.0,20.0,20,75.0,25.0,20,0.0,100.0,20,80.0,20.0,20,15.0,80.0,5.0,20,0.0,100.0,20,n_low,p_high,k_high,OC_low,pH_neutral,GOOD
9,1,0,10,10,0,0,10,0,10,0,10,0,10,0,0,10,KADAMALAIKUNDRU MYLADUMPARAI,6341,6492fcbe680216eb6c940b05,2026-09-07T18:11:10.121Z,2026-27,THENI,63f9c67a519359b7438dc208,10,0,0,2026-09-16T18:06:09.078Z,0,10,0,0,0,10,0,3,7,6a9efe3e96c54e28dc2b1f1d,Soil Health Card RKVY,660f941a5c8405ca8375c7c6,TAMIL NADU,63f9be9f519359b7438d08bb,2026-09-16T18:08:21.181Z,Myaladumparai,641166,63f9c692519359b7438dc43b,10,100.0,0.0,0.0,10,30.0,70.0,0.0,10,0.0,0.0,100.0,10,100.0,0.0,0.0,10,0.0,100.0,10,100.0,0.0,10,100.0,0.0,10,100.0,0.0,10,10.0,90.0,10,100.0,0.0,10,0.0,100.0,0.0,10,0.0,100.0,10,n_low,p_medium,k_high,OC_low,pH_neutral,GOOD
10,0,0,10,10,0,0,10,0,10,0,8,2,8,2,0,10,KADAMALAIKUNDRU MYLADUMPARAI,6341,6492fcbe680216eb6c940b05,2026-09-07T18:11:10.121Z,2026-27,THENI,63f9c67a519359b7438dc208,10,0,0,2026-09-16T18:06:09.078Z,0,10,0,0,1,9,0,3,7,6a9efe3e96c54e28dc2b1f1e,Soil Health Card RKVY,660f941a5c8405ca8375c7c6,TAMIL NADU,63f9be9f519359b7438d08bb,2026-09-16T18:08:21.181Z,Vallalnathi,641164,63f9c693519359b7438dc440,10,100.0,0.0,0.0,10,30.0,70.0,0.0,10,0.0,0.0,100.0,10,80.0,20.0,0.0,10,20.0,80.0,10,100.0,0.0,10,100.0,0.0,10,100.0,0.0,10,0.0,100.0,10,100.0,0.0,10,0.0,90.0,10.0,10,0.0,100.0,10,n_low,p_medium,k_high,OC_low,pH_neutral,GOOD
10,0,0,10,9,1,4,6,4,6,0,7,3,8,2,0,10,KADAMALAIKUNDRU MYLADUMPARAI,6341,6492fcbe680216eb6c940b05,2026-09-07T18:11:10.121Z,2026-27,THENI,63f9c67a519359b7438dc208,10,0,0,2026-09-16T18:06:09.078Z,0,10,0,0,0,10,0,3,7,6a9efe3e96c54e28dc2b1f1f,Soil Health Card RKVY,660f941a5c8405ca8375c7c6,TAMIL NADU,63f9be9f519359b7438d08bb,2026-09-16T18:08:21.181Z,Kanavaipatti,932331,63f9c693519359b7438dc44f,10,100.0,0.0,0.0,10,30.0,70.0,0.0,10,0.0,0.0,100.0,10,70.0,30.0,0.0,10,20.0,80.0,10,60.0,40.0,10,100.0,0.0,10,100.0,0.0,10,0.0,100.0,10,60.0,40.0,10,0.0,100.0,0.0,10,10.0,90.0,10,n_low,p_medium,k_high,OC_low,pH_neutral,GOOD
10,0,0,10,6,4,0,10,0,10,0,10,0,10,0,0,10,BODINAYAKKANUR,6339,6492fcbe680216eb6c940b07,2026-09-07T18:11:10.120Z,2026-27,THENI,63f9c67a519359b7438dc208,10,0,0,2026-09-16T18:06:09.078Z,0,10,0,0,0,10,0,0,10,6a9efe3e96c54e28dc2b1f1a,Soil Health Card RKVY,660f941a5c8405ca8375c7c6,TAMIL NADU,63f9be9f519359b7438d08bb,2026-09-16T18:08:21.181Z,Dombucheri,641080,63f9c67a519359b7438dc212,10,100.0,0.0,0.0,10,0.0,100.0,0.0,10,0.0,0.0,100.0,10,100.0,0.0,0.0,10,0.0,100.0,10,100.0,0.0,10,100.0,0.0,10,100.0,0.0,10,0.0,100.0,10,100.0,0.0,10,0.0,100.0,0.0,10,40.0,60.0,10,n_low,p_medium,k_high,OC_low,pH_neutral,GOOD
5,5,0,10,10,0,0,10,0,10,4,4,2,10,0,0,10,BODINAYAKKANUR,6339,6492fcbe680216eb6c940b07,2026-09-05T18:05:47.129Z,2026-27,THENI,63f9c67a519359b7438dc208,10,0,0,2026-09-16T18:06:09.078Z,0,8,2,0,0,10,2,1,7,6a9c59fb4c7f9e58219799ae,Soil Health Card RKVY,660f941a5c8405ca8375c7c6,TAMIL NADU,63f9be9f519359b7438d08bb,2026-09-16T18:08:21.181Z,Boothipuram,932366,63f9c67a519359b7438dc217,10,80.0,20.0,0.0,10,10.0,70.0,20.0,10,0.0,0.0,100.0,10,40.0,20.0,40.0,10,0.0,100.0,10,100.0,0.0,10,100.0,0.0,10,100.0,0.0,10,50.0,50.0,10,100.0,0.0,10,0.0,100.0,0.0,10,0.0,100.0,10,n_low,p_medium,k_high,OC_low,pH_neutral,GOOD
10,0,0,10,9,1,0,10,0,10,0,10,0,10,0,0,10,BODINAYAKKANUR,6339,6492fcbe680216eb6c940b07,2026-09-07T18:11:10.120Z,2026-27,THENI,63f9c67a519359b7438dc208,10,0,0,2026-09-16T18:06:09.078Z,0,10,0,0,0,10,4,4,2,6a9efe3e96c54e28dc2b1f1b,Soil Health Card RKVY,660f941a5c8405ca8375c7c6,TAMIL NADU,63f9be9f519359b7438d08bb,2026-09-16T18:08:21.181Z,Bodi Hill North,641073,63f9c67c519359b7438dc23f,10,100.0,0.0,0.0,10,40.0,20.0,40.0,10,0.0,0.0,100.0,10,100.0,0.0,0.0,10,0.0,100.0,10,100.0,0.0,10,100.0,0.0,10,100.0,0.0,10,0.0,100.0,10,100.0,0.0,10,0.0,100.0,0.0,10,10.0,90.0,10,n_low,p_low,k_high,OC_low,pH_neutral,GOOD
8,2,0,10,6,4,5,5,2,8,1,9,0,10,0,0,10,BODINAYAKKANUR,6339,6492fcbe680216eb6c940b07,2026-09-07T18:11:10.120Z,2026-27,THENI,63f9c67a519359b7438dc208,10,0,0,2026-09-16T18:06:09.078Z,0,10,0,0,0,10,6,0,4,6a9efe3e96c54e28dc2b1f1c,Soil Health Card RKVY,660f941a5c8405ca8375c7c6,TAMIL NADU,63f9be9f519359b7438d08bb,2026-09-16T18:08:21.181Z,Kodangipatti,641075,63f9c67d519359b7438dc253,10,100.0,0.0,0.0,10,0.0,40.0,60.0,10,0.0,0.0,100.0,10,90.0,0.0,10.0,10,0.0,100.0,10,50.0,50.0,10,100.0,0.0,10,100.0,0.0,10,20.0,80.0,10,80.0,20.0,10,0.0,100.0,0.0,10,40.0,60.0,10,n_low,p_high,k_high,OC_low,pH_neutral,GOOD
7,13,0,20,20,0,0,20,0,20,0,4,16,0,20,0,20,CHINNAMANUR,6340,6492fcbf680216eb6c940b0b,2026-09-16T18:08:24.841Z,2026-27,THENI,63f9c67a519359b7438dc208,20,0,0,2026-09-16T18:06:09.078Z,0,18,2,0,0,20,12,0,8,6aaadb18815951ad19d1c525,Soil Health Card RKVY,660f941a5c8405ca8375c7c6,TAMIL NADU,63f9be9f519359b7438d08bb,2026-09-16T18:08:24.841Z,Muthulapuram,641126,63f9c689519359b7438dc362,20,90.0,10.0,0.0,20,0.0,40.0,60.0,20,0.0,0.0,100.0,20,20.0,80.0,0.0,20,100.0,0.0,20,100.0,0.0,20,100.0,0.0,20,100.0,0.0,20,65.0,35.0,20,100.0,0.0,20,0.0,100.0,0.0,20,0.0,100.0,20,n_low,p_high,k_high,OC_medium,pH_neutral,GOOD
9,1,0,9,10,0,3,7,1,9,1,9,0,10,0,0,10,CHINNAMANUR,6340,6492fcbf680216eb6c940b0b,2026-09-09T18:08:01.620Z,2026-27,THENI,63f9c67a519359b7438dc208,10,0,0,2026-09-16T18:06:09.078Z,0,10,0,0,0,10,0,0,10,6aa1a081a9301e4c4acd10f7,Soil Health Card RKVY,660f941a5c8405ca8375c7c6,TAMIL NADU,63f9be9f519359b7438d08bb,2026-09-16T18:08:21.181Z,Pulikkuthi,641121,63f9c689519359b7438dc367,10,100.0,0.0,0.0,10,0.0,100.0,0.0,10,0.0,0.0,100.0,10,90.0,0.0,10.0,10,0.0,100.0,10,70.0,30.0,10,100.0,0.0,9,100.0,0.0,10,10.0,90.0,10,90.0,10.0,10,0.0,100.0,0.0,10,0.0,100.0,10,n_low,p_medium,k_high,OC_low,pH_neutral,GOOD
20,0,0,20,20,0,0,20,0,20,1,16,3,20,0,0,20,CHINNAMANUR,6340,6492fcbf680216eb6c940b0b,2026-09-09T18:08:01.620Z,2026-27,THENI,63f9c67a519359b7438dc208,13,3,4,2026-09-16T18:06:09.078Z,0,20,0,5,0,15,13,0,7,6aa1a081a9301e4c4acd10f8,Soil Health Card RKVY,660f941a5c8405ca8375c7c6,TAMIL NADU,63f9be9f519359b7438d08bb,2026-09-16T18:08:21.181Z,Seepalakottai,641118,63f9c68a519359b7438dc36c,20,100.0,0.0,0.0,20,0.0,35.0,65.0,20,15.0,20.0,65.0,20,80.0,15.0,5.0,20,0.0,100.0,20,100.0,0.0,20,100.0,0.0,20,100.0,0.0,20,0.0,100.0,20,100.0,0.0,20,25.0,75.0,0.0,20,0.0,100.0,20,n_low,p_high,k_high,OC_low,pH_neutral,GOOD
19,0,0,19,19,0,2,17,0,19,0,19,0,1,18,0,19,CHINNAMANUR,6340,6492fcbf680216eb6c940b0b,2026-09-16T18:08:24.841Z,2026-27,THENI,63f9c67a519359b7438dc208,19,0,0,2026-09-16T18:06:09.078Z,0,19,0,0,0,19,0,7,12,6aaadb18815951ad19d1c526,Soil Health Card RKVY,660f941a5c8405ca8375c7c6,TAMIL NADU,63f9be9f519359b7438d08bb,2026-09-16T18:08:24.841Z,Veppampatti,641117,63f9c68a519359b7438dc371,19,100.0,0.0,0.0,19,36.84210526315789,63.1578947368421,0.0,19,0.0,0.0,100.0,19,100.0,0.0,0.0,19,94.73684210526315,5.263157894736842,19,89.47368421052632,10.526315789473683,19,100.0,0.0,19,100.0,0.0,19,0.0,100.0,19,100.0,0.0,19,0.0,100.0,0.0,19,0.0,100.0,19,n_low,p_medium,k_high,OC_low,pH_neutral,GOOD
4,1,0,5,5,0,0,5,0,5,0,1,4,1,4,0,5,CHINNAMANUR,6340,6492fcbf680216eb6c940b0b,2026-09-16T18:08:24.845Z,2026-27,THENI,63f9c67a519359b7438dc208,5,0,0,2026-09-16T18:06:09.078Z,0,5,0,0,0,5,4,0,1,6aaadb18815951ad19d1c527,Soil Health Card RKVY,660f941a5c8405ca8375c7c6,TAMIL NADU,63f9be9f519359b7438d08bb,2026-09-16T18:08:24.845Z,Kuchanoor ,932580,63f9c68b519359b7438dc38a,5,100.0,0.0,0.0,5,0.0,20.0,80.0,5,0.0,0.0,100.0,5,20.0,80.0,0.0,5,80.0,20.0,5,100.0,0.0,5,100.0,0.0,5,100.0,0.0,5,20.0,80.0,5,100.0,0.0,5,0.0,100.0,0.0,5,0.0,100.0,5,n_low,p_high,k_high,OC_medium,pH_neutral,GOOD
10,0,0,10,10,0,3,7,0,10,0,10,0,10,0,0,10,CHINNAMANUR,6340,6492fcbf680216eb6c940b0b,2026-09-03T18:08:02.698Z,2026-27,THENI,63f9c67a519359b7438dc208,10,0,0,2026-09-16T18:06:09.078Z,0,10,0,0,0,10,0,3,7,6a99b7820649dfa6ff11f3bf,Soil Health Card RKVY,660f941a5c8405ca8375c7c6,TAMIL NADU,63f9be9f519359b7438d08bb,2026-09-16T18:08:21.181Z,Markeyankottai,641120,63f9c68f519359b7438dc3f3,10,100.0,0.0,0.0,10,30.0,70.0,0.0,10,0.0,0.0,100.0,10,100.0,0.0,0.0,10,0.0,100.0,10,70.0,30.0,10,100.0,0.0,10,100.0,0.0,10,0.0,100.0,10,100.0,0.0,10,0.0,100.0,0.0,10,0.0,100.0,10,n_low,p_medium,k_high,OC_low,pH_neutral,GOOD
2,1,0,3,3,0,0,3,0,3,0,2,1,3,0,0,3,THENI,6344,6492fcbf680216eb6c940b0d,2026-09-02T18:08:59.149Z,2026-27,THENI,63f9c67a519359b7438dc208,3,0,0,2026-09-16T18:06:09.078Z,0,3,0,0,0,3,1,0,2,6a98663bc6fb74a8ae65b40c,Soil Health Card RKVY,660f941a5c8405ca8375c7c6,TAMIL NADU,63f9be9f519359b7438d08bb,2026-09-16T18:08:21.181Z,Thadicheri,641103,63f9c684519359b7438dc2e8,3,100.0,0.0,0.0,3,0.0,66.66666666666666,33.33333333333333,3,0.0,0.0,100.0,3,66.66666666666666,33.33333333333333,0.0,3,0.0,100.0,3,100.0,0.0,3,100.0,0.0,3,100.0,0.0,3,33.33333333333333,66.66666666666666,3,100.0,0.0,3,0.0,100.0,0.0,3,0.0,100.0,3,n_low,p_medium,k_high,OC_low,pH_neutral,LIMITED
1,0,0,1,1,0,0,1,0,1,0,1,0,1,0,0,1,THENI,6344,6492fcbf680216eb6c940b0d,2026-09-02T18:08:59.149Z,2026-27,THENI,63f9c67a519359b7438dc208,1,0,0,2026-09-16T18:06:09.078Z,0,1,0,0,0,1,0,0,1,6a98663bc6fb74a8ae65b40d,Soil Health Card RKVY,660f941a5c8405ca8375c7c6,TAMIL NADU,63f9be9f519359b7438d08bb,2026-09-16T18:08:21.181Z,Poomalaikundu,641108,63f9c684519359b7438dc2ed,1,100.0,0.0,0.0,1,0.0,100.0,0.0,1,0.0,0.0,100.0,1,100.0,0.0,0.0,1,0.0,100.0,1,100.0,0.0,1,100.0,0.0,1,100.0,0.0,1,0.0,100.0,1,100.0,0.0,1,0.0,100.0,0.0,1,0.0,100.0,1,n_low,p_medium,k_high,OC_low,pH_neutral,VERY_LIMITED
2,0,0,2,2,0,0,2,0,2,0,0,2,2,0,0,2,THENI,6344,6492fcbf680216eb6c940b0d,2026-09-02T18:08:59.149Z,2026-27,THENI,63f9c67a519359b7438dc208,2,0,0,2026-09-16T18:06:09.078Z,0,2,0,0,0,2,0,0,2,6a98663bc6fb74a8ae65b40e,Soil Health Card RKVY,660f941a5c8405ca8375c7c6,TAMIL NADU,63f9be9f519359b7438d08bb,2026-09-16T18:08:21.181Z,Thappukundu,641104,63f9c684519359b7438dc2f2,2,100.0,0.0,0.0,2,0.0,100.0,0.0,2,0.0,0.0,100.0,2,0.0,100.0,0.0,2,0.0,100.0,2,100.0,0.0,2,100.0,0.0,2,100.0,0.0,2,0.0,100.0,2,100.0,0.0,2,0.0,100.0,0.0,2,0.0,100.0,2,n_low,p_medium,k_high,OC_medium,pH_neutral,LIMITED
2,0,0,2,2,0,0,2,0,2,0,2,0,2,0,0,2,THENI,6344,6492fcbf680216eb6c940b0d,2026-09-02T18:08:59.149Z,2026-27,THENI,63f9c67a519359b7438dc208,2,0,0,2026-09-16T18:06:09.078Z,0,2,0,0,0,2,1,0,1,6a98663bc6fb74a8ae65b40f,Soil Health Card RKVY,660f941a5c8405ca8375c7c6,TAMIL NADU,63f9be9f519359b7438d08bb,2026-09-16T18:08:21.181Z,Govindanagaram,641102,63f9c685519359b7438dc30b,2,100.0,0.0,0.0,2,0.0,50.0,50.0,2,0.0,0.0,100.0,2,100.0,0.0,0.0,2,0.0,100.0,2,100.0,0.0,2,100.0,0.0,2,100.0,0.0,2,0.0,100.0,2,100.0,0.0,2,0.0,100.0,0.0,2,0.0,100.0,2,n_low,p_medium,k_high,OC_low,pH_neutral,LIMITED
4,0,0,4,4,0,0,4,0,4,1,0,3,4,0,0,4,THENI,6344,6492fcbf680216eb6c940b0d,2026-09-02T18:08:59.150Z,2026-27,THENI,63f9c67a519359b7438dc208,4,0,0,2026-09-16T18:06:09.078Z,0,4,0,0,0,4,1,0,3,6a98663bc6fb74a8ae65b410,Soil Health Card RKVY,660f941a5c8405ca8375c7c6,TAMIL NADU,63f9be9f519359b7438d08bb,2026-09-16T18:08:21.181Z,Upparpatty,641105,63f9c686519359b7438dc31a,4,100.0,0.0,0.0,4,0.0,75.0,25.0,4,0.0,0.0,100.0,4,0.0,75.0,25.0,4,0.0,100.0,4,100.0,0.0,4,100.0,0.0,4,100.0,0.0,4,0.0,100.0,4,100.0,0.0,4,0.0,100.0,0.0,4,0.0,100.0,4,n_low,p_medium,k_high,OC_medium,pH_neutral,LIMITED
3,1,0,4,4,0,3,1,0,4,0,4,0,4,0,0,4,THENI,6344,6492fcbf680216eb6c940b0d,2026-09-02T18:08:59.150Z,2026-27,THENI,63f9c67a519359b7438dc208,3,0,1,2026-09-16T18:06:09.078Z,0,4,0,0,0,4,0,3,1,6a98663bc6fb74a8ae65b411,Soil Health Card RKVY,660f941a5c8405ca8375c7c6,TAMIL NADU,63f9be9f519359b7438d08bb,2026-09-16T18:08:21.181Z,Veerapandi,932480,63f9c686519359b7438dc31f,4,100.0,0.0,0.0,4,75.0,25.0,0.0,4,0.0,25.0,75.0,4,100.0,0.0,0.0,4,0.0,100.0,4,25.0,75.0,4,100.0,0.0,4,100.0,0.0,4,25.0,75.0,4,100.0,0.0,4,0.0,100.0,0.0,4,0.0,100.0,4,n_low,p_low,k_high,OC_low,pH_neutral,LIMITED
1,0,0,1,1,0,1,0,1,0,0,1,0,1,0,0,1,PALLIPATTU,6350,6492fcbf680216eb6c940b21,2026-09-11T18:14:53.288Z,2026-27,THIRUVALLUR,63f9c696519359b7438dc499,1,0,0,2026-09-16T18:06:09.078Z,0,1,0,0,0,1,0,1,0,6aa4451dbe4706ff667e9537,Soil Health Card RKVY,660f941a5c8405ca8375c7c6,TAMIL NADU,63f9be9f519359b7438d08bb,2026-09-16T18:08:21.181Z,Konasamudram,628947,63f9c702519359b7438dce06,1,100.0,0.0,0.0,1,100.0,0.0,0.0,1,0.0,0.0,100.0,1,100.0,0.0,0.0,1,0.0,100.0,1,0.0,100.0,1,100.0,0.0,1,100.0,0.0,1,0.0,100.0,1,0.0,100.0,1,0.0,100.0,0.0,1,0.0,100.0,1,n_low,p_low,k_high,OC_low,pH_neutral,VERY_LIMITED
2,0,0,2,2,0,2,0,2,0,0,2,0,2,0,2,0,PALLIPATTU,6350,6492fcbf680216eb6c940b21,2026-09-11T18:14:53.288Z,2026-27,THIRUVALLUR,63f9c696519359b7438dc499,2,0,0,2026-09-16T18:06:09.078Z,0,2,0,0,0,2,0,2,0,6aa4451dbe4706ff667e9538,Soil Health Card RKVY,660f941a5c8405ca8375c7c6,TAMIL NADU,63f9be9f519359b7438d08bb,2026-09-16T18:08:21.181Z,Gollalakuppam,628945,63f9c702519359b7438dce0b,2,100.0,0.0,0.0,2,100.0,0.0,0.0,2,0.0,0.0,100.0,2,100.0,0.0,0.0,2,0.0,100.0,2,0.0,100.0,2,0.0,100.0,2,100.0,0.0,2,0.0,100.0,2,0.0,100.0,2,0.0,100.0,0.0,2,0.0,100.0,2,n_low,p_low,k_high,OC_low,pH_neutral,LIMITED
1,0,0,1,1,0,1,0,1,0,0,1,0,1,0,0,1,PALLIPATTU,6350,6492fcbf680216eb6c940b21,2026-09-11T18:14:53.288Z,2026-27,THIRUVALLUR,63f9c696519359b7438dc499,1,0,0,2026-09-16T18:06:09.078Z,0,1,0,0,0,1,0,0,1,6aa4451dbe4706ff667e9539,Soil Health Card RKVY,660f941a5c8405ca8375c7c6,TAMIL NADU,63f9be9f519359b7438d08bb,2026-09-16T18:08:21.181Z,Kodivalasa (CT),628977,63f9c703519359b7438dce1a,1,100.0,0.0,0.0,1,0.0,100.0,0.0,1,0.0,0.0,100.0,1,100.0,0.0,0.0,1,0.0,100.0,1,0.0,100.0,1,100.0,0.0,1,100.0,0.0,1,0.0,100.0,1,0.0,100.0,1,0.0,100.0,0.0,1,0.0,100.0,1,n_low,p_medium,k_high,OC_low,pH_neutral,VERY_LIMITED
10,3,0,13,13,0,13,0,13,0,0,13,0,13,0,1,12,PALLIPATTU,6350,6492fcbf680216eb6c940b21,2026-09-11T18:14:53.288Z,2026-27,THIRUVALLUR,63f9c696519359b7438dc499,13,0,0,2026-09-16T18:06:09.078Z,0,13,0,0,0,13,0,13,0,6aa4451dbe4706ff667e953a,Soil Health Card RKVY,660f941a5c8405ca8375c7c6,TAMIL NADU,63f9be9f519359b7438d08bb,2026-09-16T18:08:21.181Z,Karlambakkam,628948,63f9c703519359b7438dce1f,13,100.0,0.0,0.0,13,100.0,0.0,0.0,13,0.0,0.0,100.0,13,100.0,0.0,0.0,13,0.0,100.0,13,0.0,100.0,13,92.3076923076923,7.6923076923076925,13,100.0,0.0,13,23.076923076923077,76.92307692307693,13,0.0,100.0,13,0.0,100.0,0.0,13,0.0,100.0,13,n_low,p_low,k_high,OC_low,pH_neutral,GOOD
2,0,0,2,2,0,2,0,2,0,0,2,0,2,0,1,1,PALLIPATTU,6350,6492fcbf680216eb6c940b21,2026-09-11T18:14:53.288Z,2026-27,THIRUVALLUR,63f9c696519359b7438dc499,2,0,0,2026-09-16T18:06:09.078Z,0,2,0,0,0,2,0,0,2,6aa4451dbe4706ff667e953b,Soil Health Card RKVY,660f941a5c8405ca8375c7c6,TAMIL NADU,63f9be9f519359b7438d08bb,2026-09-16T18:08:21.181Z,Athimanjeri,628949,63f9c703519359b7438dce24,2,100.0,0.0,0.0,2,0.0,100.0,0.0,2,0.0,0.0,100.0,2,100.0,0.0,0.0,2,0.0,100.0,2,0.0,100.0,2,50.0,50.0,2,100.0,0.0,2,0.0,100.0,2,0.0,100.0,2,0.0,100.0,0.0,2,0.0,100.0,2,n_low,p_medium,k_high,OC_low,pH_neutral,LIMITED
1,0,0,1,1,0,1,0,1,0,0,1,0,1,0,1,0,PALLIPATTU,6350,6492fcbf680216eb6c940b21,2026-09-11T18:14:53.288Z,2026-27,THIRUVALLUR,63f9c696519359b7438dc499,1,0,0,2026-09-16T18:06:09.078Z,0,1,0,0,0,1,0,0,1,6aa4451dbe4706ff667e953c,Soil Health Card RKVY,660f941a5c8405ca8375c7c6,TAMIL NADU,63f9be9f519359b7438d08bb,2026-09-16T18:08:21.181Z,Veliagaram,628939,63f9c704519359b7438dce2e,1,100.0,0.0,0.0,1,0.0,100.0,0.0,1,0.0,0.0,100.0,1,100.0,0.0,0.0,1,0.0,100.0,1,0.0,100.0,1,0.0,100.0,1,100.0,0.0,1,0.0,100.0,1,0.0,100.0,1,0.0,100.0,0.0,1,0.0,100.0,1,n_low,p_medium,k_high,OC_low,pH_neutral,VERY_LIMITED
1,0,0,1,1,0,1,0,1,0,0,1,0,1,0,1,0,PALLIPATTU,6350,6492fcbf680216eb6c940b21,2026-09-11T18:14:53.288Z,2026-27,THIRUVALLUR,63f9c696519359b7438dc499,1,0,0,2026-09-16T18:06:09.078Z,0,1,0,0,0,1,0,1,0,6aa4451dbe4706ff667e953d,Soil Health Card RKVY,660f941a5c8405ca8375c7c6,TAMIL NADU,63f9be9f519359b7438d08bb,2026-09-16T18:08:21.181Z,Pettaikandigai,628951,63f9c707519359b7438dce6f,1,100.0,0.0,0.0,1,100.0,0.0,0.0,1,0.0,0.0,100.0,1,100.0,0.0,0.0,1,0.0,100.0,1,0.0,100.0,1,0.0,100.0,1,100.0,0.0,1,0.0,100.0,1,0.0,100.0,1,0.0,100.0,0.0,1,0.0,100.0,1,n_low,p_low,k_high,OC_low,pH_neutral,VERY_LIMITED
4,0,0,4,4,0,4,0,4,0,0,4,0,4,0,1,3,PALLIPATTU,6350,6492fcbf680216eb6c940b21,2026-09-11T18:14:53.289Z,2026-27,THIRUVALLUR,63f9c696519359b7438dc499,4,0,0,2026-09-16T18:06:09.078Z,0,4,0,0,0,4,0,3,1,6aa4451dbe4706ff667e953e,Soil Health Card RKVY,660f941a5c8405ca8375c7c6,TAMIL NADU,63f9be9f519359b7438d08bb,2026-09-16T18:08:21.181Z,Thirumalrajupettai,932488,63f9c709519359b7438dce9c,4,100.0,0.0,0.0,4,75.0,25.0,0.0,4,0.0,0.0,100.0,4,100.0,0.0,0.0,4,0.0,100.0,4,0.0,100.0,4,75.0,25.0,4,100.0,0.0,4,0.0,100.0,4,0.0,100.0,4,0.0,100.0,0.0,4,0.0,100.0,4,n_low,p_low,k_high,OC_low,pH_neutral,LIMITED
1,2,0,3,3,0,3,0,1,2,0,0,3,3,0,0,3,TIRUVALLUR,6357,6492fcc0680216eb6c940b31,2026-08-31T17:56:56.035Z,2026-27,THIRUVALLUR,63f9c696519359b7438dc499,0,3,0,2026-09-16T18:06:09.078Z,0,3,0,0,0,3,0,0,3,6a95c068700f6639f4428896,Soil Health Card RKVY,660f941a5c8405ca8375c7c6,TAMIL NADU,63f9be9f519359b7438d08bb,2026-09-16T18:08:21.181Z,Nallankavanur,629047,63f9c71c519359b7438dd033,3,100.0,0.0,0.0,3,0.0,100.0,0.0,3,100.0,0.0,0.0,3,0.0,100.0,0.0,3,0.0,100.0,3,0.0,100.0,3,100.0,0.0,3,100.0,0.0,3,66.66666666666666,33.33333333333333,3,66.66666666666666,33.33333333333333,3,0.0,100.0,0.0,3,0.0,100.0,3,n_low,p_medium,k_low,OC_medium,pH_neutral,LIMITED
3,10,0,13,13,0,10,3,5,8,3,3,7,13,0,0,13,TIRUVALLUR,6357,6492fcc0680216eb6c940b31,2026-08-31T17:56:56.035Z,2026-27,THIRUVALLUR,63f9c696519359b7438dc499,0,12,1,2026-09-16T18:06:09.078Z,0,13,0,0,0,13,0,0,13,6a95c068700f6639f4428897,Soil Health Card RKVY,660f941a5c8405ca8375c7c6,TAMIL NADU,63f9be9f519359b7438d08bb,2026-09-16T18:08:21.181Z,Sivanvoyal,629046,63f9c727519359b7438dd13c,13,100.0,0.0,0.0,13,0.0,100.0,0.0,13,92.3076923076923,7.6923076923076925,0.0,13,23.076923076923077,53.84615384615385,23.076923076923077,13,0.0,100.0,13,23.076923076923077,76.92307692307693,13,100.0,0.0,13,100.0,0.0,13,76.92307692307693,23.076923076923077,13,61.53846153846154,38.46153846153847,13,0.0,100.0,0.0,13,0.0,100.0,13,n_low,p_medium,k_low,OC_medium,pH_neutral,GOOD
2,2,0,4,4,0,3,1,3,1,0,2,2,4,0,0,4,TIRUVALLUR,6357,6492fcc0680216eb6c940b31,2026-08-31T17:56:56.035Z,2026-27,THIRUVALLUR,63f9c696519359b7438dc499,0,4,0,2026-09-16T18:06:09.078Z,0,4,0,0,0,4,1,0,3,6a95c068700f6639f4428898,Soil Health Card RKVY,660f941a5c8405ca8375c7c6,TAMIL NADU,63f9be9f519359b7438d08bb,2026-09-16T18:08:21.181Z,Melakondaiyur,629022,63f9c72c519359b7438dd1a5,4,100.0,0.0,0.0,4,0.0,75.0,25.0,4,100.0,0.0,0.0,4,50.0,50.0,0.0,4,0.0,100.0,4,25.0,75.0,4,100.0,0.0,4,100.0,0.0,4,50.0,50.0,4,25.0,75.0,4,0.0,100.0,0.0,4,0.0,100.0,4,n_low,p_medium,k_low,OC_low,pH_neutral,LIMITED
5,0,2,3,5,0,5,0,5,0,0,5,0,5,0,5,0,TIRUTTANI,6356,6492fcc0680216eb6c940b33,2026-08-31T17:56:56.034Z,2026-27,THIRUVALLUR,63f9c696519359b7438dc499,5,0,0,2026-09-16T18:06:09.078Z,0,5,0,0,0,5,0,5,0,6a95c068700f6639f4428891,Soil Health Card RKVY,660f941a5c8405ca8375c7c6,TAMIL NADU,63f9be9f519359b7438d08bb,2026-09-16T18:08:21.181Z,Pattabiramapuram,628903,63f9c6f0519359b7438dcc7e,5,100.0,0.0,0.0,5,100.0,0.0,0.0,5,0.0,0.0,100.0,5,100.0,0.0,0.0,5,0.0,100.0,5,0.0,100.0,5,0.0,100.0,5,60.0,40.0,5,0.0,100.0,5,0.0,100.0,5,0.0,100.0,0.0,5,0.0,100.0,5,n_low,p_low,k_high,OC_low,pH_neutral,GOOD
2,2,0,4,4,0,4,0,4,0,0,4,0,4,0,1,3,TIRUTTANI,6356,6492fcc0680216eb6c940b33,2026-08-31T17:56:56.034Z,2026-27,THIRUVALLUR,63f9c696519359b7438dc499,4,0,0,2026-09-16T18:06:09.078Z,0,4,0,0,0,4,0,4,0,6a95c068700f6639f4428892,Soil Health Card RKVY,660f941a5c8405ca8375c7c6,TAMIL NADU,63f9be9f519359b7438d08bb,2026-09-16T18:08:21.181Z,Murukkambattu,628887,63f9c6f5519359b7438dcce2,4,100.0,0.0,0.0,4,100.0,0.0,0.0,4,0.0,0.0,100.0,4,100.0,0.0,0.0,4,0.0,100.0,4,0.0,100.0,4,75.0,25.0,4,100.0,0.0,4,50.0,50.0,4,0.0,100.0,4,0.0,100.0,0.0,4,0.0,100.0,4,n_low,p_low,k_high,OC_low,pH_neutral,LIMITED
1,3,0,4,4,0,4,0,4,0,0,4,0,4,0,4,0,TIRUTTANI,6356,6492fcc0680216eb6c940b33,2026-08-31T17:56:56.034Z,2026-27,THIRUVALLUR,63f9c696519359b7438dc499,4,0,0,2026-09-16T18:06:09.078Z,0,4,0,0,0,4,0,4,0,6a95c068700f6639f4428893,Soil Health Card RKVY,660f941a5c8405ca8375c7c6,TAMIL NADU,63f9be9f519359b7438d08bb,2026-09-16T18:08:21.181Z,Velanjeri,628889,63f9c6f5519359b7438dccec,4,100.0,0.0,0.0,4,100.0,0.0,0.0,4,0.0,0.0,100.0,4,100.0,0.0,0.0,4,0.0,100.0,4,0.0,100.0,4,0.0,100.0,4,100.0,0.0,4,75.0,25.0,4,0.0,100.0,4,0.0,100.0,0.0,4,0.0,100.0,4,n_low,p_low,k_high,OC_low,pH_neutral,LIMITED
1,0,0,1,1,0,1,0,1,0,0,1,0,1,0,1,0,TIRUTTANI,6356,6492fcc0680216eb6c940b33,2026-08-31T17:56:56.034Z,2026-27,THIRUVALLUR,63f9c696519359b7438dc499,1,0,0,2026-09-16T18:06:09.078Z,0,1,0,0,0,1,0,1,0,6a95c068700f6639f4428894,Soil Health Card RKVY,660f941a5c8405ca8375c7c6,TAMIL NADU,63f9be9f519359b7438d08bb,2026-09-16T18:08:21.181Z,Tiruttani,628916,63f9c6fa519359b7438dcd5a,1,100.0,0.0,0.0,1,100.0,0.0,0.0,1,0.0,0.0,100.0,1,100.0,0.0,0.0,1,0.0,100.0,1,0.0,100.0,1,0.0,100.0,1,100.0,0.0,1,0.0,100.0,1,0.0,100.0,1,0.0,100.0,0.0,1,0.0,100.0,1,n_low,p_low,k_high,OC_low,pH_neutral,VERY_LIMITED
2,0,0,2,2,0,2,0,2,0,0,2,0,2,0,2,0,TIRUTTANI,6356,6492fcc0680216eb6c940b33,2026-08-31T17:56:56.034Z,2026-27,THIRUVALLUR,63f9c696519359b7438dc499,2,0,0,2026-09-16T18:06:09.078Z,0,2,0,0,0,2,0,2,0,6a95c068700f6639f4428895,Soil Health Card RKVY,660f941a5c8405ca8375c7c6,TAMIL NADU,63f9be9f519359b7438d08bb,2026-09-16T18:08:21.181Z,Sathuranjaypuram,628890,63f9c6fb519359b7438dcd69,2,100.0,0.0,0.0,2,100.0,0.0,0.0,2,0.0,0.0,100.0,2,100.0,0.0,0.0,2,0.0,100.0,2,0.0,100.0,2,0.0,100.0,2,100.0,0.0,2,0.0,100.0,2,0.0,100.0,2,0.0,100.0,0.0,2,0.0,100.0,2,n_low,p_low,k_high,OC_low,pH_neutral,LIMITED
5,0,0,5,5,0,5,0,5,0,0,5,0,5,0,0,5,TIRUTTANI,6356,6492fcc0680216eb6c940b33,2026-09-11T18:14:53.288Z,2026-27,THIRUVALLUR,63f9c696519359b7438dc499,4,0,1,2026-09-16T18:06:09.078Z,0,5,0,0,0,5,0,5,0,6aa4451dbe4706ff667e9536,Soil Health Card RKVY,660f941a5c8405ca8375c7c6,TAMIL NADU,63f9be9f519359b7438d08bb,2026-09-16T18:08:21.181Z,Amirthapuram,933233,63f9c700519359b7438dcddc,5,100.0,0.0,0.0,5,100.0,0.0,0.0,5,0.0,20.0,80.0,5,100.0,0.0,0.0,5,0.0,100.0,5,0.0,100.0,5,100.0,0.0,5,100.0,0.0,5,0.0,100.0,5,0.0,100.0,5,0.0,100.0,0.0,5,0.0,100.0,5,n_low,p_low,k_high,OC_low,pH_neutral,GOOD
1,1,0,2,2,0,2,0,0,2,0,2,0,0,2,0,2,LALGUDI,6371,6492fcc1680216eb6c940b4b,2026-07-06T17:49:44.052Z,2026-27,TIRUCHIRAPPALLI,63f9c7d4519359b7438ddfbd,1,0,1,2026-09-16T18:06:09.078Z,0,2,0,0,0,2,0,2,0,6a4beab881c20c14d160e0ff,Soil Health Card RKVY,660f941a5c8405ca8375c7c6,TAMIL NADU,63f9be9f519359b7438d08bb,2026-09-16T18:08:21.181Z,Puduruthamanur,635901,63f9c817519359b7438de5dd,2,100.0,0.0,0.0,2,100.0,0.0,0.0,2,0.0,50.0,50.0,2,100.0,0.0,0.0,2,100.0,0.0,2,0.0,100.0,2,100.0,0.0,2,100.0,0.0,2,50.0,50.0,2,100.0,0.0,2,0.0,100.0,0.0,2,0.0,100.0,2,n_low,p_low,k_medium,OC_low,pH_neutral,LIMITED
2,1,0,3,3,0,3,0,0,3,0,3,0,1,2,0,3,LALGUDI,6371,6492fcc1680216eb6c940b4b,2026-07-06T17:49:43.983Z,2026-27,TIRUCHIRAPPALLI,63f9c7d4519359b7438ddfbd,1,0,2,2026-09-16T18:06:09.078Z,0,3,0,0,0,3,0,3,0,6a4beab781c20c14d160e0dd,Soil Health Card RKVY,660f941a5c8405ca8375c7c6,TAMIL NADU,63f9be9f519359b7438d08bb,2026-09-16T18:08:21.181Z,Thachankurichi,635899,63f9c818519359b7438de5e7,3,100.0,0.0,0.0,3,100.0,0.0,0.0,3,0.0,66.66666666666666,33.33333333333333,3,100.0,0.0,0.0,3,66.66666666666666,33.33333333333333,3,0.0,100.0,3,100.0,0.0,3,100.0,0.0,3,33.33333333333333,66.66666666666666,3,100.0,0.0,3,0.0,100.0,0.0,3,0.0,100.0,3,n_low,p_low,k_medium,OC_low,pH_neutral,LIMITED
2,3,0,5,5,0,0,5,0,5,0,5,0,0,5,0,5,MANACHANELLUR,6372,6492fcc1680216eb6c940b4f,2026-07-27T17:53:09.587Z,2026-27,TIRUCHIRAPPALLI,63f9c7d4519359b7438ddfbd,5,0,0,2026-09-16T18:06:09.078Z,0,5,0,0,0,5,5,0,0,6a679b05403b90c4fa25ce60,Soil Health Card RKVY,660f941a5c8405ca8375c7c6,TAMIL NADU,63f9be9f519359b7438d08bb,2026-09-16T18:08:21.181Z,Samayapuram,635855,63f9c7fe519359b7438de36a,5,100.0,0.0,0.0,5,0.0,0.0,100.0,5,0.0,0.0,100.0,5,100.0,0.0,0.0,5,100.0,0.0,5,100.0,0.0,5,100.0,0.0,5,100.0,0.0,5,60.0,40.0,5,100.0,0.0,5,0.0,100.0,0.0,5,0.0,100.0,5,n_low,p_high,k_high,OC_low,pH_neutral,GOOD
3,2,0,5,5,0,0,5,0,5,0,5,0,0,5,0,5,MANACHANELLUR,6372,6492fcc1680216eb6c940b4f,2026-07-27T17:53:09.587Z,2026-27,TIRUCHIRAPPALLI,63f9c7d4519359b7438ddfbd,5,0,0,2026-09-16T18:06:09.078Z,0,5,0,0,0,5,0,3,2,6a679b05403b90c4fa25ce61,Soil Health Card RKVY,660f941a5c8405ca8375c7c6,TAMIL NADU,63f9be9f519359b7438d08bb,2026-09-16T18:08:21.181Z,Vazhaiyur,635838,63f9c7ff519359b7438de37e,5,100.0,0.0,0.0,5,60.0,40.0,0.0,5,0.0,0.0,100.0,5,100.0,0.0,0.0,5,100.0,0.0,5,100.0,0.0,5,100.0,0.0,5,100.0,0.0,5,40.0,60.0,5,100.0,0.0,5,0.0,100.0,0.0,5,0.0,100.0,5,n_low,p_low,k_high,OC_low,pH_neutral,GOOD
1,0,0,1,1,0,0,1,0,1,0,1,0,0,1,0,1,MANACHANELLUR,6372,6492fcc1680216eb6c940b4f,2026-07-24T17:51:46.674Z,2026-27,TIRUCHIRAPPALLI,63f9c7d4519359b7438ddfbd,1,0,0,2026-09-16T18:06:09.078Z,0,1,0,0,0,1,0,0,1,6a63a6321298ca6884f97dff,Soil Health Card RKVY,660f941a5c8405ca8375c7c6,TAMIL NADU,63f9be9f519359b7438d08bb,2026-09-16T18:08:21.181Z,Valaiyur,635842,63f9c7ff519359b7438de383,1,100.0,0.0,0.0,1,0.0,100.0,0.0,1,0.0,0.0,100.0,1,100.0,0.0,0.0,1,100.0,0.0,1,100.0,0.0,1,100.0,0.0,1,100.0,0.0,1,0.0,100.0,1,100.0,0.0,1,0.0,100.0,0.0,1,0.0,100.0,1,n_low,p_medium,k_high,OC_low,pH_neutral,VERY_LIMITED
1,3,0,4,4,0,0,4,0,4,0,4,0,0,4,0,4,MANACHANELLUR,6372,6492fcc1680216eb6c940b4f,2026-07-24T17:51:46.674Z,2026-27,TIRUCHIRAPPALLI,63f9c7d4519359b7438ddfbd,3,0,1,2026-09-16T18:06:09.078Z,0,4,0,0,0,4,0,4,0,6a63a6321298ca6884f97e00,Soil Health Card RKVY,660f941a5c8405ca8375c7c6,TAMIL NADU,63f9be9f519359b7438d08bb,2026-09-16T18:08:21.181Z,Solanganallur,635862,63f9c801519359b7438de3a6,4,100.0,0.0,0.0,4,100.0,0.0,0.0,4,0.0,25.0,75.0,4,100.0,0.0,0.0,4,100.0,0.0,4,100.0,0.0,4,100.0,0.0,4,100.0,0.0,4,75.0,25.0,4,100.0,0.0,4,0.0,100.0,0.0,4,0.0,100.0,4,n_low,p_low,k_high,OC_low,pH_neutral,LIMITED
2,1,0,3,3,0,0,3,0,3,0,3,0,0,3,0,3,MANACHANELLUR,6372,6492fcc1680216eb6c940b4f,2026-07-24T17:51:46.674Z,2026-27,TIRUCHIRAPPALLI,63f9c7d4519359b7438ddfbd,3,0,0,2026-09-16T18:06:09.078Z,0,3,0,0,0,3,0,3,0,6a63a6321298ca6884f97e01,Soil Health Card RKVY,660f941a5c8405ca8375c7c6,TAMIL NADU,63f9be9f519359b7438d08bb,2026-09-16T18:08:21.181Z,Thiruvallarai,635851,63f9c802519359b7438de3c9,3,100.0,0.0,0.0,3,100.0,0.0,0.0,3,0.0,0.0,100.0,3,100.0,0.0,0.0,3,100.0,0.0,3,100.0,0.0,3,100.0,0.0,3,100.0,0.0,3,33.33333333333333,66.66666666666666,3,100.0,0.0,3,0.0,100.0,0.0,3,0.0,100.0,3,n_low,p_low,k_high,OC_low,pH_neutral,LIMITED
3,2,0,5,5,0,0,5,0,5,0,5,0,0,5,0,5,MANACHANELLUR,6372,6492fcc1680216eb6c940b4f,2026-07-27T17:53:09.587Z,2026-27,TIRUCHIRAPPALLI,63f9c7d4519359b7438ddfbd,4,0,1,2026-09-16T18:06:09.078Z,0,5,0,0,0,5,0,1,4,6a679b05403b90c4fa25ce62,Soil Health Card RKVY,660f941a5c8405ca8375c7c6,TAMIL NADU,63f9be9f519359b7438d08bb,2026-09-16T18:08:21.181Z,Irungalur,635854,63f9c803519359b7438de3dd,5,100.0,0.0,0.0,5,20.0,80.0,0.0,5,0.0,20.0,80.0,5,100.0,0.0,0.0,5,100.0,0.0,5,100.0,0.0,5,100.0,0.0,5,100.0,0.0,5,40.0,60.0,5,100.0,0.0,5,0.0,100.0,0.0,5,0.0,100.0,5,n_low,p_medium,k_high,OC_low,pH_neutral,GOOD
2,3,0,5,5,0,0,5,0,5,0,5,0,0,5,0,5,MANACHANELLUR,6372,6492fcc1680216eb6c940b4f,2026-07-24T17:51:46.674Z,2026-27,TIRUCHIRAPPALLI,63f9c7d4519359b7438ddfbd,4,0,1,2026-09-16T18:06:09.078Z,0,5,0,0,0,5,0,5,0,6a63a6321298ca6884f97e02,Soil Health Card RKVY,660f941a5c8405ca8375c7c6,TAMIL NADU,63f9be9f519359b7438d08bb,2026-09-16T18:08:21.181Z,Ayyampalayam,635852,63f9c804519359b7438de3fb,5,100.0,0.0,0.0,5,100.0,0.0,0.0,5,0.0,20.0,80.0,5,100.0,0.0,0.0,5,100.0,0.0,5,100.0,0.0,5,100.0,0.0,5,100.0,0.0,5,60.0,40.0,5,100.0,0.0,5,0.0,100.0,0.0,5,0.0,100.0,5,n_low,p_low,k_high,OC_low,pH_neutral,GOOD
0,1,0,1,1,0,0,1,0,1,0,1,0,0,1,0,1,MANACHANELLUR,6372,6492fcc1680216eb6c940b4f,2026-07-24T17:51:46.674Z,2026-27,TIRUCHIRAPPALLI,63f9c7d4519359b7438ddfbd,1,0,0,2026-09-16T18:06:09.078Z,0,1,0,0,0,1,0,1,0,6a63a6321298ca6884f97e03,Soil Health Card RKVY,660f941a5c8405ca8375c7c6,TAMIL NADU,63f9be9f519359b7438d08bb,2026-09-16T18:08:21.181Z,Siruppathur,635850,63f9c804519359b7438de400,1,100.0,0.0,0.0,1,100.0,0.0,0.0,1,0.0,0.0,100.0,1,100.0,0.0,0.0,1,100.0,0.0,1,100.0,0.0,1,100.0,0.0,1,100.0,0.0,1,100.0,0.0,1,100.0,0.0,1,0.0,100.0,0.0,1,0.0,100.0,1,n_low,p_low,k_high,OC_low,pH_neutral,VERY_LIMITED
3,2,0,5,5,0,0,5,0,5,0,5,0,0,5,0,5,MANACHANELLUR,6372,6492fcc1680216eb6c940b4f,2026-07-27T17:53:09.587Z,2026-27,TIRUCHIRAPPALLI,63f9c7d4519359b7438ddfbd,5,0,0,2026-09-16T18:06:09.078Z,0,5,0,0,0,5,0,1,4,6a679b05403b90c4fa25ce63,Soil Health Card RKVY,660f941a5c8405ca8375c7c6,TAMIL NADU,63f9be9f519359b7438d08bb,2026-09-16T18:08:21.181Z,Palaiyur,635843,63f9c805519359b7438de419,5,100.0,0.0,0.0,5,20.0,80.0,0.0,5,0.0,0.0,100.0,5,100.0,0.0,0.0,5,100.0,0.0,5,100.0,0.0,5,100.0,0.0,5,100.0,0.0,5,40.0,60.0,5,100.0,0.0,5,0.0,100.0,0.0,5,0.0,100.0,5,n_low,p_medium,k_high,OC_low,pH_neutral,GOOD
2,2,0,4,4,0,0,4,0,4,0,4,0,0,4,0,4,MANACHANELLUR,6372,6492fcc1680216eb6c940b4f,2026-07-24T17:51:46.674Z,2026-27,TIRUCHIRAPPALLI,63f9c7d4519359b7438ddfbd,4,0,0,2026-09-16T18:06:09.078Z,0,4,0,0,0,4,0,1,3,6a63a6321298ca6884f97e04,Soil Health Card RKVY,660f941a5c8405ca8375c7c6,TAMIL NADU,63f9be9f519359b7438d08bb,2026-09-16T18:08:21.181Z,Kariyamanickam,635848,63f9c805519359b7438de41e,4,100.0,0.0,0.0,4,25.0,75.0,0.0,4,0.0,0.0,100.0,4,100.0,0.0,0.0,4,100.0,0.0,4,100.0,0.0,4,100.0,0.0,4,100.0,0.0,4,50.0,50.0,4,100.0,0.0,4,0.0,100.0,0.0,4,0.0,100.0,4,n_low,p_medium,k_high,OC_low,pH_neutral,LIMITED
0,1,0,1,1,0,0,1,0,1,0,1,0,0,1,0,1,MANACHANELLUR,6372,6492fcc1680216eb6c940b4f,2026-07-24T17:51:46.674Z,2026-27,TIRUCHIRAPPALLI,63f9c7d4519359b7438ddfbd,1,0,0,2026-09-16T18:06:09.078Z,0,1,0,0,0,1,0,1,0,6a63a6321298ca6884f97e05,Soil Health Card RKVY,660f941a5c8405ca8375c7c6,TAMIL NADU,63f9be9f519359b7438d08bb,2026-09-16T18:08:21.181Z,Omandhur,635840,63f9c806519359b7438de42d,1,100.0,0.0,0.0,1,100.0,0.0,0.0,1,0.0,0.0,100.0,1,100.0,0.0,0.0,1,100.0,0.0,1,100.0,0.0,1,100.0,0.0,1,100.0,0.0,1,100.0,0.0,1,100.0,0.0,1,0.0,100.0,0.0,1,0.0,100.0,1,n_low,p_low,k_high,OC_low,pH_neutral,VERY_LIMITED
4,1,0,5,5,0,0,5,0,5,0,5,0,0,5,0,5,MANACHANELLUR,6372,6492fcc1680216eb6c940b4f,2026-07-24T17:51:46.674Z,2026-27,TIRUCHIRAPPALLI,63f9c7d4519359b7438ddfbd,4,0,1,2026-09-16T18:06:09.078Z,0,5,0,0,0,5,0,5,0,6a63a6321298ca6884f97e06,Soil Health Card RKVY,660f941a5c8405ca8375c7c6,TAMIL NADU,63f9be9f519359b7438d08bb,2026-09-16T18:08:21.181Z,Poonampalayam,635858,63f9c806519359b7438de432,5,100.0,0.0,0.0,5,100.0,0.0,0.0,5,0.0,20.0,80.0,5,100.0,0.0,0.0,5,100.0,0.0,5,100.0,0.0,5,100.0,0.0,5,100.0,0.0,5,20.0,80.0,5,100.0,0.0,5,0.0,100.0,0.0,5,0.0,100.0,5,n_low,p_low,k_high,OC_low,pH_neutral,GOOD
2,4,0,6,6,0,5,1,0,6,0,6,0,0,6,0,6,MANACHANELLUR,6372,6492fcc1680216eb6c940b4f,2026-07-24T17:51:46.674Z,2026-27,TIRUCHIRAPPALLI,63f9c7d4519359b7438ddfbd,6,0,0,2026-09-16T18:06:09.078Z,0,6,0,0,0,6,5,1,0,6a63a6321298ca6884f97e07,Soil Health Card RKVY,660f941a5c8405ca8375c7c6,TAMIL NADU,63f9be9f519359b7438d08bb,2026-09-16T18:08:21.181Z,MANACHANALLUR,933161,63f9c806519359b7438de437,6,100.0,0.0,0.0,6,16.666666666666664,0.0,83.33333333333334,6,0.0,0.0,100.0,6,100.0,0.0,0.0,6,100.0,0.0,6,16.666666666666664,83.33333333333334,6,100.0,0.0,6,100.0,0.0,6,66.66666666666666,33.33333333333333,6,100.0,0.0,6,0.0,100.0,0.0,6,0.0,100.0,6,n_low,p_high,k_high,OC_low,pH_neutral,GOOD
3,2,0,5,5,0,0,5,0,5,0,5,0,0,5,0,5,TATTAYYANGARPETTAI,6378,6492fcc1680216eb6c940b59,2026-08-07T17:53:16.292Z,2026-27,TIRUCHIRAPPALLI,63f9c7d4519359b7438ddfbd,2,0,3,2026-09-16T18:06:09.078Z,0,5,0,0,0,5,0,3,2,6a761b8ca28634dc2cc140a8,Soil Health Card RKVY,660f941a5c8405ca8375c7c6,TAMIL NADU,63f9be9f519359b7438d08bb,2026-09-16T18:08:21.181Z,Thumbalam,635726,63f9c7db519359b7438de05f,5,100.0,0.0,0.0,5,60.0,40.0,0.0,5,0.0,60.0,40.0,5,100.0,0.0,0.0,5,100.0,0.0,5,100.0,0.0,5,100.0,0.0,5,100.0,0.0,5,40.0,60.0,5,100.0,0.0,5,0.0,100.0,0.0,5,0.0,100.0,5,n_low,p_low,k_medium,OC_low,pH_neutral,GOOD
1,3,0,4,4,0,4,0,0,4,0,4,0,0,4,0,4,TATTAYYANGARPETTAI,6378,6492fcc1680216eb6c940b59,2026-08-13T17:49:12.657Z,2026-27,TIRUCHIRAPPALLI,63f9c7d4519359b7438ddfbd,4,0,0,2026-09-16T18:06:09.078Z,0,4,0,0,1,3,0,2,2,6a7e03985649bb3abb470b81,Soil Health Card RKVY,660f941a5c8405ca8375c7c6,TAMIL NADU,63f9be9f519359b7438d08bb,2026-09-16T18:08:21.181Z,Valavandhi East,635724,63f9c7db519359b7438de069,4,100.0,0.0,0.0,4,50.0,50.0,0.0,4,0.0,0.0,100.0,4,100.0,0.0,0.0,4,100.0,0.0,4,0.0,100.0,4,100.0,0.0,4,100.0,0.0,4,75.0,25.0,4,100.0,0.0,4,0.0,75.0,25.0,4,0.0,100.0,4,n_low,p_low,k_high,OC_low,pH_neutral,LIMITED
8,5,0,13,13,0,8,5,0,13,0,13,0,0,13,0,13,TATTAYYANGARPETTAI,6378,6492fcc1680216eb6c940b59,2026-08-13T17:49:12.657Z,2026-27,TIRUCHIRAPPALLI,63f9c7d4519359b7438ddfbd,11,0,2,2026-09-16T18:06:09.078Z,0,13,0,0,1,12,0,6,7,6a7e03985649bb3abb470b82,Soil Health Card RKVY,660f941a5c8405ca8375c7c6,TAMIL NADU,63f9be9f519359b7438d08bb,2026-09-16T18:08:21.181Z,Poolancheri,635707,63f9c7dc519359b7438de073,13,100.0,0.0,0.0,13,46.15384615384615,53.84615384615385,0.0,13,0.0,15.384615384615385,84.61538461538461,13,100.0,0.0,0.0,13,100.0,0.0,13,38.46153846153847,61.53846153846154,13,100.0,0.0,13,100.0,0.0,13,38.46153846153847,61.53846153846154,13,100.0,0.0,13,0.0,92.3076923076923,7.6923076923076925,13,0.0,100.0,13,n_low,p_medium,k_high,OC_low,pH_neutral,GOOD
2,3,0,5,5,0,0,5,0,5,0,5,0,0,5,0,5,TATTAYYANGARPETTAI,6378,6492fcc1680216eb6c940b59,2026-08-05T17:46:06.107Z,2026-27,TIRUCHIRAPPALLI,63f9c7d4519359b7438ddfbd,4,0,1,2026-09-16T18:06:09.078Z,0,5,0,0,0,5,0,4,1,6a7376deabd36e5d4e77ba34,Soil Health Card RKVY,660f941a5c8405ca8375c7c6,TAMIL NADU,63f9be9f519359b7438d08bb,2026-09-16T18:08:21.181Z,M.Pudupatti West,635729,63f9c7e4519359b7438de118,5,100.0,0.0,0.0,5,80.0,20.0,0.0,5,0.0,20.0,80.0,5,100.0,0.0,0.0,5,100.0,0.0,5,100.0,0.0,5,100.0,0.0,5,100.0,0.0,5,60.0,40.0,5,100.0,0.0,5,0.0,100.0,0.0,5,0.0,100.0,5,n_low,p_low,k_high,OC_low,pH_neutral,GOOD
7,9,0,16,16,0,11,5,0,16,0,16,0,0,16,0,16,TATTAYYANGARPETTAI,6378,6492fcc1680216eb6c940b59,2026-08-13T17:49:12.657Z,2026-27,TIRUCHIRAPPALLI,63f9c7d4519359b7438ddfbd,9,0,7,2026-09-16T18:06:09.078Z,0,16,0,0,4,12,0,5,11,6a7e03985649bb3abb470b83,Soil Health Card RKVY,660f941a5c8405ca8375c7c6,TAMIL NADU,63f9be9f519359b7438d08bb,2026-09-16T18:08:21.181Z,Anjalam,635700,63f9c7e7519359b7438de15e,16,100.0,0.0,0.0,16,31.25,68.75,0.0,16,0.0,43.75,56.25,16,100.0,0.0,0.0,16,100.0,0.0,16,31.25,68.75,16,100.0,0.0,16,100.0,0.0,16,56.25,43.75,16,100.0,0.0,16,0.0,75.0,25.0,16,0.0,100.0,16,n_low,p_medium,k_high,OC_low,pH_neutral,GOOD
2,2,0,4,4,0,0,4,0,4,0,4,0,0,4,0,4,THIRUVERAMBUR,6379,6492fcc2680216eb6c940b5f,2026-08-31T17:56:56.036Z,2026-27,TIRUCHIRAPPALLI,63f9c7d4519359b7438ddfbd,4,0,0,2026-09-16T18:06:09.078Z,0,4,0,0,0,4,4,0,0,6a95c068700f6639f4428899,Soil Health Card RKVY,660f941a5c8405ca8375c7c6,TAMIL NADU,63f9be9f519359b7438d08bb,2026-09-16T18:08:21.181Z,THIRUVERAMBUR,933066,63f9c82a519359b7438de7a5,4,100.0,0.0,0.0,4,0.0,0.0,100.0,4,0.0,0.0,100.0,4,100.0,0.0,0.0,4,100.0,0.0,4,100.0,0.0,4,100.0,0.0,4,100.0,0.0,4,50.0,50.0,4,100.0,0.0,4,0.0,100.0,0.0,4,0.0,100.0,4,n_low,p_high,k_high,OC_low,pH_neutral,LIMITED
5,3,0,8,7,1,0,8,0,8,0,8,0,0,8,0,8,THIRUVERAMBUR,6379,6492fcc2680216eb6c940b5f,2026-08-31T17:56:56.036Z,2026-27,TIRUCHIRAPPALLI,63f9c7d4519359b7438ddfbd,8,0,0,2026-09-16T18:06:09.078Z,0,8,0,0,0,8,8,0,0,6a95c068700f6639f442889a,Soil Health Card RKVY,660f941a5c8405ca8375c7c6,TAMIL NADU,63f9be9f519359b7438d08bb,2026-09-16T18:08:21.181Z,THENERIPATTI,933039,63f9c82a519359b7438de7af,8,100.0,0.0,0.0,8,0.0,0.0,100.0,8,0.0,0.0,100.0,8,100.0,0.0,0.0,8,100.0,0.0,8,100.0,0.0,8,100.0,0.0,8,100.0,0.0,8,37.5,62.5,8,100.0,0.0,8,0.0,100.0,0.0,8,12.5,87.5,8,n_low,p_high,k_high,OC_low,pH_neutral,GOOD
1,3,0,4,3,1,0,4,0,4,0,4,0,0,4,0,4,THIRUVERAMBUR,6379,6492fcc2680216eb6c940b5f,2026-08-31T17:56:56.036Z,2026-27,TIRUCHIRAPPALLI,63f9c7d4519359b7438ddfbd,4,0,0,2026-09-16T18:06:09.078Z,0,4,0,0,0,4,4,0,0,6a95c068700f6639f442889b,Soil Health Card RKVY,660f941a5c8405ca8375c7c6,TAMIL NADU,63f9be9f519359b7438d08bb,2026-09-16T18:08:21.181Z,Asur,636027,63f9c82c519359b7438de7d2,4,100.0,0.0,0.0,4,0.0,0.0,100.0,4,0.0,0.0,100.0,4,100.0,0.0,0.0,4,100.0,0.0,4,100.0,0.0,4,100.0,0.0,4,100.0,0.0,4,75.0,25.0,4,100.0,0.0,4,0.0,100.0,0.0,4,25.0,75.0,4,n_low,p_high,k_high,OC_low,pH_neutral,LIMITED
3,1,0,4,2,2,0,4,0,4,0,4,0,0,4,0,4,THIRUVERAMBUR,6379,6492fcc2680216eb6c940b5f,2026-08-31T17:56:56.037Z,2026-27,TIRUCHIRAPPALLI,63f9c7d4519359b7438ddfbd,4,0,0,2026-09-16T18:06:09.078Z,0,4,0,0,0,4,4,0,0,6a95c068700f6639f442889c,Soil Health Card RKVY,660f941a5c8405ca8375c7c6,TAMIL NADU,63f9be9f519359b7438d08bb,2026-09-16T18:08:21.181Z,Tirunedunkulam,636026,63f9c82c519359b7438de7d7,4,100.0,0.0,0.0,4,0.0,0.0,100.0,4,0.0,0.0,100.0,4,100.0,0.0,0.0,4,100.0,0.0,4,100.0,0.0,4,100.0,0.0,4,100.0,0.0,4,25.0,75.0,4,100.0,0.0,4,0.0,100.0,0.0,4,50.0,50.0,4,n_low,p_high,k_high,OC_low,pH_neutral,LIMITED
1,3,0,4,4,0,0,4,0,4,0,4,0,0,4,0,4,THIRUVERAMBUR,6379,6492fcc2680216eb6c940b5f,2026-08-31T17:56:56.037Z,2026-27,TIRUCHIRAPPALLI,63f9c7d4519359b7438ddfbd,4,0,0,2026-09-16T18:06:09.078Z,0,4,0,0,0,4,4,0,0,6a95c068700f6639f442889d,Soil Health Card RKVY,660f941a5c8405ca8375c7c6,TAMIL NADU,63f9be9f519359b7438d08bb,2026-09-16T18:08:21.181Z,Pathalapattai,636022,63f9c82c519359b7438de7dc,4,100.0,0.0,0.0,4,0.0,0.0,100.0,4,0.0,0.0,100.0,4,100.0,0.0,0.0,4,100.0,0.0,4,100.0,0.0,4,100.0,0.0,4,100.0,0.0,4,75.0,25.0,4,100.0,0.0,4,0.0,100.0,0.0,4,0.0,100.0,4,n_low,p_high,k_high,OC_low,pH_neutral,LIMITED
2,1,0,3,3,0,0,3,0,3,0,3,0,0,3,0,3,THIRUVERAMBUR,6379,6492fcc2680216eb6c940b5f,2026-08-31T17:56:56.037Z,2026-27,TIRUCHIRAPPALLI,63f9c7d4519359b7438ddfbd,3,0,0,2026-09-16T18:06:09.078Z,0,3,0,0,0,3,3,0,0,6a95c068700f6639f442889e,Soil Health Card RKVY,660f941a5c8405ca8375c7c6,TAMIL NADU,63f9be9f519359b7438d08bb,2026-09-16T18:08:21.181Z,Gundur,636030,63f9c82e519359b7438de80e,3,100.0,0.0,0.0,3,0.0,0.0,100.0,3,0.0,0.0,100.0,3,100.0,0.0,0.0,3,100.0,0.0,3,100.0,0.0,3,100.0,0.0,3,100.0,0.0,3,33.33333333333333,66.66666666666666,3,100.0,0.0,3,0.0,100.0,0.0,3,0.0,100.0,3,n_low,p_high,k_high,OC_low,pH_neutral,LIMITED
4,2,0,6,6,0,0,6,0,6,0,6,0,0,6,0,6,THIRUVERAMBUR,6379,6492fcc2680216eb6c940b5f,2026-08-31T17:56:56.037Z,2026-27,TIRUCHIRAPPALLI,63f9c7d4519359b7438ddfbd,6,0,0,2026-09-16T18:06:09.078Z,0,6,0,0,0,6,6,0,0,6a95c068700f6639f442889f,Soil Health Card RKVY,660f941a5c8405ca8375c7c6,TAMIL NADU,63f9be9f519359b7438d08bb,2026-09-16T18:08:21.181Z,Kilakurichy,636023,63f9c82f519359b7438de818,6,100.0,0.0,0.0,6,0.0,0.0,100.0,6,0.0,0.0,100.0,6,100.0,0.0,0.0,6,100.0,0.0,6,100.0,0.0,6,100.0,0.0,6,100.0,0.0,6,33.33333333333333,66.66666666666666,6,100.0,0.0,6,0.0,100.0,0.0,6,0.0,100.0,6,n_low,p_high,k_high,OC_low,pH_neutral,GOOD
5,3,0,8,8,0,8,0,0,8,0,8,0,0,8,0,8,THOTTIAM,6380,6492fcc2680216eb6c940b61,2026-07-17T17:55:54.943Z,2026-27,TIRUCHIRAPPALLI,63f9c7d4519359b7438ddfbd,8,0,0,2026-09-16T18:06:09.078Z,0,8,0,0,0,8,0,5,3,6a5a6caa7c9d19164615050f,Soil Health Card RKVY,660f941a5c8405ca8375c7c6,TAMIL NADU,63f9be9f519359b7438d08bb,2026-09-16T18:08:21.181Z,Kolakudi,635673,63f9c7d5519359b7438ddfd6,8,100.0,0.0,0.0,8,62.5,37.5,0.0,8,0.0,0.0,100.0,8,100.0,0.0,0.0,8,100.0,0.0,8,0.0,100.0,8,100.0,0.0,8,100.0,0.0,8,37.5,62.5,8,100.0,0.0,8,0.0,100.0,0.0,8,0.0,100.0,8,n_low,p_low,k_high,OC_low,pH_neutral,GOOD
4,6,0,10,10,0,0,10,0,10,0,10,0,0,10,0,10,THOTTIAM,6380,6492fcc2680216eb6c940b61,2026-07-17T17:55:54.944Z,2026-27,TIRUCHIRAPPALLI,63f9c7d4519359b7438ddfbd,10,0,0,2026-09-16T18:06:09.078Z,0,10,0,0,0,10,0,10,0,6a5a6caa7c9d191646150510,Soil Health Card RKVY,660f941a5c8405ca8375c7c6,TAMIL NADU,63f9be9f519359b7438d08bb,2026-09-16T18:08:21.181Z,Nagayanallur,635675,63f9c7d5519359b7438ddfdb,10,100.0,0.0,0.0,10,100.0,0.0,0.0,10,0.0,0.0,100.0,10,100.0,0.0,0.0,10,100.0,0.0,10,100.0,0.0,10,100.0,0.0,10,100.0,0.0,10,60.0,40.0,10,100.0,0.0,10,0.0,100.0,0.0,10,0.0,100.0,10,n_low,p_low,k_high,OC_low,pH_neutral,GOOD
2,0,0,2,2,0,2,0,0,2,0,2,0,0,2,0,2,THOTTIAM,6380,6492fcc2680216eb6c940b61,2026-07-31T17:49:49.111Z,2026-27,TIRUCHIRAPPALLI,63f9c7d4519359b7438ddfbd,1,0,1,2026-09-16T18:06:09.078Z,0,2,0,0,0,2,0,2,0,6a6ce03d99b8fb675a4e724e,Soil Health Card RKVY,660f941a5c8405ca8375c7c6,TAMIL NADU,63f9be9f519359b7438d08bb,2026-09-16T18:08:21.181Z,Natham,635684,63f9c7d5519359b7438ddfe0,2,100.0,0.0,0.0,2,100.0,0.0,0.0,2,0.0,50.0,50.0,2,100.0,0.0,0.0,2,100.0,0.0,2,0.0,100.0,2,100.0,0.0,2,100.0,0.0,2,0.0,100.0,2,100.0,0.0,2,0.0,100.0,0.0,2,0.0,100.0,2,n_low,p_low,k_medium,OC_low,pH_neutral,LIMITED
4,2,0,6,6,0,6,0,0,6,0,6,0,0,6,0,6,THOTTIAM,6380,6492fcc2680216eb6c940b61,2026-07-31T17:49:49.111Z,2026-27,TIRUCHIRAPPALLI,63f9c7d4519359b7438ddfbd,5,0,1,2026-09-16T18:06:09.078Z,0,6,0,0,0,6,0,4,2,6a6ce03d99b8fb675a4e724f,Soil Health Card RKVY,660f941a5c8405ca8375c7c6,TAMIL NADU,63f9be9f519359b7438d08bb,2026-09-16T18:08:21.181Z,Kaduvetti,635683,63f9c7d7519359b7438de00d,6,100.0,0.0,0.0,6,66.66666666666666,33.33333333333333,0.0,6,0.0,16.666666666666664,83.33333333333334,6,100.0,0.0,0.0,6,100.0,0.0,6,0.0,100.0,6,100.0,0.0,6,100.0,0.0,6,33.33333333333333,66.66666666666666,6,100.0,0.0,6,0.0,100.0,0.0,6,0.0,100.0,6,n_low,p_low,k_high,OC_low,pH_neutral,GOOD
2,0,0,2,2,0,0,2,0,2,0,2,0,0,2,0,2,THOTTIAM,6380,6492fcc2680216eb6c940b61,2026-08-03T17:49:24.437Z,2026-27,TIRUCHIRAPPALLI,63f9c7d4519359b7438ddfbd,2,0,0,2026-09-16T18:06:09.078Z,0,2,0,0,0,2,0,1,1,6a70d4a49922d3c3a0c03c3c,Soil Health Card RKVY,660f941a5c8405ca8375c7c6,TAMIL NADU,63f9be9f519359b7438d08bb,2026-09-16T18:08:21.181Z,Arangoor,635671,63f9c7d8519359b7438de021,2,100.0,0.0,0.0,2,50.0,50.0,0.0,2,0.0,0.0,100.0,2,100.0,0.0,0.0,2,100.0,0.0,2,100.0,0.0,2,100.0,0.0,2,100.0,0.0,2,0.0,100.0,2,100.0,0.0,2,0.0,100.0,0.0,2,0.0,100.0,2,n_low,p_low,k_high,OC_low,pH_neutral,LIMITED
5,2,0,7,7,0,0,7,0,7,0,7,0,0,7,0,7,THOTTIAM,6380,6492fcc2680216eb6c940b61,2026-07-21T17:49:16.836Z,2026-27,TIRUCHIRAPPALLI,63f9c7d4519359b7438ddfbd,7,0,0,2026-09-16T18:06:09.078Z,0,7,0,0,3,4,0,7,0,6a5fb11c86012d52ad4c7421,Soil Health Card RKVY,660f941a5c8405ca8375c7c6,TAMIL NADU,63f9be9f519359b7438d08bb,2026-09-16T18:08:21.181Z,Appanallur,635672,63f9c7d9519359b7438de026,7,100.0,0.0,0.0,7,100.0,0.0,0.0,7,0.0,0.0,100.0,7,100.0,0.0,0.0,7,100.0,0.0,7,100.0,0.0,7,100.0,0.0,7,100.0,0.0,7,28.57142857142857,71.42857142857143,7,100.0,0.0,7,0.0,57.14285714285714,42.857142857142854,7,0.0,100.0,7,n_low,p_low,k_high,OC_low,pH_neutral,GOOD
4,4,0,8,8,0,0,8,0,8,0,8,0,0,8,0,8,THOTTIAM,6380,6492fcc2680216eb6c940b61,2026-08-03T17:49:24.437Z,2026-27,TIRUCHIRAPPALLI,63f9c7d4519359b7438ddfbd,8,0,0,2026-09-16T18:06:09.078Z,0,8,0,0,0,8,0,5,3,6a70d4a49922d3c3a0c03c3d,Soil Health Card RKVY,660f941a5c8405ca8375c7c6,TAMIL NADU,63f9be9f519359b7438d08bb,2026-09-16T18:08:21.181Z,Tholurpatti,635674,63f9c7d9519359b7438de03a,8,100.0,0.0,0.0,8,62.5,37.5,0.0,8,0.0,0.0,100.0,8,100.0,0.0,0.0,8,100.0,0.0,8,100.0,0.0,8,100.0,0.0,8,100.0,0.0,8,50.0,50.0,8,100.0,0.0,8,0.0,100.0,0.0,8,0.0,100.0,8,n_low,p_low,k_high,OC_low,pH_neutral,GOOD
6,4,0,10,10,0,1,9,0,10,0,10,0,0,10,0,10,TURAIYUR,6381,6492fcc2680216eb6c940b63,2026-07-06T17:49:43.848Z,2026-27,TIRUCHIRAPPALLI,63f9c7d4519359b7438ddfbd,10,0,0,2026-09-16T18:06:09.078Z,0,10,0,0,9,1,0,9,1,6a4beab781c20c14d160e09f,Soil Health Card RKVY,660f941a5c8405ca8375c7c6,TAMIL NADU,63f9be9f519359b7438d08bb,2026-09-16T18:08:21.181Z,Veeramachanpatti,635803,63f9c7f0519359b7438de21e,10,100.0,0.0,0.0,10,90.0,10.0,0.0,10,0.0,0.0,100.0,10,100.0,0.0,0.0,10,100.0,0.0,10,90.0,10.0,10,100.0,0.0,10,100.0,0.0,10,40.0,60.0,10,100.0,0.0,10,0.0,10.0,90.0,10,0.0,100.0,10,n_low,p_low,k_high,OC_low,pH_alkaline,GOOD
18,7,0,25,25,0,0,25,0,25,0,0,25,14,11,0,25,AMBASAMUDRAM,6385,6492fcc2680216eb6c940b67,2026-08-06T17:51:23.191Z,2026-27,TIRUNELVELI,63f9c84c519359b7438deaa7,20,0,5,2026-09-16T18:06:09.078Z,0,25,0,0,0,25,21,0,4,6a74c99bcb17f79fd1c8b480,Soil Health Card RKVY,660f941a5c8405ca8375c7c6,TAMIL NADU,63f9be9f519359b7438d08bb,2026-09-16T18:08:21.181Z,Vagaikulam,642965,63f9c867519359b7438decf7,25,100.0,0.0,0.0,25,0.0,16.0,84.0,25,0.0,20.0,80.0,25,0.0,100.0,0.0,25,44.0,56.00000000000001,25,100.0,0.0,25,100.0,0.0,25,100.0,0.0,25,28.000000000000004,72.0,25,100.0,0.0,25,0.0,100.0,0.0,25,0.0,100.0,25,n_low,p_high,k_high,OC_medium,pH_neutral,GOOD
12,13,0,25,25,0,0,25,0,25,0,0,25,0,25,0,25,AMBASAMUDRAM,6385,6492fcc2680216eb6c940b67,2026-08-11T17:54:25.144Z,2026-27,TIRUNELVELI,63f9c84c519359b7438deaa7,22,0,3,2026-09-16T18:06:09.078Z,0,25,0,0,0,25,11,5,9,6a7b61d11def2707e2a7d631,Soil Health Card RKVY,660f941a5c8405ca8375c7c6,TAMIL NADU,63f9be9f519359b7438d08bb,2026-09-16T18:08:21.181Z,Mela Ambasamudram,932683,63f9c86d519359b7438ded80,25,100.0,0.0,0.0,25,20.0,36.0,44.0,25,0.0,12.0,88.0,25,0.0,100.0,0.0,25,100.0,0.0,25,100.0,0.0,25,100.0,0.0,25,100.0,0.0,25,52.0,48.0,25,100.0,0.0,25,0.0,100.0,0.0,25,0.0,100.0,25,n_low,p_high,k_high,OC_medium,pH_neutral,GOOD
25,0,0,25,25,0,0,25,0,25,0,0,25,0,25,0,25,AMBASAMUDRAM,6385,6492fcc2680216eb6c940b67,2026-08-17T17:52:49.843Z,2026-27,TIRUNELVELI,63f9c84c519359b7438deaa7,1,0,24,2026-09-16T18:06:09.078Z,0,25,0,0,0,25,1,6,18,6a834a71f6e224ac5e5eab13,Soil Health Card RKVY,660f941a5c8405ca8375c7c6,TAMIL NADU,63f9be9f519359b7438d08bb,2026-09-16T18:08:21.181Z,Sattupattu,642956,63f9c86e519359b7438ded9e,25,100.0,0.0,0.0,25,24.0,72.0,4.0,25,0.0,96.0,4.0,25,0.0,100.0,0.0,25,100.0,0.0,25,100.0,0.0,25,100.0,0.0,25,100.0,0.0,25,0.0,100.0,25,100.0,0.0,25,0.0,100.0,0.0,25,0.0,100.0,25,n_low,p_medium,k_medium,OC_medium,pH_neutral,GOOD
43,2,0,45,45,0,1,44,0,45,0,0,45,6,39,0,45,PAPPAKUDI,6396,6492fcc2680216eb6c940b69,2026-08-24T17:50:38.311Z,2026-27,TIRUNELVELI,63f9c84c519359b7438deaa7,45,0,0,2026-09-16T18:06:09.078Z,0,45,0,0,0,45,45,0,0,6a8c846e2ce21ef285530e16,Soil Health Card RKVY,660f941a5c8405ca8375c7c6,TAMIL NADU,63f9be9f519359b7438d08bb,2026-09-16T18:08:21.181Z,Pallakkal,642959,63f9c86f519359b7438dedbc,45,100.0,0.0,0.0,45,0.0,0.0,100.0,45,0.0,0.0,100.0,45,0.0,100.0,0.0,45,86.66666666666667,13.333333333333334,45,97.77777777777777,2.2222222222222223,45,100.0,0.0,45,100.0,0.0,45,4.444444444444445,95.55555555555556,45,100.0,0.0,45,0.0,100.0,0.0,45,0.0,100.0,45,n_low,p_high,k_high,OC_medium,pH_neutral,GOOD
0,30,0,30,30,0,0,30,0,30,4,0,26,8,22,0,30,PAPPAKUDI,6396,6492fcc2680216eb6c940b69,2026-09-02T18:08:59.154Z,2026-27,TIRUNELVELI,63f9c84c519359b7438deaa7,1,0,29,2026-09-16T18:06:09.078Z,0,28,2,0,0,30,30,0,0,6a98663bc6fb74a8ae65b412,Soil Health Card RKVY,660f941a5c8405ca8375c7c6,TAMIL NADU,63f9be9f519359b7438d08bb,2026-09-16T18:08:21.181Z,Vadakku Ariyanayagipuram Part 2,933477,63f9c890519359b7438df0e4,30,93.33333333333333,6.666666666666667,0.0,30,0.0,0.0,100.0,30,0.0,96.66666666666667,3.3333333333333335,30,0.0,86.66666666666667,13.333333333333334,30,73.33333333333333,26.666666666666668,30,100.0,0.0,30,100.0,0.0,30,100.0,0.0,30,100.0,0.0,30,100.0,0.0,30,0.0,100.0,0.0,30,0.0,100.0,30,n_low,p_high,k_medium,OC_medium,pH_neutral,GOOD
13,21,0,34,29,5,2,32,0,34,0,17,17,0,34,10,24,CHERANMAHADEVI,6386,6492fcc2680216eb6c940b6b,2026-09-10T18:12:36.895Z,2026-27,TIRUNELVELI,63f9c84c519359b7438deaa7,16,2,16,2026-09-16T18:06:09.078Z,0,31,3,1,0,33,33,0,1,6aa2f314dfa3538f38d26513,Soil Health Card RKVY,660f941a5c8405ca8375c7c6,TAMIL NADU,63f9be9f519359b7438d08bb,2026-09-16T18:08:21.181Z,Thiruviruthanpulli Part 2 - ,933475,63f9c894519359b7438df13e,34,91.17647058823529,8.823529411764707,0.0,34,0.0,2.941176470588235,97.05882352941177,34,5.88235294117647,47.05882352941176,47.05882352941176,34,50.0,50.0,0.0,34,100.0,0.0,34,94.11764705882352,5.88235294117647,34,70.58823529411765,29.411764705882355,34,100.0,0.0,34,61.76470588235294,38.23529411764706,34,100.0,0.0,34,2.941176470588235,97.05882352941177,0.0,34,14.705882352941178,85.29411764705883,34,n_low,p_high,k_medium,OC_low,pH_neutral,GOOD
0,34,0,34,33,1,0,34,0,34,25,0,9,20,14,8,26,PALAYAMKOTTAI,6395,6492fcc2680216eb6c940b73,2026-07-16T17:53:27.435Z,2026-27,TIRUNELVELI,63f9c84c519359b7438deaa7,30,0,4,2026-09-16T18:06:09.078Z,0,34,0,1,0,33,34,0,0,6a591a97cd0ac15cf8209b13,Soil Health Card RKVY,660f941a5c8405ca8375c7c6,TAMIL NADU,63f9be9f519359b7438d08bb,2026-09-16T18:08:21.181Z,Avanapperi,642894,63f9c85e519359b7438dec43,34,100.0,0.0,0.0,34,0.0,0.0,100.0,34,0.0,11.76470588235294,88.23529411764706,34,0.0,26.47058823529412,73.52941176470588,34,41.17647058823529,58.82352941176471,34,100.0,0.0,34,76.47058823529412,23.52941176470588,34,100.0,0.0,34,100.0,0.0,34,100.0,0.0,34,2.941176470588235,97.05882352941177,0.0,34,2.941176470588235,97.05882352941177,34,n_low,p_high,k_high,OC_high,pH_neutral,GOOD
22,0,22,0,22,0,16,6,22,0,1,20,1,22,0,22,0,RADHAPURAM,6397,6492fcc2680216eb6c940b77,2026-08-06T17:51:23.191Z,2026-27,TIRUNELVELI,63f9c84c519359b7438deaa7,15,0,7,2026-09-16T18:06:09.078Z,0,20,2,0,19,3,0,9,13,6a74c99bcb17f79fd1c8b481,Soil Health Card RKVY,660f941a5c8405ca8375c7c6,TAMIL NADU,63f9be9f519359b7438d08bb,2026-09-16T18:08:21.181Z,Parameswarapuram,643079,63f9c883519359b7438defaf,22,90.9090909090909,9.090909090909092,0.0,22,40.909090909090914,59.09090909090909,0.0,22,0.0,31.818181818181817,68.18181818181817,22,90.9090909090909,4.545454545454546,4.545454545454546,22,0.0,100.0,22,27.27272727272727,72.72727272727273,22,0.0,100.0,22,0.0,100.0,22,0.0,100.0,22,0.0,100.0,22,0.0,13.636363636363635,86.36363636363636,22,0.0,100.0,22,n_low,p_medium,k_high,OC_low,pH_alkaline,GOOD
22,3,20,1,25,0,20,5,9,16,4,19,2,25,0,24,0,RADHAPURAM,6397,6492fcc2680216eb6c940b77,2026-07-23T17:53:21.299Z,2026-27,TIRUNELVELI,63f9c84c519359b7438deaa7,25,0,0,2026-09-16T18:06:09.078Z,0,21,4,0,3,22,5,0,20,6a6255112bfcdd291f1f162c,Soil Health Card RKVY,660f941a5c8405ca8375c7c6,TAMIL NADU,63f9be9f519359b7438d08bb,2026-09-16T18:08:21.181Z,Vijayapathi,643076,63f9c885519359b7438defd7,25,84.0,16.0,0.0,25,0.0,80.0,20.0,25,0.0,0.0,100.0,25,76.0,8.0,16.0,25,0.0,100.0,25,20.0,80.0,24,0.0,100.0,21,4.761904761904762,95.23809523809523,25,12.0,88.0,25,64.0,36.0,25,0.0,88.0,12.0,25,0.0,100.0,25,n_low,p_medium,k_high,OC_low,pH_neutral,GOOD
7,15,0,22,22,0,22,0,22,0,2,19,1,0,22,1,21,AVANASHI,6103,6492fcc3680216eb6c940b85,2026-08-21T17:49:37.065Z,2026-27,TIRUPPUR,63f9cbbc519359b7438e3ca7,22,0,0,2026-09-16T18:06:09.078Z,0,21,1,0,3,19,3,0,19,6a888fb1c4bf95656e88a78e,Soil Health Card RKVY,660f941a5c8405ca8375c7c6,TAMIL NADU,63f9be9f519359b7438d08bb,2026-09-16T18:08:21.181Z,Pongalur,644737,63f9cbd7519359b7438e3eef,22,95.45454545454545,4.545454545454546,0.0,22,0.0,86.36363636363636,13.636363636363635,22,0.0,0.0,100.0,22,86.36363636363636,4.545454545454546,9.090909090909092,22,100.0,0.0,22,0.0,100.0,22,95.45454545454545,4.545454545454546,22,100.0,0.0,22,68.18181818181817,31.818181818181817,22,0.0,100.0,22,0.0,86.36363636363636,13.636363636363635,22,0.0,100.0,22,n_low,p_medium,k_high,OC_low,pH_neutral,GOOD
4,6,0,10,10,0,10,0,9,1,0,10,0,3,7,1,9,AVANASHI,6103,6492fcc3680216eb6c940b85,2026-08-21T17:49:37.065Z,2026-27,TIRUPPUR,63f9cbbc519359b7438e3ca7,10,0,0,2026-09-16T18:06:09.078Z,0,10,0,0,0,10,0,1,9,6a888fb1c4bf95656e88a78f,Soil Health Card RKVY,660f941a5c8405ca8375c7c6,TAMIL NADU,63f9be9f519359b7438d08bb,2026-09-16T18:08:21.181Z,Alathur,644738,63f9cbd8519359b7438e3ef9,10,100.0,0.0,0.0,10,10.0,90.0,0.0,10,0.0,0.0,100.0,10,100.0,0.0,0.0,10,70.0,30.0,10,0.0,100.0,10,90.0,10.0,10,100.0,0.0,10,60.0,40.0,10,10.0,90.0,10,0.0,100.0,0.0,10,0.0,100.0,10,n_low,p_medium,k_high,OC_low,pH_neutral,GOOD
0,3,0,3,3,0,3,0,1,2,0,2,1,0,3,0,3,AVANASHI,6103,6492fcc3680216eb6c940b85,2026-08-22T17:51:19.829Z,2026-27,TIRUPPUR,63f9cbbc519359b7438e3ca7,1,0,2,2026-09-16T18:06:09.078Z,0,2,1,0,0,3,1,0,2,6a89e1973b14e122894ff713,Soil Health Card RKVY,660f941a5c8405ca8375c7c6,TAMIL NADU,63f9be9f519359b7438d08bb,2026-09-16T18:08:21.181Z,Velayudampalayam (CT),644776,63f9cbd8519359b7438e3f08,3,66.66666666666666,33.33333333333333,0.0,3,0.0,66.66666666666666,33.33333333333333,3,0.0,66.66666666666666,33.33333333333333,3,66.66666666666666,33.33333333333333,0.0,3,100.0,0.0,3,0.0,100.0,3,100.0,0.0,3,100.0,0.0,3,100.0,0.0,3,66.66666666666666,33.33333333333333,3,0.0,100.0,0.0,3,0.0,100.0,3,n_low,p_medium,k_medium,OC_low,pH_neutral,LIMITED
0,2,0,2,2,0,2,0,2,0,0,2,0,0,2,0,2,AVANASHI,6103,6492fcc3680216eb6c940b85,2026-08-22T17:51:19.829Z,2026-27,TIRUPPUR,63f9cbbc519359b7438e3ca7,2,0,0,2026-09-16T18:06:09.078Z,0,2,0,0,0,2,0,0,2,6a89e1973b14e122894ff714,Soil Health Card RKVY,660f941a5c8405ca8375c7c6,TAMIL NADU,63f9be9f519359b7438d08bb,2026-09-16T18:08:21.181Z,Sinnaripalayam,644758,63f9cbda519359b7438e3f26,2,100.0,0.0,0.0,2,0.0,100.0,0.0,2,0.0,0.0,100.0,2,100.0,0.0,0.0,2,100.0,0.0,2,0.0,100.0,2,100.0,0.0,2,100.0,0.0,2,100.0,0.0,2,0.0,100.0,2,0.0,100.0,0.0,2,0.0,100.0,2,n_low,p_medium,k_high,OC_low,pH_neutral,LIMITED
5,6,0,11,11,0,11,0,10,1,3,6,2,3,8,0,11,AVANASHI,6103,6492fcc3680216eb6c940b85,2026-08-21T17:49:37.065Z,2026-27,TIRUPPUR,63f9cbbc519359b7438e3ca7,11,0,0,2026-09-16T18:06:09.078Z,0,11,0,0,0,11,0,0,11,6a888fb1c4bf95656e88a790,Soil Health Card RKVY,660f941a5c8405ca8375c7c6,TAMIL NADU,63f9be9f519359b7438d08bb,2026-09-16T18:08:21.181Z,Muriandampalayam,644750,63f9cbdb519359b7438e3f3a,11,100.0,0.0,0.0,11,0.0,100.0,0.0,11,0.0,0.0,100.0,11,54.54545454545454,18.181818181818183,27.27272727272727,11,72.72727272727273,27.27272727272727,11,0.0,100.0,11,100.0,0.0,11,100.0,0.0,11,54.54545454545454,45.45454545454545,11,9.090909090909092,90.9090909090909,11,0.0,100.0,0.0,11,0.0,100.0,11,n_low,p_medium,k_high,OC_low,pH_neutral,GOOD
0,1,0,1,1,0,1,0,0,1,1,0,0,0,1,0,1,AVANASHI,6103,6492fcc3680216eb6c940b85,2026-08-22T17:51:19.829Z,2026-27,TIRUPPUR,63f9cbbc519359b7438e3ca7,1,0,0,2026-09-16T18:06:09.078Z,0,1,0,0,0,1,0,0,1,6a89e1973b14e122894ff715,Soil Health Card RKVY,660f941a5c8405ca8375c7c6,TAMIL NADU,63f9be9f519359b7438d08bb,2026-09-16T18:08:21.181Z,Punjaithamaraikulam,644744,63f9cbdc519359b7438e3f53,1,100.0,0.0,0.0,1,0.0,100.0,0.0,1,0.0,0.0,100.0,1,0.0,0.0,100.0,1,100.0,0.0,1,0.0,100.0,1,100.0,0.0,1,100.0,0.0,1,100.0,0.0,1,100.0,0.0,1,0.0,100.0,0.0,1,0.0,100.0,1,n_low,p_medium,k_high,OC_high,pH_neutral,VERY_LIMITED
0,8,0,8,7,1,8,0,5,3,1,6,1,1,7,0,8,AVANASHI,6103,6492fcc3680216eb6c940b85,2026-08-22T17:51:19.829Z,2026-27,TIRUPPUR,63f9cbbc519359b7438e3ca7,6,0,2,2026-09-16T18:06:09.078Z,0,7,1,0,0,8,2,0,6,6a89e1973b14e122894ff716,Soil Health Card RKVY,660f941a5c8405ca8375c7c6,TAMIL NADU,63f9be9f519359b7438d08bb,2026-09-16T18:08:21.181Z,RAKKIYAMPALAYAM,931957,63f9cbdd519359b7438e3f6c,8,87.5,12.5,0.0,8,0.0,75.0,25.0,8,0.0,25.0,75.0,8,75.0,12.5,12.5,8,87.5,12.5,8,0.0,100.0,8,100.0,0.0,8,100.0,0.0,8,100.0,0.0,8,37.5,62.5,8,0.0,100.0,0.0,8,12.5,87.5,8,n_low,p_medium,k_high,OC_low,pH_neutral,GOOD
7,16,0,23,23,0,23,0,23,0,2,20,1,0,23,2,21,AVANASHI,6103,6492fcc3680216eb6c940b85,2026-08-22T17:51:19.831Z,2026-27,TIRUPPUR,63f9cbbc519359b7438e3ca7,23,0,0,2026-09-16T18:06:09.078Z,0,21,2,0,0,23,0,0,23,6a89e1973b14e122894ff732,Soil Health Card RKVY,660f941a5c8405ca8375c7c6,TAMIL NADU,63f9be9f519359b7438d08bb,2026-09-16T18:08:21.181Z,Pudupalayam,644763,63f9cc0b519359b7438e4388,23,91.30434782608695,8.695652173913043,0.0,23,0.0,100.0,0.0,23,0.0,0.0,100.0,23,86.95652173913044,4.3478260869565215,8.695652173913043,23,100.0,0.0,23,0.0,100.0,23,91.30434782608695,8.695652173913043,23,100.0,0.0,23,69.56521739130434,30.434782608695656,23,0.0,100.0,23,0.0,100.0,0.0,23,0.0,100.0,23,n_low,p_medium,k_high,OC_low,pH_neutral,GOOD
2,1,0,3,3,0,3,0,2,1,0,3,0,0,3,0,3,UTTUKKULI,6173,6492fcc3680216eb6c940b89,2026-08-22T17:51:19.829Z,2026-27,TIRUPPUR,63f9cbbc519359b7438e3ca7,3,0,0,2026-09-16T18:06:09.078Z,0,3,0,0,0,3,0,0,3,6a89e1973b14e122894ff717,Soil Health Card RKVY,660f941a5c8405ca8375c7c6,TAMIL NADU,63f9be9f519359b7438d08bb,2026-09-16T18:08:21.181Z,Pudupalayam,644696,63f9cbdf519359b7438e3fa8,3,100.0,0.0,0.0,3,0.0,100.0,0.0,3,0.0,0.0,100.0,3,100.0,0.0,0.0,3,100.0,0.0,3,0.0,100.0,3,100.0,0.0,3,100.0,0.0,3,33.33333333333333,66.66666666666666,3,33.33333333333333,66.66666666666666,3,0.0,100.0,0.0,3,0.0,100.0,3,n_low,p_medium,k_high,OC_low,pH_neutral,LIMITED
0,3,0,3,3,0,3,0,3,0,0,3,0,0,3,0,3,UTTUKKULI,6173,6492fcc3680216eb6c940b89,2026-08-22T17:51:19.829Z,2026-27,TIRUPPUR,63f9cbbc519359b7438e3ca7,3,0,0,2026-09-16T18:06:09.078Z,0,3,0,0,0,3,0,0,3,6a89e1973b14e122894ff718,Soil Health Card RKVY,660f941a5c8405ca8375c7c6,TAMIL NADU,63f9be9f519359b7438d08bb,2026-09-16T18:08:21.181Z,RACKIYAPALAYAM,931934,63f9cc02519359b7438e42b6,3,100.0,0.0,0.0,3,0.0,100.0,0.0,3,0.0,0.0,100.0,3,100.0,0.0,0.0,3,100.0,0.0,3,0.0,100.0,3,100.0,0.0,3,100.0,0.0,3,100.0,0.0,3,0.0,100.0,3,0.0,100.0,0.0,3,0.0,100.0,3,n_low,p_medium,k_high,OC_low,pH_neutral,LIMITED
0,2,0,2,2,0,2,0,1,1,0,1,1,1,1,0,2,UTTUKKULI,6173,6492fcc3680216eb6c940b89,2026-08-22T17:51:19.829Z,2026-27,TIRUPPUR,63f9cbbc519359b7438e3ca7,2,0,0,2026-09-16T18:06:09.078Z,0,2,0,0,0,2,0,0,2,6a89e1973b14e122894ff719,Soil Health Card RKVY,660f941a5c8405ca8375c7c6,TAMIL NADU,63f9be9f519359b7438d08bb,2026-09-16T18:08:21.181Z,Velliampathy,644713,63f9cc03519359b7438e42ca,2,100.0,0.0,0.0,2,0.0,100.0,0.0,2,0.0,0.0,100.0,2,50.0,50.0,0.0,2,50.0,50.0,2,0.0,100.0,2,100.0,0.0,2,100.0,0.0,2,100.0,0.0,2,50.0,50.0,2,0.0,100.0,0.0,2,0.0,100.0,2,n_low,p_medium,k_high,OC_low,pH_neutral,LIMITED
1,0,0,1,1,0,1,0,1,0,0,0,1,0,1,0,1,UTTUKKULI,6173,6492fcc3680216eb6c940b89,2026-08-22T17:51:19.829Z,2026-27,TIRUPPUR,63f9cbbc519359b7438e3ca7,1,0,0,2026-09-16T18:06:09.078Z,0,1,0,0,0,1,0,0,1,6a89e1973b14e122894ff71a,Soil Health Card RKVY,660f941a5c8405ca8375c7c6,TAMIL NADU,63f9be9f519359b7438d08bb,2026-09-16T18:08:21.181Z,Valayapalayam,644703,63f9cc03519359b7438e42d4,1,100.0,0.0,0.0,1,0.0,100.0,0.0,1,0.0,0.0,100.0,1,0.0,100.0,0.0,1,100.0,0.0,1,0.0,100.0,1,100.0,0.0,1,100.0,0.0,1,0.0,100.0,1,0.0,100.0,1,0.0,100.0,0.0,1,0.0,100.0,1,n_low,p_medium,k_high,OC_medium,pH_neutral,VERY_LIMITED
0,6,0,6,6,0,6,0,2,4,0,6,0,0,6,0,6,UTTUKKULI,6173,6492fcc3680216eb6c940b89,2026-08-22T17:51:19.829Z,2026-27,TIRUPPUR,63f9cbbc519359b7438e3ca7,6,0,0,2026-09-16T18:06:09.078Z,0,6,0,0,0,6,1,0,5,6a89e1973b14e122894ff71b,Soil Health Card RKVY,660f941a5c8405ca8375c7c6,TAMIL NADU,63f9be9f519359b7438d08bb,2026-09-16T18:08:21.181Z,Muthampalayam,644716,63f9cc04519359b7438e42de,6,100.0,0.0,0.0,6,0.0,83.33333333333334,16.666666666666664,6,0.0,0.0,100.0,6,100.0,0.0,0.0,6,100.0,0.0,6,0.0,100.0,6,100.0,0.0,6,100.0,0.0,6,100.0,0.0,6,66.66666666666666,33.33333333333333,6,0.0,100.0,0.0,6,0.0,100.0,6,n_low,p_medium,k_high,OC_low,pH_neutral,GOOD
1,4,0,5,5,0,5,0,5,0,0,5,0,0,5,0,5,UTTUKKULI,6173,6492fcc3680216eb6c940b89,2026-08-24T17:50:38.314Z,2026-27,TIRUPPUR,63f9cbbc519359b7438e3ca7,5,0,0,2026-09-16T18:06:09.078Z,0,5,0,0,0,5,0,0,5,6a8c846e2ce21ef285530e18,Soil Health Card RKVY,660f941a5c8405ca8375c7c6,TAMIL NADU,63f9be9f519359b7438d08bb,2026-09-16T18:08:21.181Z,Agraharaperiapalayam,644731,63f9cc04519359b7438e42e3,5,100.0,0.0,0.0,5,0.0,100.0,0.0,5,0.0,0.0,100.0,5,100.0,0.0,0.0,5,100.0,0.0,5,0.0,100.0,5,100.0,0.0,5,100.0,0.0,5,80.0,20.0,5,0.0,100.0,5,0.0,100.0,0.0,5,0.0,100.0,5,n_low,p_medium,k_high,OC_low,pH_neutral,GOOD
0,3,0,3,3,0,3,0,3,0,1,1,1,0,3,2,1,UTTUKKULI,6173,6492fcc3680216eb6c940b89,2026-08-22T17:51:19.829Z,2026-27,TIRUPPUR,63f9cbbc519359b7438e3ca7,3,0,0,2026-09-16T18:06:09.078Z,0,3,0,0,1,2,0,0,3,6a89e1973b14e122894ff71c,Soil Health Card RKVY,660f941a5c8405ca8375c7c6,TAMIL NADU,63f9be9f519359b7438d08bb,2026-09-16T18:08:21.181Z,Vellaravalli (CT),644772,63f9cc04519359b7438e42f2,3,100.0,0.0,0.0,3,0.0,100.0,0.0,3,0.0,0.0,100.0,3,33.33333333333333,33.33333333333333,33.33333333333333,3,100.0,0.0,3,0.0,100.0,3,33.33333333333333,66.66666666666666,3,100.0,0.0,3,100.0,0.0,3,0.0,100.0,3,0.0,66.66666666666666,33.33333333333333,3,0.0,100.0,3,n_low,p_medium,k_high,OC_low,pH_neutral,LIMITED
0,2,0,2,2,0,2,0,2,0,0,2,0,0,2,0,2,UTTUKKULI,6173,6492fcc3680216eb6c940b89,2026-08-22T17:51:19.830Z,2026-27,TIRUPPUR,63f9cbbc519359b7438e3ca7,2,0,0,2026-09-16T18:06:09.078Z,0,2,0,0,0,2,0,0,2,6a89e1973b14e122894ff71d,Soil Health Card RKVY,660f941a5c8405ca8375c7c6,TAMIL NADU,63f9be9f519359b7438d08bb,2026-09-16T18:08:21.181Z,Vattalapathy,644712,63f9cc05519359b7438e42fc,2,100.0,0.0,0.0,2,0.0,100.0,0.0,2,0.0,0.0,100.0,2,100.0,0.0,0.0,2,100.0,0.0,2,0.0,100.0,2,100.0,0.0,2,100.0,0.0,2,100.0,0.0,2,0.0,100.0,2,0.0,100.0,0.0,2,0.0,100.0,2,n_low,p_medium,k_high,OC_low,pH_neutral,LIMITED
0,4,0,4,4,0,4,0,3,1,0,0,4,1,3,0,4,UTTUKKULI,6173,6492fcc3680216eb6c940b89,2026-08-22T17:51:19.830Z,2026-27,TIRUPPUR,63f9cbbc519359b7438e3ca7,4,0,0,2026-09-16T18:06:09.078Z,0,4,0,0,0,4,0,0,4,6a89e1973b14e122894ff71e,Soil Health Card RKVY,660f941a5c8405ca8375c7c6,TAMIL NADU,63f9be9f519359b7438d08bb,2026-09-16T18:08:21.181Z,Thenmugam Kangayapalayam,644717,63f9cc05519359b7438e4301,4,100.0,0.0,0.0,4,0.0,100.0,0.0,4,0.0,0.0,100.0,4,0.0,100.0,0.0,4,75.0,25.0,4,0.0,100.0,4,100.0,0.0,4,100.0,0.0,4,100.0,0.0,4,25.0,75.0,4,0.0,100.0,0.0,4,0.0,100.0,4,n_low,p_medium,k_high,OC_medium,pH_neutral,LIMITED
0,1,0,1,1,0,1,0,1,0,0,1,0,0,1,0,1,UTTUKKULI,6173,6492fcc3680216eb6c940b89,2026-08-22T17:51:19.830Z,2026-27,TIRUPPUR,63f9cbbc519359b7438e3ca7,1,0,0,2026-09-16T18:06:09.078Z,0,1,0,0,0,1,0,0,1,6a89e1973b14e122894ff71f,Soil Health Card RKVY,660f941a5c8405ca8375c7c6,TAMIL NADU,63f9be9f519359b7438d08bb,2026-09-16T18:08:21.181Z,Punjaithalavaipalayam,644727,63f9cc05519359b7438e4306,1,100.0,0.0,0.0,1,0.0,100.0,0.0,1,0.0,0.0,100.0,1,100.0,0.0,0.0,1,100.0,0.0,1,0.0,100.0,1,100.0,0.0,1,100.0,0.0,1,100.0,0.0,1,0.0,100.0,1,0.0,100.0,0.0,1,0.0,100.0,1,n_low,p_medium,k_high,OC_low,pH_neutral,VERY_LIMITED
2,3,0,5,5,0,5,0,5,0,0,5,0,0,5,0,5,UTTUKKULI,6173,6492fcc3680216eb6c940b89,2026-08-22T17:51:19.830Z,2026-27,TIRUPPUR,63f9cbbc519359b7438e3ca7,5,0,0,2026-09-16T18:06:09.078Z,0,5,0,0,0,5,1,0,4,6a89e1973b14e122894ff720,Soil Health Card RKVY,660f941a5c8405ca8375c7c6,TAMIL NADU,63f9be9f519359b7438d08bb,2026-09-16T18:08:21.181Z,Sengalipalayam,644719,63f9cc05519359b7438e430b,5,100.0,0.0,0.0,5,0.0,80.0,20.0,5,0.0,0.0,100.0,5,100.0,0.0,0.0,5,100.0,0.0,5,0.0,100.0,5,100.0,0.0,5,100.0,0.0,5,60.0,40.0,5,0.0,100.0,5,0.0,100.0,0.0,5,0.0,100.0,5,n_low,p_medium,k_high,OC_low,pH_neutral,GOOD
0,1,0,1,1,0,1,0,0,1,0,0,1,0,1,0,1,UTTUKKULI,6173,6492fcc3680216eb6c940b89,2026-08-22T17:51:19.830Z,2026-27,TIRUPPUR,63f9cbbc519359b7438e3ca7,1,0,0,2026-09-16T18:06:09.078Z,0,1,0,0,0,1,0,0,1,6a89e1973b14e122894ff721,Soil Health Card RKVY,660f941a5c8405ca8375c7c6,TAMIL NADU,63f9be9f519359b7438d08bb,2026-09-16T18:08:21.181Z,Puthur Pallapalayam,644726,63f9cc06519359b7438e4310,1,100.0,0.0,0.0,1,0.0,100.0,0.0,1,0.0,0.0,100.0,1,0.0,100.0,0.0,1,100.0,0.0,1,0.0,100.0,1,100.0,0.0,1,100.0,0.0,1,100.0,0.0,1,100.0,0.0,1,0.0,100.0,0.0,1,0.0,100.0,1,n_low,p_medium,k_high,OC_medium,pH_neutral,VERY_LIMITED
0,2,0,2,2,0,2,0,2,0,0,2,0,0,2,0,2,UTTUKKULI,6173,6492fcc3680216eb6c940b89,2026-08-22T17:51:19.830Z,2026-27,TIRUPPUR,63f9cbbc519359b7438e3ca7,2,0,0,2026-09-16T18:06:09.078Z,0,2,0,0,0,2,1,0,1,6a89e1973b14e122894ff722,Soil Health Card RKVY,660f941a5c8405ca8375c7c6,TAMIL NADU,63f9be9f519359b7438d08bb,2026-09-16T18:08:21.181Z,Kavuthampalayam,644720,63f9cc06519359b7438e4315,2,100.0,0.0,0.0,2,0.0,50.0,50.0,2,0.0,0.0,100.0,2,100.0,0.0,0.0,2,100.0,0.0,2,0.0,100.0,2,100.0,0.0,2,100.0,0.0,2,100.0,0.0,2,0.0,100.0,2,0.0,100.0,0.0,2,0.0,100.0,2,n_low,p_medium,k_high,OC_low,pH_neutral,LIMITED
0,2,0,2,2,0,2,0,2,0,0,2,0,0,2,0,2,UTTUKKULI,6173,6492fcc3680216eb6c940b89,2026-08-22T17:51:19.830Z,2026-27,TIRUPPUR,63f9cbbc519359b7438e3ca7,1,0,1,2026-09-16T18:06:09.078Z,0,2,0,0,0,2,0,0,2,6a89e1973b14e122894ff723,Soil Health Card RKVY,660f941a5c8405ca8375c7c6,TAMIL NADU,63f9be9f519359b7438d08bb,2026-09-16T18:08:21.181Z,Chinnagoundanvalasu,644711,63f9cc07519359b7438e4324,2,100.0,0.0,0.0,2,0.0,100.0,0.0,2,0.0,50.0,50.0,2,100.0,0.0,0.0,2,100.0,0.0,2,0.0,100.0,2,100.0,0.0,2,100.0,0.0,2,100.0,0.0,2,0.0,100.0,2,0.0,100.0,0.0,2,0.0,100.0,2,n_low,p_medium,k_medium,OC_low,pH_neutral,LIMITED
1,0,0,1,1,0,1,0,0,1,0,1,0,0,1,0,1,UTTUKKULI,6173,6492fcc3680216eb6c940b89,2026-08-22T17:51:19.830Z,2026-27,TIRUPPUR,63f9cbbc519359b7438e3ca7,1,0,0,2026-09-16T18:06:09.078Z,0,1,0,0,0,1,0,0,1,6a89e1973b14e122894ff724,Soil Health Card RKVY,660f941a5c8405ca8375c7c6,TAMIL NADU,63f9be9f519359b7438d08bb,2026-09-16T18:08:21.181Z,Sundakkampalayam,644714,63f9cc07519359b7438e4329,1,100.0,0.0,0.0,1,0.0,100.0,0.0,1,0.0,0.0,100.0,1,100.0,0.0,0.0,1,100.0,0.0,1,0.0,100.0,1,100.0,0.0,1,100.0,0.0,1,0.0,100.0,1,100.0,0.0,1,0.0,100.0,0.0,1,0.0,100.0,1,n_low,p_medium,k_high,OC_low,pH_neutral,VERY_LIMITED
2,5,0,7,7,0,7,0,7,0,4,2,1,0,7,0,7,UTTUKKULI,6173,6492fcc3680216eb6c940b89,2026-08-22T17:51:19.830Z,2026-27,TIRUPPUR,63f9cbbc519359b7438e3ca7,7,0,0,2026-09-16T18:06:09.078Z,0,7,0,0,0,7,0,0,7,6a89e1973b14e122894ff725,Soil Health Card RKVY,660f941a5c8405ca8375c7c6,TAMIL NADU,63f9be9f519359b7438d08bb,2026-09-16T18:08:21.181Z,Velampalayam,644706,63f9cc07519359b7438e432e,7,100.0,0.0,0.0,7,0.0,100.0,0.0,7,0.0,0.0,100.0,7,28.57142857142857,14.285714285714285,57.14285714285714,7,100.0,0.0,7,0.0,100.0,7,100.0,0.0,7,100.0,0.0,7,71.42857142857143,28.57142857142857,7,0.0,100.0,7,0.0,100.0,0.0,7,0.0,100.0,7,n_low,p_medium,k_high,OC_high,pH_neutral,GOOD
1,0,0,1,1,0,1,0,1,0,0,1,0,0,1,0,1,UTTUKKULI,6173,6492fcc3680216eb6c940b89,2026-08-22T17:51:19.830Z,2026-27,TIRUPPUR,63f9cbbc519359b7438e3ca7,1,0,0,2026-09-16T18:06:09.078Z,0,1,0,0,0,1,0,0,1,6a89e1973b14e122894ff726,Soil Health Card RKVY,660f941a5c8405ca8375c7c6,TAMIL NADU,63f9be9f519359b7438d08bb,2026-09-16T18:08:21.181Z,Karumanchirai,644708,63f9cc08519359b7438e433d,1,100.0,0.0,0.0,1,0.0,100.0,0.0,1,0.0,0.0,100.0,1,100.0,0.0,0.0,1,100.0,0.0,1,0.0,100.0,1,100.0,0.0,1,100.0,0.0,1,0.0,100.0,1,0.0,100.0,1,0.0,100.0,0.0,1,0.0,100.0,1,n_low,p_medium,k_high,OC_low,pH_neutral,VERY_LIMITED
0,1,0,1,1,0,1,0,1,0,0,1,0,0,1,0,1,UTTUKKULI,6173,6492fcc3680216eb6c940b89,2026-08-22T17:51:19.830Z,2026-27,TIRUPPUR,63f9cbbc519359b7438e3ca7,1,0,0,2026-09-16T18:06:09.078Z,0,1,0,0,0,1,0,0,1,6a89e1973b14e122894ff727,Soil Health Card RKVY,660f941a5c8405ca8375c7c6,TAMIL NADU,63f9be9f519359b7438d08bb,2026-09-16T18:08:21.181Z,Kavandampalayam,644730,63f9cc08519359b7438e4342,1,100.0,0.0,0.0,1,0.0,100.0,0.0,1,0.0,0.0,100.0,1,100.0,0.0,0.0,1,100.0,0.0,1,0.0,100.0,1,100.0,0.0,1,100.0,0.0,1,100.0,0.0,1,0.0,100.0,1,0.0,100.0,0.0,1,0.0,100.0,1,n_low,p_medium,k_high,OC_low,pH_neutral,VERY_LIMITED
1,0,0,1,1,0,1,0,1,0,0,1,0,0,1,0,1,UTTUKKULI,6173,6492fcc3680216eb6c940b89,2026-08-22T17:51:19.830Z,2026-27,TIRUPPUR,63f9cbbc519359b7438e3ca7,1,0,0,2026-09-16T18:06:09.078Z,0,1,0,0,0,1,0,0,1,6a89e1973b14e122894ff728,Soil Health Card RKVY,660f941a5c8405ca8375c7c6,TAMIL NADU,63f9be9f519359b7438d08bb,2026-09-16T18:08:21.181Z,Kurichi,644700,63f9cc08519359b7438e4347,1,100.0,0.0,0.0,1,0.0,100.0,0.0,1,0.0,0.0,100.0,1,100.0,0.0,0.0,1,100.0,0.0,1,0.0,100.0,1,100.0,0.0,1,100.0,0.0,1,0.0,100.0,1,0.0,100.0,1,0.0,100.0,0.0,1,0.0,100.0,1,n_low,p_medium,k_high,OC_low,pH_neutral,VERY_LIMITED
0,2,0,2,2,0,2,0,2,0,0,2,0,0,2,0,2,UTTUKKULI,6173,6492fcc3680216eb6c940b89,2026-08-22T17:51:19.830Z,2026-27,TIRUPPUR,63f9cbbc519359b7438e3ca7,2,0,0,2026-09-16T18:06:09.078Z,0,2,0,0,0,2,0,0,2,6a89e1973b14e122894ff729,Soil Health Card RKVY,660f941a5c8405ca8375c7c6,TAMIL NADU,63f9be9f519359b7438d08bb,2026-09-16T18:08:21.181Z,Mettupalayam,644697,63f9cc09519359b7438e4356,2,100.0,0.0,0.0,2,0.0,100.0,0.0,2,0.0,0.0,100.0,2,100.0,0.0,0.0,2,100.0,0.0,2,0.0,100.0,2,100.0,0.0,2,100.0,0.0,2,100.0,0.0,2,0.0,100.0,2,0.0,100.0,0.0,2,0.0,100.0,2,n_low,p_medium,k_high,OC_low,pH_neutral,LIMITED
0,1,0,1,1,0,1,0,1,0,0,1,0,0,1,0,1,UTTUKKULI,6173,6492fcc3680216eb6c940b89,2026-08-22T17:51:19.830Z,2026-27,TIRUPPUR,63f9cbbc519359b7438e3ca7,1,0,0,2026-09-16T18:06:09.078Z,0,1,0,0,0,1,0,0,1,6a89e1973b14e122894ff72a,Soil Health Card RKVY,660f941a5c8405ca8375c7c6,TAMIL NADU,63f9be9f519359b7438d08bb,2026-09-16T18:08:21.181Z,Komaragoundanpalayam,644699,63f9cc09519359b7438e435b,1,100.0,0.0,0.0,1,0.0,100.0,0.0,1,0.0,0.0,100.0,1,100.0,0.0,0.0,1,100.0,0.0,1,0.0,100.0,1,100.0,0.0,1,100.0,0.0,1,100.0,0.0,1,0.0,100.0,1,0.0,100.0,0.0,1,0.0,100.0,1,n_low,p_medium,k_high,OC_low,pH_neutral,VERY_LIMITED
2,0,0,2,2,0,2,0,1,1,0,2,0,1,1,0,2,UTTUKKULI,6173,6492fcc3680216eb6c940b89,2026-08-22T17:51:19.830Z,2026-27,TIRUPPUR,63f9cbbc519359b7438e3ca7,2,0,0,2026-09-16T18:06:09.078Z,0,2,0,0,0,2,0,0,2,6a89e1973b14e122894ff72b,Soil Health Card RKVY,660f941a5c8405ca8375c7c6,TAMIL NADU,63f9be9f519359b7438d08bb,2026-09-16T18:08:21.181Z,Nalligoundanpalayam,644698,63f9cc09519359b7438e4360,2,100.0,0.0,0.0,2,0.0,100.0,0.0,2,0.0,0.0,100.0,2,100.0,0.0,0.0,2,50.0,50.0,2,0.0,100.0,2,100.0,0.0,2,100.0,0.0,2,0.0,100.0,2,50.0,50.0,2,0.0,100.0,0.0,2,0.0,100.0,2,n_low,p_medium,k_high,OC_low,pH_neutral,LIMITED
1,3,0,4,4,0,4,0,2,2,0,0,4,0,4,0,4,UTTUKKULI,6173,6492fcc3680216eb6c940b89,2026-08-22T17:51:19.830Z,2026-27,TIRUPPUR,63f9cbbc519359b7438e3ca7,4,0,0,2026-09-16T18:06:09.078Z,0,4,0,0,0,4,0,0,4,6a89e1973b14e122894ff72c,Soil Health Card RKVY,660f941a5c8405ca8375c7c6,TAMIL NADU,63f9be9f519359b7438d08bb,2026-09-16T18:08:21.181Z,Mukasipallagoundanpalayam,644724,63f9cc0a519359b7438e436a,4,100.0,0.0,0.0,4,0.0,100.0,0.0,4,0.0,0.0,100.0,4,0.0,100.0,0.0,4,100.0,0.0,4,0.0,100.0,4,100.0,0.0,4,100.0,0.0,4,75.0,25.0,4,50.0,50.0,4,0.0,100.0,0.0,4,0.0,100.0,4,n_low,p_medium,k_high,OC_medium,pH_neutral,LIMITED
0,1,0,1,1,0,1,0,1,0,0,1,0,0,1,0,1,UTTUKKULI,6173,6492fcc3680216eb6c940b89,2026-08-22T17:51:19.830Z,2026-27,TIRUPPUR,63f9cbbc519359b7438e3ca7,1,0,0,2026-09-16T18:06:09.078Z,0,1,0,0,0,1,0,0,1,6a89e1973b14e122894ff72d,Soil Health Card RKVY,660f941a5c8405ca8375c7c6,TAMIL NADU,63f9be9f519359b7438d08bb,2026-09-16T18:08:21.181Z,Anaipalayam,644732,63f9cc0a519359b7438e436f,1,100.0,0.0,0.0,1,0.0,100.0,0.0,1,0.0,0.0,100.0,1,100.0,0.0,0.0,1,100.0,0.0,1,0.0,100.0,1,100.0,0.0,1,100.0,0.0,1,100.0,0.0,1,0.0,100.0,1,0.0,100.0,0.0,1,0.0,100.0,1,n_low,p_medium,k_high,OC_low,pH_neutral,VERY_LIMITED
0,2,0,2,2,0,2,0,2,0,0,2,0,0,2,1,1,UTTUKKULI,6173,6492fcc3680216eb6c940b89,2026-08-22T17:51:19.831Z,2026-27,TIRUPPUR,63f9cbbc519359b7438e3ca7,2,0,0,2026-09-16T18:06:09.078Z,0,2,0,0,0,2,0,0,2,6a89e1973b14e122894ff72e,Soil Health Card RKVY,660f941a5c8405ca8375c7c6,TAMIL NADU,63f9be9f519359b7438d08bb,2026-09-16T18:08:21.181Z,Reddipalayam,644728,63f9cc0a519359b7438e4374,2,100.0,0.0,0.0,2,0.0,100.0,0.0,2,0.0,0.0,100.0,2,100.0,0.0,0.0,2,100.0,0.0,2,0.0,100.0,2,50.0,50.0,2,100.0,0.0,2,100.0,0.0,2,0.0,100.0,2,0.0,100.0,0.0,2,0.0,100.0,2,n_low,p_medium,k_high,OC_low,pH_neutral,LIMITED
0,2,0,2,2,0,2,0,2,0,0,2,0,0,2,0,2,UTTUKKULI,6173,6492fcc3680216eb6c940b89,2026-08-22T17:51:19.831Z,2026-27,TIRUPPUR,63f9cbbc519359b7438e3ca7,1,0,1,2026-09-16T18:06:09.078Z,0,2,0,0,0,2,0,0,2,6a89e1973b14e122894ff72f,Soil Health Card RKVY,660f941a5c8405ca8375c7c6,TAMIL NADU,63f9be9f519359b7438d08bb,2026-09-16T18:08:21.181Z,Sircar Periapalayam (CT),644779,63f9cc0a519359b7438e4379,2,100.0,0.0,0.0,2,0.0,100.0,0.0,2,0.0,50.0,50.0,2,100.0,0.0,0.0,2,100.0,0.0,2,0.0,100.0,2,100.0,0.0,2,100.0,0.0,2,100.0,0.0,2,0.0,100.0,2,0.0,100.0,0.0,2,0.0,100.0,2,n_low,p_medium,k_medium,OC_low,pH_neutral,LIMITED
0,1,0,1,1,0,1,0,1,0,0,1,0,0,1,0,1,UTTUKKULI,6173,6492fcc3680216eb6c940b89,2026-08-22T17:51:19.831Z,2026-27,TIRUPPUR,63f9cbbc519359b7438e3ca7,1,0,0,2026-09-16T18:06:09.078Z,0,1,0,0,0,1,0,0,1,6a89e1973b14e122894ff730,Soil Health Card RKVY,660f941a5c8405ca8375c7c6,TAMIL NADU,63f9be9f519359b7438d08bb,2026-09-16T18:08:21.181Z,Morattupalayam (CT),644778,63f9cc0a519359b7438e437e,1,100.0,0.0,0.0,1,0.0,100.0,0.0,1,0.0,0.0,100.0,1,100.0,0.0,0.0,1,100.0,0.0,1,0.0,100.0,1,100.0,0.0,1,100.0,0.0,1,100.0,0.0,1,0.0,100.0,1,0.0,100.0,0.0,1,0.0,100.0,1,n_low,p_medium,k_high,OC_low,pH_neutral,VERY_LIMITED
0,2,0,2,2,0,2,0,1,1,0,2,0,0,2,0,2,UTTUKKULI,6173,6492fcc3680216eb6c940b89,2026-08-22T17:51:19.831Z,2026-27,TIRUPPUR,63f9cbbc519359b7438e3ca7,2,0,0,2026-09-16T18:06:09.078Z,0,2,0,0,0,2,0,0,2,6a89e1973b14e122894ff731,Soil Health Card RKVY,660f941a5c8405ca8375c7c6,TAMIL NADU,63f9be9f519359b7438d08bb,2026-09-16T18:08:21.181Z,Chengappalli (CT),644777,63f9cc0b519359b7438e4383,2,100.0,0.0,0.0,2,0.0,100.0,0.0,2,0.0,0.0,100.0,2,100.0,0.0,0.0,2,100.0,0.0,2,0.0,100.0,2,100.0,0.0,2,100.0,0.0,2,100.0,0.0,2,50.0,50.0,2,0.0,100.0,0.0,2,0.0,100.0,2,n_low,p_medium,k_high,OC_low,pH_neutral,LIMITED
0,1,0,1,1,0,1,0,1,0,0,1,0,0,1,0,1,UTTUKKULI,6173,6492fcc3680216eb6c940b89,2026-08-22T17:51:19.831Z,2026-27,TIRUPPUR,63f9cbbc519359b7438e3ca7,1,0,0,2026-09-16T18:06:09.078Z,0,1,0,0,0,1,0,0,1,6a89e1973b14e122894ff733,Soil Health Card RKVY,660f941a5c8405ca8375c7c6,TAMIL NADU,63f9be9f519359b7438d08bb,2026-09-16T18:08:21.181Z,Koonampatti,644722,63f9cc0b519359b7438e438d,1,100.0,0.0,0.0,1,0.0,100.0,0.0,1,0.0,0.0,100.0,1,100.0,0.0,0.0,1,100.0,0.0,1,0.0,100.0,1,100.0,0.0,1,100.0,0.0,1,100.0,0.0,1,0.0,100.0,1,0.0,100.0,0.0,1,0.0,100.0,1,n_low,p_medium,k_high,OC_low,pH_neutral,VERY_LIMITED
0,2,0,2,2,0,2,0,1,1,0,0,2,0,2,0,2,UTTUKKULI,6173,6492fcc3680216eb6c940b89,2026-08-22T17:51:19.831Z,2026-27,TIRUPPUR,63f9cbbc519359b7438e3ca7,2,0,0,2026-09-16T18:06:09.078Z,0,2,0,0,0,2,0,0,2,6a89e1973b14e122894ff734,Soil Health Card RKVY,660f941a5c8405ca8375c7c6,TAMIL NADU,63f9be9f519359b7438d08bb,2026-09-16T18:08:21.181Z,Virumandampalayam,644715,63f9cc0b519359b7438e4392,2,100.0,0.0,0.0,2,0.0,100.0,0.0,2,0.0,0.0,100.0,2,0.0,100.0,0.0,2,100.0,0.0,2,0.0,100.0,2,100.0,0.0,2,100.0,0.0,2,100.0,0.0,2,50.0,50.0,2,0.0,100.0,0.0,2,0.0,100.0,2,n_low,p_medium,k_high,OC_medium,pH_neutral,LIMITED
0,1,0,1,1,0,1,0,1,0,0,0,1,0,1,0,1,UTTUKKULI,6173,6492fcc3680216eb6c940b89,2026-08-22T17:51:19.831Z,2026-27,TIRUPPUR,63f9cbbc519359b7438e3ca7,1,0,0,2026-09-16T18:06:09.078Z,0,1,0,0,0,1,0,0,1,6a89e1973b14e122894ff735,Soil Health Card RKVY,660f941a5c8405ca8375c7c6,TAMIL NADU,63f9be9f519359b7438d08bb,2026-09-16T18:08:21.181Z,Vadamugam Kangayapalayam,644718,63f9cc0c519359b7438e4397,1,100.0,0.0,0.0,1,0.0,100.0,0.0,1,0.0,0.0,100.0,1,0.0,100.0,0.0,1,100.0,0.0,1,0.0,100.0,1,100.0,0.0,1,100.0,0.0,1,100.0,0.0,1,0.0,100.0,1,0.0,100.0,0.0,1,0.0,100.0,1,n_low,p_medium,k_high,OC_medium,pH_neutral,VERY_LIMITED
2,4,0,6,6,0,6,0,6,0,0,4,2,2,4,0,6,UTTUKKULI,6173,6492fcc3680216eb6c940b89,2026-08-22T17:51:19.831Z,2026-27,TIRUPPUR,63f9cbbc519359b7438e3ca7,6,0,0,2026-09-16T18:06:09.078Z,0,6,0,0,0,6,1,0,5,6a89e1973b14e122894ff736,Soil Health Card RKVY,660f941a5c8405ca8375c7c6,TAMIL NADU,63f9be9f519359b7438d08bb,2026-09-16T18:08:21.181Z,Sircar Kathaganni,644736,63f9cc0c519359b7438e439c,6,100.0,0.0,0.0,6,0.0,83.33333333333334,16.666666666666664,6,0.0,0.0,100.0,6,66.66666666666666,33.33333333333333,0.0,6,66.66666666666666,33.33333333333333,6,0.0,100.0,6,100.0,0.0,6,100.0,0.0,6,66.66666666666666,33.33333333333333,6,0.0,100.0,6,0.0,100.0,0.0,6,0.0,100.0,6,n_low,p_medium,k_high,OC_low,pH_neutral,GOOD
1,2,0,3,3,0,3,0,3,0,0,3,0,0,3,0,3,UTTUKKULI,6173,6492fcc3680216eb6c940b89,2026-08-22T17:51:19.831Z,2026-27,TIRUPPUR,63f9cbbc519359b7438e3ca7,3,0,0,2026-09-16T18:06:09.078Z,0,3,0,0,1,2,0,0,3,6a89e1973b14e122894ff737,Soil Health Card RKVY,660f941a5c8405ca8375c7c6,TAMIL NADU,63f9be9f519359b7438d08bb,2026-09-16T18:08:21.181Z,Ichipalayam,644735,63f9cc0c519359b7438e43a1,3,100.0,0.0,0.0,3,0.0,100.0,0.0,3,0.0,0.0,100.0,3,100.0,0.0,0.0,3,100.0,0.0,3,0.0,100.0,3,100.0,0.0,3,100.0,0.0,3,66.66666666666666,33.33333333333333,3,0.0,100.0,3,0.0,66.66666666666666,33.33333333333333,3,0.0,100.0,3,n_low,p_medium,k_high,OC_low,pH_neutral,LIMITED
1,1,0,2,2,0,2,0,2,0,0,2,0,0,2,0,2,UTTUKKULI,6173,6492fcc3680216eb6c940b89,2026-08-22T17:51:19.831Z,2026-27,TIRUPPUR,63f9cbbc519359b7438e3ca7,2,0,0,2026-09-16T18:06:09.078Z,0,2,0,0,0,2,0,0,2,6a89e1973b14e122894ff738,Soil Health Card RKVY,660f941a5c8405ca8375c7c6,TAMIL NADU,63f9be9f519359b7438d08bb,2026-09-16T18:08:21.181Z,Agrahara Kathaganni,644734,63f9cc0c519359b7438e43a6,2,100.0,0.0,0.0,2,0.0,100.0,0.0,2,0.0,0.0,100.0,2,100.0,0.0,0.0,2,100.0,0.0,2,0.0,100.0,2,100.0,0.0,2,100.0,0.0,2,50.0,50.0,2,0.0,100.0,2,0.0,100.0,0.0,2,0.0,100.0,2,n_low,p_medium,k_high,OC_low,pH_neutral,LIMITED
7,2,0,9,9,0,6,3,6,3,0,9,0,0,9,0,9,DHARAPURAM,6160,6492fcc3680216eb6c940b8b,2026-09-12T17:59:25.535Z,2026-27,TIRUPPUR,63f9cbbc519359b7438e3ca7,9,0,0,2026-09-16T18:06:09.078Z,0,9,0,0,2,7,0,7,2,6aa592fdaed4427d2640d2e0,Soil Health Card RKVY,660f941a5c8405ca8375c7c6,TAMIL NADU,63f9be9f519359b7438d08bb,2026-09-16T18:08:21.181Z,KUNDADAM,931876,63f9cbc8519359b7438e3dbc,9,100.0,0.0,0.0,9,77.77777777777779,22.22222222222222,0.0,9,0.0,0.0,100.0,9,100.0,0.0,0.0,9,100.0,0.0,9,33.33333333333333,66.66666666666666,9,100.0,0.0,9,100.0,0.0,9,22.22222222222222,77.77777777777779,9,33.33333333333333,66.66666666666666,9,0.0,77.77777777777779,22.22222222222222,9,0.0,100.0,9,n_low,p_low,k_high,OC_low,pH_neutral,GOOD
6,17,0,23,23,0,23,0,17,6,0,23,0,2,21,1,22,MULANUR,6167,6492fcc3680216eb6c940b8d,2026-08-22T17:51:19.828Z,2026-27,TIRUPPUR,63f9cbbc519359b7438e3ca7,23,0,0,2026-09-16T18:06:09.078Z,0,22,1,0,0,23,1,0,22,6a89e1973b14e122894ff710,Soil Health Card RKVY,660f941a5c8405ca8375c7c6,TAMIL NADU,63f9be9f519359b7438d08bb,2026-09-16T18:08:21.181Z,MULANUR ,931877,63f9cbc9519359b7438e3dc6,23,95.65217391304348,4.3478260869565215,0.0,23,0.0,95.65217391304348,4.3478260869565215,23,0.0,0.0,100.0,23,100.0,0.0,0.0,23,91.30434782608695,8.695652173913043,23,0.0,100.0,23,95.65217391304348,4.3478260869565215,23,100.0,0.0,23,73.91304347826086,26.08695652173913,23,26.08695652173913,73.91304347826086,23,0.0,100.0,0.0,23,0.0,100.0,23,n_low,p_medium,k_high,OC_low,pH_neutral,GOOD
7,15,0,22,22,0,22,0,22,0,1,18,3,1,21,2,20,MULANUR,6167,6492fcc3680216eb6c940b8d,2026-08-22T17:51:19.829Z,2026-27,TIRUPPUR,63f9cbbc519359b7438e3ca7,22,0,0,2026-09-16T18:06:09.078Z,0,20,2,0,0,22,0,0,22,6a89e1973b14e122894ff711,Soil Health Card RKVY,660f941a5c8405ca8375c7c6,TAMIL NADU,63f9be9f519359b7438d08bb,2026-09-16T18:08:21.181Z,Komarapalayam,644654,63f9cbcc519359b7438e3e07,22,90.9090909090909,9.090909090909092,0.0,22,0.0,100.0,0.0,22,0.0,0.0,100.0,22,81.81818181818183,13.636363636363635,4.545454545454546,22,95.45454545454545,4.545454545454546,22,0.0,100.0,22,90.9090909090909,9.090909090909092,22,100.0,0.0,22,68.18181818181817,31.818181818181817,22,0.0,100.0,22,0.0,100.0,0.0,22,0.0,100.0,22,n_low,p_medium,k_high,OC_low,pH_neutral,GOOD
8,15,0,23,23,0,23,0,22,1,4,15,4,4,19,0,23,MULANUR,6167,6492fcc3680216eb6c940b8d,2026-08-22T17:51:19.829Z,2026-27,TIRUPPUR,63f9cbbc519359b7438e3ca7,23,0,0,2026-09-16T18:06:09.078Z,0,21,2,0,0,23,1,0,22,6a89e1973b14e122894ff712,Soil Health Card RKVY,660f941a5c8405ca8375c7c6,TAMIL NADU,63f9be9f519359b7438d08bb,2026-09-16T18:08:21.181Z,Ponnivadi,644689,63f9cbd5519359b7438e3ecf,23,91.30434782608695,8.695652173913043,0.0,23,0.0,95.65217391304348,4.3478260869565215,23,0.0,0.0,100.0,23,65.21739130434783,17.391304347826086,17.391304347826086,23,82.6086956521739,17.391304347826086,23,0.0,100.0,23,100.0,0.0,23,100.0,0.0,23,65.21739130434783,34.78260869565217,23,4.3478260869565215,95.65217391304348,23,0.0,100.0,0.0,23,0.0,100.0,23,n_low,p_medium,k_high,OC_low,pH_neutral,GOOD
7,2,0,9,9,0,9,0,2,7,0,9,0,0,9,2,7,KUNDADAM,6165,6492fcc3680216eb6c940b8f,2026-09-12T17:59:25.534Z,2026-27,TIRUPPUR,63f9cbbc519359b7438e3ca7,9,0,0,2026-09-16T18:06:09.078Z,0,9,0,0,5,4,2,3,4,6aa592fdaed4427d2640d2dc,Soil Health Card RKVY,660f941a5c8405ca8375c7c6,TAMIL NADU,63f9be9f519359b7438d08bb,2026-09-16T18:08:21.181Z,Uthiyur,644631,63f9cbc2519359b7438e3d38,9,100.0,0.0,0.0,9,33.33333333333333,44.44444444444444,22.22222222222222,9,0.0,0.0,100.0,9,100.0,0.0,0.0,9,100.0,0.0,9,0.0,100.0,9,77.77777777777779,22.22222222222222,9,100.0,0.0,9,22.22222222222222,77.77777777777779,9,77.77777777777779,22.22222222222222,9,0.0,44.44444444444444,55.55555555555556,9,0.0,100.0,9,n_low,p_medium,k_high,OC_low,pH_alkaline,GOOD
6,0,0,6,6,0,6,0,5,1,0,6,0,5,1,0,6,KUNDADAM,6165,6492fcc3680216eb6c940b8f,2026-09-12T17:59:25.535Z,2026-27,TIRUPPUR,63f9cbbc519359b7438e3ca7,6,0,0,2026-09-16T18:06:09.078Z,0,6,0,0,1,5,1,1,4,6aa592fdaed4427d2640d2dd,Soil Health Card RKVY,660f941a5c8405ca8375c7c6,TAMIL NADU,63f9be9f519359b7438d08bb,2026-09-16T18:08:21.181Z,Nelali,644633,63f9cbc3519359b7438e3d42,6,100.0,0.0,0.0,6,16.666666666666664,66.66666666666666,16.666666666666664,6,0.0,0.0,100.0,6,100.0,0.0,0.0,6,16.666666666666664,83.33333333333334,6,0.0,100.0,6,100.0,0.0,6,100.0,0.0,6,0.0,100.0,6,16.666666666666664,83.33333333333334,6,0.0,83.33333333333334,16.666666666666664,6,0.0,100.0,6,n_low,p_medium,k_high,OC_low,pH_neutral,GOOD
1,0,0,1,1,0,0,1,1,0,0,1,0,0,1,0,1,KUNDADAM,6165,6492fcc3680216eb6c940b8f,2026-09-12T17:59:25.535Z,2026-27,TIRUPPUR,63f9cbbc519359b7438e3ca7,1,0,0,2026-09-16T18:06:09.078Z,0,1,0,0,1,0,0,1,0,6aa592fdaed4427d2640d2df,Soil Health Card RKVY,660f941a5c8405ca8375c7c6,TAMIL NADU,63f9be9f519359b7438d08bb,2026-09-16T18:08:21.181Z,Kokkampalayam,644634,63f9cbc7519359b7438e3da8,1,100.0,0.0,0.0,1,100.0,0.0,0.0,1,0.0,0.0,100.0,1,100.0,0.0,0.0,1,100.0,0.0,1,100.0,0.0,1,100.0,0.0,1,100.0,0.0,1,0.0,100.0,1,0.0,100.0,1,0.0,0.0,100.0,1,0.0,100.0,1,n_low,p_low,k_high,OC_low,pH_alkaline,VERY_LIMITED
7,1,0,8,8,0,5,3,2,6,0,7,1,0,8,0,8,KUNDADAM,6165,6492fcc3680216eb6c940b8f,2026-09-12T17:59:25.535Z,2026-27,TIRUPPUR,63f9cbbc519359b7438e3ca7,8,0,0,2026-09-16T18:06:09.078Z,0,8,0,0,5,3,1,2,5,6aa592fdaed4427d2640d2e1,Soil Health Card RKVY,660f941a5c8405ca8375c7c6,TAMIL NADU,63f9be9f519359b7438d08bb,2026-09-16T18:08:21.181Z,Jothiampatti,644635,63f9cbcf519359b7438e3e48,8,100.0,0.0,0.0,8,25.0,62.5,12.5,8,0.0,0.0,100.0,8,87.5,12.5,0.0,8,100.0,0.0,8,37.5,62.5,8,100.0,0.0,8,100.0,0.0,8,12.5,87.5,8,75.0,25.0,8,0.0,37.5,62.5,8,0.0,100.0,8,n_low,p_medium,k_high,OC_low,pH_alkaline,GOOD
2,0,0,2,2,0,2,0,2,0,0,2,0,1,1,1,1,KUNDADAM,6165,6492fcc3680216eb6c940b8f,2026-09-12T17:59:25.535Z,2026-27,TIRUPPUR,63f9cbbc519359b7438e3ca7,2,0,0,2026-09-16T18:06:09.078Z,0,2,0,0,1,1,0,1,1,6aa592fdaed4427d2640d2e2,Soil Health Card RKVY,660f941a5c8405ca8375c7c6,TAMIL NADU,63f9be9f519359b7438d08bb,2026-09-16T18:08:21.181Z,Muthiampatti,644671,63f9cbd0519359b7438e3e5c,2,100.0,0.0,0.0,2,50.0,50.0,0.0,2,0.0,0.0,100.0,2,100.0,0.0,0.0,2,50.0,50.0,2,0.0,100.0,2,50.0,50.0,2,100.0,0.0,2,0.0,100.0,2,0.0,100.0,2,0.0,50.0,50.0,2,0.0,100.0,2,n_low,p_low,k_high,OC_low,pH_neutral,LIMITED
12,1,0,13,13,0,11,2,9,4,0,13,0,0,13,2,11,KUNDADAM,6165,6492fcc3680216eb6c940b8f,2026-09-12T17:59:25.535Z,2026-27,TIRUPPUR,63f9cbbc519359b7438e3ca7,13,0,0,2026-09-16T18:06:09.078Z,0,13,0,0,7,6,0,8,5,6aa592fdaed4427d2640d2e3,Soil Health Card RKVY,660f941a5c8405ca8375c7c6,TAMIL NADU,63f9be9f519359b7438d08bb,2026-09-16T18:08:21.181Z,Manurpalayam,644668,63f9cbd1519359b7438e3e70,13,100.0,0.0,0.0,13,61.53846153846154,38.46153846153847,0.0,13,0.0,0.0,100.0,13,100.0,0.0,0.0,13,100.0,0.0,13,15.384615384615385,84.61538461538461,13,84.61538461538461,15.384615384615385,13,100.0,0.0,13,7.6923076923076925,92.3076923076923,13,30.76923076923077,69.23076923076923,13,0.0,46.15384615384615,53.84615384615385,13,0.0,100.0,13,n_low,p_low,k_high,OC_low,pH_alkaline,GOOD
15,0,0,15,15,0,14,1,11,4,0,14,1,11,4,0,15,KUNDADAM,6165,6492fcc3680216eb6c940b8f,2026-09-12T17:59:25.535Z,2026-27,TIRUPPUR,63f9cbbc519359b7438e3ca7,15,0,0,2026-09-16T18:06:09.078Z,0,15,0,0,2,13,1,1,13,6aa592fdaed4427d2640d2e4,Soil Health Card RKVY,660f941a5c8405ca8375c7c6,TAMIL NADU,63f9be9f519359b7438d08bb,2026-09-16T18:08:21.181Z,Nandavanampalayam,644669,63f9cbd4519359b7438e3eb6,15,100.0,0.0,0.0,15,6.666666666666667,86.66666666666667,6.666666666666667,15,0.0,0.0,100.0,15,93.33333333333333,6.666666666666667,0.0,15,26.666666666666668,73.33333333333333,15,6.666666666666667,93.33333333333333,15,100.0,0.0,15,100.0,0.0,15,0.0,100.0,15,26.666666666666668,73.33333333333333,15,0.0,86.66666666666667,13.333333333333334,15,0.0,100.0,15,n_low,p_medium,k_high,OC_low,pH_neutral,GOOD
8,1,0,9,9,0,8,1,7,2,0,9,0,5,4,0,9,KUNDADAM,6165,6492fcc3680216eb6c940b8f,2026-09-12T17:59:25.535Z,2026-27,TIRUPPUR,63f9cbbc519359b7438e3ca7,9,0,0,2026-09-16T18:06:09.078Z,0,9,0,0,1,8,0,4,5,6aa592fdaed4427d2640d2e5,Soil Health Card RKVY,660f941a5c8405ca8375c7c6,TAMIL NADU,63f9be9f519359b7438d08bb,2026-09-16T18:08:21.181Z,Periyakumarapalayam,644672,63f9cbd5519359b7438e3ebb,9,100.0,0.0,0.0,9,44.44444444444444,55.55555555555556,0.0,9,0.0,0.0,100.0,9,100.0,0.0,0.0,9,44.44444444444444,55.55555555555556,9,11.11111111111111,88.88888888888889,9,100.0,0.0,9,100.0,0.0,9,11.11111111111111,88.88888888888889,9,22.22222222222222,77.77777777777779,9,0.0,88.88888888888889,11.11111111111111,9,0.0,100.0,9,n_low,p_medium,k_high,OC_low,pH_neutral,GOOD
9,2,0,11,11,0,8,3,7,4,0,11,0,0,11,1,10,KUNDADAM,6165,6492fcc3680216eb6c940b8f,2026-09-12T17:59:25.535Z,2026-27,TIRUPPUR,63f9cbbc519359b7438e3ca7,11,0,0,2026-09-16T18:06:09.078Z,0,11,0,0,8,3,2,6,3,6aa592fdaed4427d2640d2e6,Soil Health Card RKVY,660f941a5c8405ca8375c7c6,TAMIL NADU,63f9be9f519359b7438d08bb,2026-09-16T18:08:21.181Z,Kasilingapalayam,644670,63f9cbd7519359b7438e3ee8,11,100.0,0.0,0.0,11,54.54545454545454,27.27272727272727,18.181818181818183,11,0.0,0.0,100.0,11,100.0,0.0,0.0,11,100.0,0.0,11,27.27272727272727,72.72727272727273,11,90.9090909090909,9.090909090909092,11,100.0,0.0,11,18.181818181818183,81.81818181818183,11,36.36363636363637,63.63636363636363,11,0.0,27.27272727272727,72.72727272727273,11,0.0,100.0,11,n_low,p_low,k_high,OC_low,pH_alkaline,GOOD
3,0,0,3,3,0,3,0,0,3,0,3,0,0,3,0,3,KUNDADAM,6165,6492fcc3680216eb6c940b8f,2026-09-12T17:59:25.952Z,2026-27,TIRUPPUR,63f9cbbc519359b7438e3ca7,3,0,0,2026-09-16T18:06:09.078Z,0,3,0,0,1,2,0,2,1,6aa592fdaed4427d2640d498,Soil Health Card RKVY,660f941a5c8405ca8375c7c6,TAMIL NADU,63f9be9f519359b7438d08bb,2026-09-16T18:08:21.182Z,Kurukkapalayam,644632,66712997c85c11594671b434,3,100.0,0.0,0.0,3,66.66666666666666,33.33333333333333,0.0,3,0.0,0.0,100.0,3,100.0,0.0,0.0,3,100.0,0.0,3,0.0,100.0,3,100.0,0.0,3,100.0,0.0,3,0.0,100.0,3,100.0,0.0,3,0.0,66.66666666666666,33.33333333333333,3,0.0,100.0,3,n_low,p_low,k_high,OC_low,pH_neutral,LIMITED
33,7,0,40,40,0,36,4,19,21,0,38,2,11,29,8,32,KANGAYAM,6163,6492fcc3680216eb6c940b93,2026-09-12T17:59:25.535Z,2026-27,TIRUPPUR,63f9cbbc519359b7438e3ca7,38,0,2,2026-09-16T18:06:09.078Z,0,40,0,0,15,25,4,16,20,6aa592fdaed4427d2640d2de,Soil Health Card RKVY,660f941a5c8405ca8375c7c6,TAMIL NADU,63f9be9f519359b7438d08bb,2026-09-16T18:08:21.181Z,Padiyur,644616,63f9cbc6519359b7438e3d7e,40,100.0,0.0,0.0,40,40.0,50.0,10.0,40,0.0,5.0,95.0,40,95.0,5.0,0.0,40,72.5,27.500000000000004,40,10.0,90.0,40,80.0,20.0,40,100.0,0.0,40,17.5,82.5,40,52.5,47.5,40,0.0,62.5,37.5,40,0.0,100.0,40,n_low,p_medium,k_high,OC_low,pH_neutral,GOOD
1,0,0,1,1,0,1,0,0,1,0,1,0,0,1,1,0,ALWARTHIRUNAGARI,6421,6492fcc5680216eb6c940bc5,2026-07-03T17:57:34.210Z,2026-27,TUTICORIN,63f9c989519359b7438e084c,1,0,0,2026-09-16T18:06:09.078Z,0,1,0,0,0,1,0,0,1,6a47f80e21a0eb11d1e8a525,Soil Health Card RKVY,660f941a5c8405ca8375c7c6,TAMIL NADU,63f9be9f519359b7438d08bb,2026-09-16T18:08:21.181Z,Alagiamanavalapuram,642562,63f9c9e8519359b7438e1141,1,100.0,0.0,0.0,1,0.0,100.0,0.0,1,0.0,0.0,100.0,1,100.0,0.0,0.0,1,100.0,0.0,1,0.0,100.0,1,0.0,100.0,1,100.0,0.0,1,0.0,100.0,1,100.0,0.0,1,0.0,100.0,0.0,1,0.0,100.0,1,n_low,p_medium,k_high,OC_low,pH_neutral,VERY_LIMITED
299,0,2,297,260,39,299,0,0,299,0,298,1,87,212,106,193,KOVILPATTI,6424,6492fcc5680216eb6c940bc9,2026-08-11T17:54:25.145Z,2026-27,TUTICORIN,63f9c989519359b7438e084c,299,0,0,2026-09-16T18:06:09.078Z,3,296,0,0,12,287,31,39,229,6a7b61d11def2707e2a7d632,Soil Health Card RKVY,660f941a5c8405ca8375c7c6,TAMIL NADU,63f9be9f519359b7438d08bb,2026-09-16T18:08:21.181Z,Duraiyoor,642189,63f9c98a519359b7438e086a,299,98.99665551839465,0.0,1.0033444816053512,299,13.043478260869565,76.58862876254182,10.367892976588628,299,0.0,0.0,100.0,299,99.66555183946488,0.33444816053511706,0.0,299,70.90301003344482,29.09698996655518,299,0.0,100.0,299,64.54849498327759,35.45150501672241,299,99.33110367892976,0.6688963210702341,299,0.0,100.0,299,100.0,0.0,299,0.0,95.9866220735786,4.013377926421405,299,13.043478260869565,86.95652173913044,299,n_low,p_medium,k_high,OC_low,pH_neutral,GOOD
198,2,0,200,200,0,200,0,0,200,0,200,0,173,27,63,137,KOVILPATTI,6424,6492fcc5680216eb6c940bc9,2026-07-20T17:48:21.249Z,2026-27,TUTICORIN,63f9c989519359b7438e084c,200,0,0,2026-09-16T18:06:09.078Z,0,200,0,0,1,199,0,78,122,6a5e5f655e1e1d31f8f1f91a,Soil Health Card RKVY,660f941a5c8405ca8375c7c6,TAMIL NADU,63f9be9f519359b7438d08bb,2026-09-16T18:08:21.181Z,Idaiseval II,933407,63f9c98a519359b7438e086f,200,100.0,0.0,0.0,200,39.0,61.0,0.0,200,0.0,0.0,100.0,200,100.0,0.0,0.0,200,13.5,86.5,200,0.0,100.0,200,68.5,31.5,200,100.0,0.0,200,1.0,99.0,200,100.0,0.0,200,0.0,99.5,0.5,200,0.0,100.0,200,n_low,p_medium,k_high,OC_low,pH_neutral,GOOD
119,0,0,119,117,2,119,0,0,119,0,119,0,0,119,61,58,KOVILPATTI,6424,6492fcc5680216eb6c940bc9,2026-07-03T17:57:33.643Z,2026-27,TUTICORIN,63f9c989519359b7438e084c,119,0,0,2026-09-16T18:06:09.078Z,0,119,0,0,3,116,0,1,118,6a47f80d21a0eb11d1e8a3a2,Soil Health Card RKVY,660f941a5c8405ca8375c7c6,TAMIL NADU,63f9be9f519359b7438d08bb,2026-09-16T18:08:21.181Z,Tittangulam (CT),642241,63f9c98b519359b7438e0879,119,100.0,0.0,0.0,119,0.8403361344537815,99.15966386554622,0.0,119,0.0,0.0,100.0,119,100.0,0.0,0.0,119,100.0,0.0,119,0.0,100.0,119,48.739495798319325,51.26050420168067,119,100.0,0.0,119,0.0,100.0,119,100.0,0.0,119,0.0,97.47899159663865,2.5210084033613445,119,1.680672268907563,98.31932773109243,119,n_low,p_medium,k_high,OC_low,pH_neutral,GOOD
240,0,0,240,239,1,240,0,0,240,0,239,1,196,44,207,33,KOVILPATTI,6424,6492fcc5680216eb6c940bc9,2026-07-28T18:06:04.941Z,2026-27,TUTICORIN,63f9c989519359b7438e084c,240,0,0,2026-09-16T18:06:09.078Z,1,239,0,0,0,240,0,131,109,6a68ef8c1a76497cd6b2160f,Soil Health Card RKVY,660f941a5c8405ca8375c7c6,TAMIL NADU,63f9be9f519359b7438d08bb,2026-09-16T18:08:21.181Z,Nalattinputhur - 642174,642174,63f9c98c519359b7438e0897,240,99.58333333333333,0.0,0.4166666666666667,240,54.58333333333333,45.416666666666664,0.0,240,0.0,0.0,100.0,240,99.58333333333333,0.4166666666666667,0.0,240,18.333333333333332,81.66666666666667,240,0.0,100.0,240,13.750000000000002,86.25,240,100.0,0.0,240,0.0,100.0,240,100.0,0.0,240,0.0,100.0,0.0,240,0.4166666666666667,99.58333333333333,240,n_low,p_low,k_high,OC_low,pH_neutral,GOOD
6,0,0,6,5,1,6,0,0,6,0,6,0,0,6,2,4,KOVILPATTI,6424,6492fcc5680216eb6c940bc9,2026-07-07T17:55:52.733Z,2026-27,TUTICORIN,63f9c989519359b7438e084c,6,0,0,2026-09-16T18:06:09.078Z,0,6,0,0,0,6,0,0,6,6a4d3da86ecf7c5914c58852,Soil Health Card RKVY,660f941a5c8405ca8375c7c6,TAMIL NADU,63f9be9f519359b7438d08bb,2026-09-16T18:08:21.181Z,Alampatti,933409,63f9c98c519359b7438e08a1,6,100.0,0.0,0.0,6,0.0,100.0,0.0,6,0.0,0.0,100.0,6,100.0,0.0,0.0,6,100.0,0.0,6,0.0,100.0,6,66.66666666666666,33.33333333333333,6,100.0,0.0,6,0.0,100.0,6,100.0,0.0,6,0.0,100.0,0.0,6,16.666666666666664,83.33333333333334,6,n_low,p_medium,k_high,OC_low,pH_neutral,GOOD
258,0,0,258,258,0,258,0,1,257,1,257,0,0,258,191,67,KOVILPATTI,6424,6492fcc5680216eb6c940bc9,2026-07-11T17:48:41.538Z,2026-27,TUTICORIN,63f9c989519359b7438e084c,257,0,1,2026-09-16T18:06:09.078Z,2,256,0,0,0,258,0,52,206,6a5281f91452a5b36fdec92f,Soil Health Card RKVY,660f941a5c8405ca8375c7c6,TAMIL NADU,63f9be9f519359b7438d08bb,2026-09-16T18:08:21.181Z,Kilavipatti - 642186,642186,63f9c98d519359b7438e08ab,258,99.2248062015504,0.0,0.7751937984496124,258,20.155038759689923,79.84496124031007,0.0,258,0.0,0.3875968992248062,99.6124031007752,258,99.6124031007752,0.0,0.3875968992248062,258,100.0,0.0,258,0.0,100.0,258,25.968992248062015,74.03100775193798,258,100.0,0.0,258,0.0,100.0,258,99.6124031007752,0.3875968992248062,258,0.0,100.0,0.0,258,0.0,100.0,258,n_low,p_medium,k_high,OC_low,pH_neutral,GOOD
130,0,1,129,123,7,130,0,0,130,0,130,0,0,130,75,55,KOVILPATTI,6424,6492fcc5680216eb6c940bc9,2026-08-10T17:48:51.636Z,2026-27,TUTICORIN,63f9c989519359b7438e084c,130,0,0,2026-09-16T18:06:09.078Z,0,130,0,0,0,130,0,69,61,6a7a0f03d5288ecb5564d0fa,Soil Health Card RKVY,660f941a5c8405ca8375c7c6,TAMIL NADU,63f9be9f519359b7438d08bb,2026-09-16T18:08:21.181Z,Manthithoppu (CT),642244,63f9c98e519359b7438e08c9,130,100.0,0.0,0.0,130,53.07692307692308,46.92307692307692,0.0,130,0.0,0.0,100.0,130,100.0,0.0,0.0,130,100.0,0.0,130,0.0,100.0,130,42.30769230769231,57.692307692307686,130,99.23076923076923,0.7692307692307693,130,0.0,100.0,130,100.0,0.0,130,0.0,100.0,0.0,130,5.384615384615385,94.61538461538461,130,n_low,p_low,k_high,OC_low,pH_neutral,GOOD
217,0,0,217,217,0,215,2,0,217,0,217,0,57,160,30,187,KOVILPATTI,6424,6492fcc5680216eb6c940bc9,2026-08-07T17:53:16.293Z,2026-27,TUTICORIN,63f9c989519359b7438e084c,217,0,0,2026-09-16T18:06:09.078Z,5,212,0,0,0,217,0,46,171,6a761b8ca28634dc2cc140a9,Soil Health Card RKVY,660f941a5c8405ca8375c7c6,TAMIL NADU,63f9be9f519359b7438d08bb,2026-09-16T18:08:21.181Z,Ettilappanaickenpatti,642297,63f9c995519359b7438e0970,217,97.6958525345622,0.0,2.3041474654377883,217,21.19815668202765,78.80184331797236,0.0,217,0.0,0.0,100.0,217,100.0,0.0,0.0,217,73.73271889400922,26.26728110599078,217,0.9216589861751152,99.07834101382488,217,86.17511520737328,13.82488479262673,217,100.0,0.0,217,0.0,100.0,217,100.0,0.0,217,0.0,100.0,0.0,217,0.0,100.0,217,n_low,p_medium,k_high,OC_low,pH_neutral,GOOD
148,0,0,148,148,0,148,0,0,148,0,147,1,115,33,1,147,KOVILPATTI,6424,6492fcc5680216eb6c940bc9,2026-08-07T17:53:16.293Z,2026-27,TUTICORIN,63f9c989519359b7438e084c,148,0,0,2026-09-16T18:06:09.078Z,0,148,0,0,0,148,0,40,108,6a761b8ca28634dc2cc140aa,Soil Health Card RKVY,660f941a5c8405ca8375c7c6,TAMIL NADU,63f9be9f519359b7438d08bb,2026-09-16T18:08:21.181Z,Manjanaickenpatti,642293,63f9c996519359b7438e098e,148,100.0,0.0,0.0,148,27.027027027027028,72.97297297297297,0.0,148,0.0,0.0,100.0,148,99.32432432432432,0.6756756756756757,0.0,148,22.2972972972973,77.7027027027027,148,0.0,100.0,148,99.32432432432432,0.6756756756756757,148,100.0,0.0,148,0.0,100.0,148,100.0,0.0,148,0.0,100.0,0.0,148,0.0,100.0,148,n_low,p_medium,k_high,OC_low,pH_neutral,GOOD
39,0,0,39,39,0,39,0,0,39,0,39,0,0,39,8,31,KOVILPATTI,6424,6492fcc5680216eb6c940bc9,2026-09-07T18:11:10.125Z,2026-27,TUTICORIN,63f9c989519359b7438e084c,39,0,0,2026-09-16T18:06:09.078Z,0,39,0,0,0,39,0,19,20,6a9efe3e96c54e28dc2b1f20,Soil Health Card RKVY,660f941a5c8405ca8375c7c6,TAMIL NADU,63f9be9f519359b7438d08bb,2026-09-16T18:08:21.181Z,Kadalaiyur,642260,63f9c997519359b7438e099d,39,100.0,0.0,0.0,39,48.717948717948715,51.28205128205128,0.0,39,0.0,0.0,100.0,39,100.0,0.0,0.0,39,100.0,0.0,39,0.0,100.0,39,79.48717948717949,20.51282051282051,39,100.0,0.0,39,0.0,100.0,39,100.0,0.0,39,0.0,100.0,0.0,39,0.0,100.0,39,n_low,p_medium,k_high,OC_low,pH_neutral,GOOD
77,0,0,77,77,0,77,0,0,77,0,77,0,0,77,1,76,KOVILPATTI,6424,6492fcc5680216eb6c940bc9,2026-09-03T18:08:02.713Z,2026-27,TUTICORIN,63f9c989519359b7438e084c,77,0,0,2026-09-16T18:06:09.078Z,0,76,1,0,0,77,0,27,50,6a99b7820649dfa6ff11f3c4,Soil Health Card RKVY,660f941a5c8405ca8375c7c6,TAMIL NADU,63f9be9f519359b7438d08bb,2026-09-16T18:08:21.181Z,Vadakkuppatti,642235,63f9cdc5519359b7438e6a72,77,98.7012987012987,1.2987012987012987,0.0,77,35.064935064935064,64.93506493506493,0.0,77,0.0,0.0,100.0,77,100.0,0.0,0.0,77,100.0,0.0,77,0.0,100.0,77,98.7012987012987,1.2987012987012987,77,100.0,0.0,77,0.0,100.0,77,100.0,0.0,77,0.0,100.0,0.0,77,0.0,100.0,77,n_low,p_medium,k_high,OC_low,pH_neutral,GOOD
180,0,0,180,180,0,180,0,0,180,0,180,0,179,1,1,179,KOVILPATTI,6424,6492fcc5680216eb6c940bc9,2026-08-27T17:52:33.500Z,2026-27,TUTICORIN,63f9c989519359b7438e084c,180,0,0,2026-09-16T18:06:09.078Z,7,173,0,0,0,180,0,49,131,6a90796166839ee331802e8e,Soil Health Card RKVY,660f941a5c8405ca8375c7c6,TAMIL NADU,63f9be9f519359b7438d08bb,2026-09-16T18:08:21.181Z,Nakkalamuthanpatti,642234,63f9cdc5519359b7438e6a77,180,96.11111111111111,0.0,3.888888888888889,180,27.22222222222222,72.77777777777777,0.0,180,0.0,0.0,100.0,180,100.0,0.0,0.0,180,0.5555555555555556,99.44444444444444,180,0.0,100.0,180,99.44444444444444,0.5555555555555556,180,100.0,0.0,180,0.0,100.0,180,100.0,0.0,180,0.0,100.0,0.0,180,0.0,100.0,180,n_low,p_medium,k_high,OC_low,pH_neutral,GOOD
150,0,0,150,150,0,150,0,0,150,1,147,2,1,149,147,3,KOVILPATTI,6424,6492fcc5680216eb6c940bc9,2026-07-21T17:49:16.838Z,2026-27,TUTICORIN,63f9c989519359b7438e084c,150,0,0,2026-09-16T18:06:09.078Z,0,150,0,0,2,148,0,29,121,6a5fb11c86012d52ad4c7422,Soil Health Card RKVY,660f941a5c8405ca8375c7c6,TAMIL NADU,63f9be9f519359b7438d08bb,2026-09-16T18:08:21.181Z,Pitchaithalaivanpatti,642236,63f9cdc5519359b7438e6a7c,150,100.0,0.0,0.0,150,19.333333333333332,80.66666666666666,0.0,150,0.0,0.0,100.0,150,98.0,1.3333333333333335,0.6666666666666667,150,99.33333333333333,0.6666666666666667,150,0.0,100.0,150,2.0,98.0,150,100.0,0.0,150,0.0,100.0,150,100.0,0.0,150,0.0,98.66666666666667,1.3333333333333335,150,0.0,100.0,150,n_low,p_medium,k_high,OC_low,pH_neutral,GOOD
31,107,0,138,138,0,138,0,0,138,0,138,0,0,138,137,1,PUDUR,6426,6492fcc5680216eb6c940bcb,2026-09-10T18:12:36.896Z,2026-27,TUTICORIN,63f9c989519359b7438e084c,138,0,0,2026-09-16T18:06:09.078Z,2,136,0,0,2,136,99,1,38,6aa2f314dfa3538f38d26514,Soil Health Card RKVY,660f941a5c8405ca8375c7c6,TAMIL NADU,63f9be9f519359b7438d08bb,2026-09-16T18:08:21.181Z,Vedapatti,642267,63f9c990519359b7438e08fd,138,98.55072463768117,0.0,1.4492753623188406,138,0.7246376811594203,27.536231884057973,71.73913043478261,138,0.0,0.0,100.0,138,100.0,0.0,0.0,138,100.0,0.0,138,0.0,100.0,138,0.7246376811594203,99.27536231884058,138,100.0,0.0,138,77.53623188405797,22.463768115942027,138,100.0,0.0,138,0.0,98.55072463768117,1.4492753623188406,138,0.0,100.0,138,n_low,p_high,k_high,OC_low,pH_neutral,GOOD
159,62,0,221,221,0,221,0,93,128,1,220,0,24,197,60,161,PUDUR,6426,6492fcc5680216eb6c940bcb,2026-09-02T18:08:59.155Z,2026-27,TUTICORIN,63f9c989519359b7438e084c,221,0,0,2026-09-16T18:06:09.078Z,0,221,0,0,0,221,48,15,158,6a98663bc6fb74a8ae65b413,Soil Health Card RKVY,660f941a5c8405ca8375c7c6,TAMIL NADU,63f9be9f519359b7438d08bb,2026-09-16T18:08:21.181Z,Ayan Vadamalaipuram,642252,63f9c990519359b7438e0902,221,100.0,0.0,0.0,221,6.787330316742081,71.49321266968326,21.71945701357466,221,0.0,0.0,100.0,221,99.5475113122172,0.0,0.4524886877828055,221,89.14027149321268,10.85972850678733,221,0.0,100.0,221,72.85067873303167,27.149321266968325,221,100.0,0.0,221,28.054298642533936,71.94570135746606,221,57.9185520361991,42.081447963800905,221,0.0,100.0,0.0,221,0.0,100.0,221,n_low,p_medium,k_high,OC_low,pH_neutral,GOOD
80,0,0,80,80,0,44,36,0,80,0,80,0,66,14,79,1,PUDUR,6426,6492fcc5680216eb6c940bcb,2026-09-02T18:08:59.155Z,2026-27,TUTICORIN,63f9c989519359b7438e084c,80,0,0,2026-09-16T18:06:09.078Z,0,80,0,0,0,80,5,42,33,6a98663bc6fb74a8ae65b414,Soil Health Card RKVY,660f941a5c8405ca8375c7c6,TAMIL NADU,63f9be9f519359b7438d08bb,2026-09-16T18:08:21.181Z,Melakarandai,642248,63f9c991519359b7438e0911,80,100.0,0.0,0.0,80,52.5,41.25,6.25,80,0.0,0.0,100.0,80,100.0,0.0,0.0,80,17.5,82.5,80,45.0,55.00000000000001,80,1.25,98.75,80,100.0,0.0,80,0.0,100.0,80,100.0,0.0,80,0.0,100.0,0.0,80,0.0,100.0,80,n_low,p_low,k_high,OC_low,pH_neutral,GOOD
122,189,1,310,311,0,306,5,0,311,0,298,13,83,228,172,139,PUDUR,6426,6492fcc5680216eb6c940bcb,2026-09-02T18:08:59.155Z,2026-27,TUTICORIN,63f9c989519359b7438e084c,309,0,2,2026-09-16T18:06:09.078Z,0,311,0,0,31,280,25,202,84,6a98663bc6fb74a8ae65b415,Soil Health Card RKVY,660f941a5c8405ca8375c7c6,TAMIL NADU,63f9be9f519359b7438d08bb,2026-09-16T18:08:21.181Z,Madalapuram,642309,63f9c99d519359b7438e0a3a,311,100.0,0.0,0.0,311,64.95176848874597,27.009646302250808,8.038585209003216,311,0.0,0.6430868167202572,99.35691318327974,311,95.81993569131832,4.180064308681672,0.0,311,73.31189710610933,26.688102893890676,311,1.607717041800643,98.39228295819936,311,44.69453376205787,55.30546623794213,311,99.67845659163987,0.3215434083601286,311,60.77170418006431,39.228295819935695,311,100.0,0.0,311,0.0,90.03215434083602,9.967845659163988,311,0.0,100.0,311,n_low,p_low,k_high,OC_low,pH_neutral,GOOD
0,45,0,45,45,0,45,0,0,45,0,45,0,0,45,45,0,PUDUR,6426,6492fcc5680216eb6c940bcb,2026-09-02T18:08:59.156Z,2026-27,TUTICORIN,63f9c989519359b7438e084c,45,0,0,2026-09-16T18:06:09.078Z,0,45,0,0,0,45,12,0,33,6a98663bc6fb74a8ae65b416,Soil Health Card RKVY,660f941a5c8405ca8375c7c6,TAMIL NADU,63f9be9f519359b7438d08bb,2026-09-16T18:08:21.181Z,Mavilodai,642322,63f9c9a0519359b7438e0a85,45,100.0,0.0,0.0,45,0.0,73.33333333333333,26.666666666666668,45,0.0,0.0,100.0,45,100.0,0.0,0.0,45,100.0,0.0,45,0.0,100.0,45,0.0,100.0,45,100.0,0.0,45,100.0,0.0,45,100.0,0.0,45,0.0,100.0,0.0,45,0.0,100.0,45,n_low,p_medium,k_high,OC_low,pH_neutral,GOOD
3,58,0,61,61,0,61,0,1,60,0,61,0,1,60,51,10,PUDUR,6426,6492fcc5680216eb6c940bcb,2026-09-05T18:05:47.140Z,2026-27,TUTICORIN,63f9c989519359b7438e084c,60,1,0,2026-09-16T18:06:09.078Z,0,61,0,0,0,61,16,0,45,6a9c59fb4c7f9e58219799af,Soil Health Card RKVY,660f941a5c8405ca8375c7c6,TAMIL NADU,63f9be9f519359b7438d08bb,2026-09-16T18:08:21.181Z,Muthiahpuram,642341,63f9c9a3519359b7438e0aad,61,100.0,0.0,0.0,61,0.0,73.77049180327869,26.229508196721312,61,1.639344262295082,0.0,98.36065573770492,61,100.0,0.0,0.0,61,98.36065573770492,1.639344262295082,61,0.0,100.0,61,16.39344262295082,83.60655737704919,61,100.0,0.0,61,95.08196721311475,4.918032786885246,61,98.36065573770492,1.639344262295082,61,0.0,100.0,0.0,61,0.0,100.0,61,n_low,p_medium,k_high,OC_low,pH_neutral,GOOD
5,97,1,101,102,0,101,1,0,102,0,102,0,0,102,59,43,PUDUR,6426,6492fcc5680216eb6c940bcb,2026-09-05T18:05:47.140Z,2026-27,TUTICORIN,63f9c989519359b7438e084c,102,0,0,2026-09-16T18:06:09.078Z,0,100,2,0,3,99,27,0,75,6a9c59fb4c7f9e58219799b0,Soil Health Card RKVY,660f941a5c8405ca8375c7c6,TAMIL NADU,63f9be9f519359b7438d08bb,2026-09-16T18:08:21.181Z,Ramachandrapuram,642340,63f9c9a6519359b7438e0af8,102,98.0392156862745,1.9607843137254901,0.0,102,0.0,73.52941176470588,26.47058823529412,102,0.0,0.0,100.0,102,100.0,0.0,0.0,102,100.0,0.0,102,0.9803921568627451,99.01960784313727,102,42.15686274509804,57.84313725490197,102,99.01960784313727,0.9803921568627451,102,95.09803921568627,4.901960784313726,102,100.0,0.0,102,0.0,97.05882352941177,2.941176470588235,102,0.0,100.0,102,n_low,p_medium,k_high,OC_low,pH_neutral,GOOD
43,229,0,272,272,0,272,0,1,271,0,269,3,100,172,76,196,PUDUR,6426,6492fcc5680216eb6c940bcb,2026-09-07T18:11:10.126Z,2026-27,TUTICORIN,63f9c989519359b7438e084c,271,1,0,2026-09-16T18:06:09.078Z,0,272,0,0,31,241,7,102,163,6a9efe3e96c54e28dc2b1f21,Soil Health Card RKVY,660f941a5c8405ca8375c7c6,TAMIL NADU,63f9be9f519359b7438d08bb,2026-09-16T18:08:21.181Z,Shankaralinapuram,642316,63f9c9a7519359b7438e0b1b,272,100.0,0.0,0.0,272,37.5,59.92647058823529,2.5735294117647056,272,0.3676470588235294,0.0,99.63235294117648,272,98.89705882352942,1.1029411764705883,0.0,272,63.23529411764706,36.76470588235294,272,0.0,100.0,272,72.05882352941177,27.941176470588236,272,100.0,0.0,272,84.19117647058823,15.808823529411764,272,99.63235294117648,0.3676470588235294,272,0.0,88.60294117647058,11.397058823529411,272,0.0,100.0,272,n_low,p_medium,k_high,OC_low,pH_neutral,GOOD
34,196,0,231,231,0,225,6,2,229,0,231,0,5,226,215,16,PUDUR,6426,6492fcc5680216eb6c940bcb,2026-09-03T18:08:02.702Z,2026-27,TUTICORIN,63f9c989519359b7438e084c,231,0,0,2026-09-16T18:06:09.078Z,0,231,0,0,1,230,79,0,152,6a99b7820649dfa6ff11f3c0,Soil Health Card RKVY,660f941a5c8405ca8375c7c6,TAMIL NADU,63f9be9f519359b7438d08bb,2026-09-16T18:08:21.181Z,Mettilpatti,642300,63f9c9aa519359b7438e0b5c,231,100.0,0.0,0.0,231,0.0,65.80086580086581,34.1991341991342,231,0.0,0.0,100.0,231,100.0,0.0,0.0,231,97.83549783549783,2.1645021645021645,231,2.5974025974025974,97.40259740259741,231,6.926406926406926,93.07359307359307,231,100.0,0.0,230,85.21739130434783,14.782608695652174,231,99.13419913419914,0.8658008658008658,231,0.0,99.56709956709958,0.4329004329004329,231,0.0,100.0,231,n_low,p_medium,k_high,OC_low,pH_neutral,GOOD
100,0,0,100,74,26,100,0,0,100,0,100,0,0,100,100,0,KAYATHAR,6423,6492fcc5680216eb6c940bcd,2026-08-29T17:52:22.744Z,2026-27,TUTICORIN,63f9c989519359b7438e084c,100,0,0,2026-09-16T18:06:09.078Z,0,100,0,0,0,100,0,10,90,6a931c56dfe37efc9fb7b629,Soil Health Card RKVY,660f941a5c8405ca8375c7c6,TAMIL NADU,63f9be9f519359b7438d08bb,2026-09-16T18:08:21.181Z,Chettikurichi,642194,63f9c9dd519359b7438e1031,100,100.0,0.0,0.0,100,10.0,90.0,0.0,100,0.0,0.0,100.0,100,100.0,0.0,0.0,100,100.0,0.0,100,0.0,100.0,100,0.0,100.0,100,100.0,0.0,100,0.0,100.0,100,100.0,0.0,100,0.0,100.0,0.0,100,26.0,74.0,100,n_low,p_medium,k_high,OC_low,pH_neutral,GOOD
99,0,0,99,99,0,99,0,0,99,0,99,0,1,98,7,92,KAYATHAR,6423,6492fcc5680216eb6c940bcd,2026-08-12T17:53:19.046Z,2026-27,TUTICORIN,63f9c989519359b7438e084c,88,1,10,2026-09-16T18:06:09.078Z,4,95,0,0,0,99,0,13,86,6a7cb30fa35788b129ffe119,Soil Health Card RKVY,660f941a5c8405ca8375c7c6,TAMIL NADU,63f9be9f519359b7438d08bb,2026-09-16T18:08:21.181Z,Terku Ilandaikulam,642222,63f9c9df519359b7438e105e,99,95.95959595959596,0.0,4.040404040404041,99,13.131313131313133,86.86868686868688,0.0,99,1.0101010101010102,10.1010101010101,88.88888888888889,99,100.0,0.0,0.0,99,98.98989898989899,1.0101010101010102,99,0.0,100.0,99,92.92929292929293,7.07070707070707,99,100.0,0.0,99,0.0,100.0,99,100.0,0.0,99,0.0,100.0,0.0,99,0.0,100.0,99,n_low,p_medium,k_high,OC_low,pH_neutral,GOOD
175,0,0,175,175,0,175,0,0,175,0,175,0,0,175,23,152,KAYATHAR,6423,6492fcc5680216eb6c940bcd,2026-08-12T17:53:19.046Z,2026-27,TUTICORIN,63f9c989519359b7438e084c,173,0,2,2026-09-16T18:06:09.078Z,6,169,0,0,0,175,0,27,148,6a7cb30fa35788b129ffe11a,Soil Health Card RKVY,660f941a5c8405ca8375c7c6,TAMIL NADU,63f9be9f519359b7438d08bb,2026-09-16T18:08:21.181Z,Vadakku Ilandaikulam,642218,63f9c9df519359b7438e1068,175,96.57142857142857,0.0,3.428571428571429,175,15.428571428571427,84.57142857142857,0.0,175,0.0,1.1428571428571428,98.85714285714286,175,100.0,0.0,0.0,175,100.0,0.0,175,0.0,100.0,175,86.85714285714286,13.142857142857142,175,100.0,0.0,175,0.0,100.0,175,100.0,0.0,175,0.0,100.0,0.0,175,0.0,100.0,175,n_low,p_medium,k_high,OC_low,pH_neutral,GOOD
87,0,0,87,87,0,87,0,0,87,0,87,0,87,0,45,42,KAYATHAR,6423,6492fcc5680216eb6c940bcd,2026-09-01T17:56:44.448Z,2026-27,TUTICORIN,63f9c989519359b7438e084c,87,0,0,2026-09-16T18:06:09.078Z,3,84,0,0,0,87,0,48,39,6a9711dc0fb5ed24f8eeec4c,Soil Health Card RKVY,660f941a5c8405ca8375c7c6,TAMIL NADU,63f9be9f519359b7438d08bb,2026-09-16T18:08:21.181Z,Savalapperi - 642197,642197,63f9c9e2519359b7438e10ae,87,96.55172413793103,0.0,3.4482758620689653,87,55.172413793103445,44.827586206896555,0.0,87,0.0,0.0,100.0,87,100.0,0.0,0.0,87,0.0,100.0,87,0.0,100.0,87,48.275862068965516,51.724137931034484,87,100.0,0.0,87,0.0,100.0,87,100.0,0.0,87,0.0,100.0,0.0,87,0.0,100.0,87,n_low,p_low,k_high,OC_low,pH_neutral,GOOD
69,0,0,69,69,0,69,0,0,69,0,69,0,0,69,2,67,KAYATHAR,6423,6492fcc5680216eb6c940bcd,2026-08-21T17:49:37.064Z,2026-27,TUTICORIN,63f9c989519359b7438e084c,69,0,0,2026-09-16T18:06:09.078Z,0,69,0,0,0,69,0,25,44,6a888fb1c4bf95656e88a78d,Soil Health Card RKVY,660f941a5c8405ca8375c7c6,TAMIL NADU,63f9be9f519359b7438d08bb,2026-09-16T18:08:21.181Z,Asoor,642198,63f9c9e2519359b7438e10b3,69,100.0,0.0,0.0,69,36.231884057971016,63.76811594202898,0.0,69,0.0,0.0,100.0,69,100.0,0.0,0.0,69,100.0,0.0,69,0.0,100.0,69,97.10144927536231,2.898550724637681,69,100.0,0.0,69,0.0,100.0,69,100.0,0.0,69,0.0,100.0,0.0,69,0.0,100.0,69,n_low,p_medium,k_high,OC_low,pH_neutral,GOOD
1,0,0,1,1,0,1,0,0,1,0,1,0,0,1,0,1,VILATHIKULAM,6432,6492fcc6680216eb6c940bcf,2026-08-07T17:53:16.293Z,2026-27,TUTICORIN,63f9c989519359b7438e084c,1,0,0,2026-09-16T18:06:09.078Z,0,1,0,0,0,1,0,0,1,6a761b8ca28634dc2cc140ab,Soil Health Card RKVY,660f941a5c8405ca8375c7c6,TAMIL NADU,63f9be9f519359b7438d08bb,2026-09-16T18:08:21.181Z,Ariyanayakipuram,642342,63f9c99f519359b7438e0a71,1,100.0,0.0,0.0,1,0.0,100.0,0.0,1,0.0,0.0,100.0,1,100.0,0.0,0.0,1,100.0,0.0,1,0.0,100.0,1,100.0,0.0,1,100.0,0.0,1,0.0,100.0,1,100.0,0.0,1,0.0,100.0,0.0,1,0.0,100.0,1,n_low,p_medium,k_high,OC_low,pH_neutral,VERY_LIMITED
14,33,0,47,47,0,0,47,1,46,0,47,0,1,46,46,1,OTTAPIDARAM,6425,6492fcc6680216eb6c940bd1,2026-08-04T17:50:37.740Z,2026-27,TUTICORIN,63f9c989519359b7438e084c,47,0,0,2026-09-16T18:06:09.078Z,0,47,0,0,0,47,0,3,44,6a72266d707b2ec6eb4935e9,Soil Health Card RKVY,660f941a5c8405ca8375c7c6,TAMIL NADU,63f9be9f519359b7438d08bb,2026-09-16T18:08:21.181Z,Minakshipuram,642391,63f9c9ae519359b7438e0bb8,47,100.0,0.0,0.0,47,6.382978723404255,93.61702127659575,0.0,47,0.0,0.0,100.0,47,100.0,0.0,0.0,47,97.87234042553192,2.127659574468085,47,100.0,0.0,47,2.127659574468085,97.87234042553192,47,100.0,0.0,47,70.2127659574468,29.78723404255319,47,97.87234042553192,2.127659574468085,47,0.0,100.0,0.0,47,0.0,100.0,47,n_low,p_medium,k_high,OC_low,pH_neutral,GOOD
149,1,0,148,150,0,149,1,8,142,0,150,0,48,102,132,18,OTTAPIDARAM,6425,6492fcc6680216eb6c940bd1,2026-06-19T18:03:29.727Z,2026-27,TUTICORIN,63f9c989519359b7438e084c,150,0,0,2026-09-16T18:06:09.078Z,0,150,0,0,1,149,4,83,63,6a3584713540dd9c519cdef2,Soil Health Card RKVY,660f941a5c8405ca8375c7c6,TAMIL NADU,63f9be9f519359b7438d08bb,2026-09-16T18:08:21.181Z,Kumara Ettaiyapuram,642392,63f9c9ae519359b7438e0bbd,150,100.0,0.0,0.0,150,55.333333333333336,42.0,2.666666666666667,150,0.0,0.0,100.0,150,100.0,0.0,0.0,150,68.0,32.0,150,0.6666666666666667,99.33333333333333,150,12.0,88.0,148,100.0,0.0,150,0.6666666666666667,99.33333333333333,150,94.66666666666667,5.333333333333334,150,0.0,99.33333333333333,0.6666666666666667,150,0.0,100.0,150,n_low,p_low,k_high,OC_low,pH_neutral,GOOD
0,270,0,270,269,1,270,0,0,270,0,179,91,249,21,261,9,OTTAPIDARAM,6425,6492fcc6680216eb6c940bd1,2026-09-11T18:14:53.292Z,2026-27,TUTICORIN,63f9c989519359b7438e084c,268,0,2,2026-09-16T18:06:09.078Z,0,270,0,0,0,270,1,169,100,6aa4451dbe4706ff667e953f,Soil Health Card RKVY,660f941a5c8405ca8375c7c6,TAMIL NADU,63f9be9f519359b7438d08bb,2026-09-16T18:08:21.181Z,Chandragiri,642401,63f9c9b3519359b7438e0c35,270,100.0,0.0,0.0,270,62.59259259259259,37.03703703703704,0.3703703703703704,270,0.0,0.7407407407407408,99.25925925925925,270,66.2962962962963,33.7037037037037,0.0,270,7.777777777777778,92.22222222222223,270,0.0,100.0,270,3.3333333333333335,96.66666666666667,270,100.0,0.0,270,100.0,0.0,270,100.0,0.0,270,0.0,100.0,0.0,270,0.3703703703703704,99.62962962962963,270,n_low,p_low,k_high,OC_low,pH_neutral,GOOD
104,1,0,105,105,0,105,0,0,105,0,105,0,101,4,104,1,OTTAPIDARAM,6425,6492fcc6680216eb6c940bd1,2026-07-03T17:57:33.879Z,2026-27,TUTICORIN,63f9c989519359b7438e084c,104,0,1,2026-09-16T18:06:09.078Z,0,105,0,0,0,105,0,47,58,6a47f80d21a0eb11d1e8a434,Soil Health Card RKVY,660f941a5c8405ca8375c7c6,TAMIL NADU,63f9be9f519359b7438d08bb,2026-09-16T18:08:21.181Z,Swaminatham,642444,63f9c9b4519359b7438e0c49,105,100.0,0.0,0.0,105,44.761904761904766,55.23809523809524,0.0,105,0.0,0.9523809523809524,99.04761904761905,105,100.0,0.0,0.0,105,3.8095238095238098,96.19047619047619,105,0.0,100.0,105,0.9523809523809524,99.04761904761905,105,100.0,0.0,105,0.9523809523809524,99.04761904761905,105,100.0,0.0,105,0.0,100.0,0.0,105,0.0,100.0,105,n_low,p_medium,k_high,OC_low,pH_neutral,GOOD
108,77,0,185,183,2,183,2,21,164,0,185,0,29,156,114,71,OTTAPIDARAM,6425,6492fcc6680216eb6c940bd1,2026-07-15T17:50:52.201Z,2026-27,TUTICORIN,63f9c989519359b7438e084c,169,1,15,2026-09-16T18:06:09.078Z,0,185,0,3,7,175,27,24,134,6a57c87cd5731d6bd6441396,Soil Health Card RKVY,660f941a5c8405ca8375c7c6,TAMIL NADU,63f9be9f519359b7438d08bb,2026-09-16T18:08:21.181Z,Marudanvalvoonaraikinar,642432,63f9c9b4519359b7438e0c53,185,100.0,0.0,0.0,185,12.972972972972974,72.43243243243244,14.594594594594595,185,0.5405405405405406,8.108108108108109,91.35135135135135,185,100.0,0.0,0.0,185,84.32432432432432,15.675675675675677,185,1.0810810810810811,98.91891891891892,185,38.37837837837838,61.62162162162163,185,100.0,0.0,185,41.62162162162162,58.37837837837838,185,88.64864864864866,11.351351351351353,185,1.6216216216216217,94.5945945945946,3.783783783783784,185,1.0810810810810811,98.91891891891892,185,n_low,p_medium,k_high,OC_low,pH_neutral,GOOD
5,6,0,11,10,1,4,7,0,11,0,11,0,0,11,2,9,OTTAPIDARAM,6425,6492fcc6680216eb6c940bd1,2026-08-07T17:53:16.294Z,2026-27,TUTICORIN,63f9c989519359b7438e084c,11,0,0,2026-09-16T18:06:09.078Z,0,11,0,0,0,11,3,0,8,6a761b8ca28634dc2cc140ad,Soil Health Card RKVY,660f941a5c8405ca8375c7c6,TAMIL NADU,63f9be9f519359b7438d08bb,2026-09-16T18:08:21.181Z,Panchalamkurich,642417,63f9c9b5519359b7438e0c7b,11,100.0,0.0,0.0,11,0.0,72.72727272727273,27.27272727272727,11,0.0,0.0,100.0,11,100.0,0.0,0.0,11,100.0,0.0,11,63.63636363636363,36.36363636363637,11,81.81818181818183,18.181818181818183,11,100.0,0.0,11,54.54545454545454,45.45454545454545,11,100.0,0.0,11,0.0,100.0,0.0,11,9.090909090909092,90.9090909090909,11,n_low,p_medium,k_high,OC_low,pH_neutral,GOOD
20,143,0,163,146,17,163,0,0,163,0,163,0,40,123,0,163,OTTAPIDARAM,6425,6492fcc6680216eb6c940bd1,2026-09-03T18:08:02.702Z,2026-27,TUTICORIN,63f9c989519359b7438e084c,137,0,26,2026-09-16T18:06:09.078Z,0,163,0,0,4,159,0,123,40,6a99b7820649dfa6ff11f3c1,Soil Health Card RKVY,660f941a5c8405ca8375c7c6,TAMIL NADU,63f9be9f519359b7438d08bb,2026-09-16T18:08:21.181Z,Malaipatti,642410,63f9c9b8519359b7438e0cb7,163,100.0,0.0,0.0,163,75.4601226993865,24.539877300613497,0.0,163,0.0,15.950920245398773,84.04907975460122,163,100.0,0.0,0.0,163,75.4601226993865,24.539877300613497,163,0.0,100.0,163,100.0,0.0,163,100.0,0.0,163,87.73006134969326,12.269938650306749,163,100.0,0.0,163,0.0,97.54601226993866,2.4539877300613497,163,10.429447852760736,89.57055214723927,163,n_low,p_low,k_high,OC_low,pH_neutral,GOOD
15,142,0,157,137,20,157,0,0,157,0,157,0,8,149,0,157,OTTAPIDARAM,6425,6492fcc6680216eb6c940bd1,2026-09-02T18:08:59.156Z,2026-27,TUTICORIN,63f9c989519359b7438e084c,128,0,29,2026-09-16T18:06:09.078Z,0,157,0,0,0,157,0,110,47,6a98663bc6fb74a8ae65b417,Soil Health Card RKVY,660f941a5c8405ca8375c7c6,TAMIL NADU,63f9be9f519359b7438d08bb,2026-09-16T18:08:21.181Z,Muramban,642429,63f9c9b9519359b7438e0cc6,157,100.0,0.0,0.0,157,70.06369426751591,29.936305732484076,0.0,157,0.0,18.471337579617835,81.52866242038218,157,100.0,0.0,0.0,157,94.90445859872611,5.095541401273886,157,0.0,100.0,157,100.0,0.0,157,100.0,0.0,157,90.44585987261146,9.554140127388536,157,100.0,0.0,157,0.0,100.0,0.0,157,12.738853503184714,87.26114649681529,157,n_low,p_low,k_high,OC_low,pH_neutral,GOOD
138,79,0,217,216,1,86,131,46,171,0,217,0,157,60,170,47,SATTANKULAM,6427,6492fcc6680216eb6c940bd3,2026-08-31T17:56:56.038Z,2026-27,TUTICORIN,63f9c989519359b7438e084c,123,41,53,2026-09-16T18:06:09.078Z,0,217,0,16,0,201,76,20,121,6a95c068700f6639f44288a0,Soil Health Card RKVY,660f941a5c8405ca8375c7c6,TAMIL NADU,63f9be9f519359b7438d08bb,2026-09-16T18:08:21.181Z,Pudukulam,642610,63f9c9d3519359b7438e0f44,217,100.0,0.0,0.0,217,9.216589861751153,55.76036866359447,35.02304147465438,217,18.89400921658986,24.42396313364055,56.68202764976959,217,100.0,0.0,0.0,217,27.64976958525346,72.35023041474655,217,60.36866359447005,39.63133640552996,217,21.658986175115206,78.3410138248848,217,100.0,0.0,217,36.405529953917046,63.594470046082954,217,78.80184331797236,21.19815668202765,217,7.373271889400922,92.62672811059907,0.0,217,0.4608294930875576,99.53917050691244,217,n_low,p_medium,k_high,OC_low,pH_neutral,GOOD
289,0,0,288,265,24,159,130,0,289,0,289,0,79,210,89,200,SATTANKULAM,6427,6492fcc6680216eb6c940bd3,2026-07-01T17:48:12.028Z,2026-27,TUTICORIN,63f9c989519359b7438e084c,289,0,0,2026-09-16T18:06:09.078Z,0,289,0,0,0,289,8,32,249,6a4552dcfde36702e709996d,Soil Health Card RKVY,660f941a5c8405ca8375c7c6,TAMIL NADU,63f9be9f519359b7438d08bb,2026-09-16T18:08:21.181Z,Pannamparai,642604,63f9c9d3519359b7438e0f49,289,100.0,0.0,0.0,289,11.072664359861593,86.159169550173,2.768166089965398,289,0.0,0.0,100.0,289,100.0,0.0,0.0,289,72.66435986159169,27.33564013840831,289,44.982698961937714,55.017301038062286,289,69.20415224913495,30.79584775086505,288,100.0,0.0,289,0.0,100.0,289,100.0,0.0,289,0.0,100.0,0.0,289,8.304498269896193,91.6955017301038,289,n_low,p_medium,k_high,OC_low,pH_neutral,GOOD
93,179,35,237,269,3,56,216,40,232,0,272,0,146,126,163,109,SATTANKULAM,6427,6492fcc6680216eb6c940bd3,2026-07-28T18:06:04.942Z,2026-27,TUTICORIN,63f9c989519359b7438e084c,157,42,73,2026-09-16T18:06:09.078Z,0,272,0,0,0,272,10,26,236,6a68ef8c1a76497cd6b21610,Soil Health Card RKVY,660f941a5c8405ca8375c7c6,TAMIL NADU,63f9be9f519359b7438d08bb,2026-09-16T18:08:21.181Z,Palangulam ,642600,63f9c9d4519359b7438e0f62,272,100.0,0.0,0.0,272,9.558823529411764,86.76470588235294,3.6764705882352944,272,15.441176470588236,26.838235294117645,57.720588235294116,272,100.0,0.0,0.0,272,46.32352941176471,53.67647058823529,272,79.41176470588235,20.588235294117645,272,40.07352941176471,59.92647058823529,272,87.13235294117648,12.867647058823529,272,65.80882352941177,34.19117647058824,272,85.29411764705883,14.705882352941178,272,0.0,100.0,0.0,272,1.1029411764705883,98.89705882352942,272,n_low,p_medium,k_high,OC_low,pH_neutral,GOOD
2,93,67,28,95,0,65,30,27,68,0,95,0,32,63,27,68,SATTANKULAM,6427,6492fcc6680216eb6c940bd3,2026-08-31T17:56:56.038Z,2026-27,TUTICORIN,63f9c989519359b7438e084c,0,94,1,2026-09-16T18:06:09.078Z,0,95,0,23,0,72,64,0,31,6a95c068700f6639f44288a1,Soil Health Card RKVY,660f941a5c8405ca8375c7c6,TAMIL NADU,63f9be9f519359b7438d08bb,2026-09-16T18:08:21.181Z,Naduvakkurichi,642615,63f9c9d4519359b7438e0f67,95,100.0,0.0,0.0,95,0.0,32.631578947368425,67.36842105263158,95,98.94736842105263,1.0526315789473684,0.0,95,100.0,0.0,0.0,95,66.3157894736842,33.68421052631579,95,31.57894736842105,68.42105263157895,95,71.57894736842105,28.421052631578945,95,29.47368421052631,70.52631578947368,95,97.89473684210527,2.1052631578947367,95,71.57894736842105,28.421052631578945,95,24.210526315789473,75.78947368421053,0.0,95,0.0,100.0,95,n_low,p_high,k_low,OC_low,pH_neutral,GOOD
0,10,0,10,10,0,10,0,0,10,0,0,10,8,2,0,10,THOOTHUKKUDI,6429,6492fcc6680216eb6c940bd7,2026-09-15T18:09:34.228Z,2026-27,TUTICORIN,63f9c989519359b7438e084c,10,0,0,2026-09-16T18:06:09.078Z,0,10,0,0,0,10,2,2,6,6aa989de05ad99588db77b21,Soil Health Card RKVY,660f941a5c8405ca8375c7c6,TAMIL NADU,63f9be9f519359b7438d08bb,2026-09-16T18:08:21.181Z,Kumaragiri (CT),642479,63f9c9b9519359b7438e0cd7,10,100.0,0.0,0.0,10,20.0,60.0,20.0,10,0.0,0.0,100.0,10,0.0,100.0,0.0,10,20.0,80.0,10,0.0,100.0,10,100.0,0.0,10,100.0,0.0,10,100.0,0.0,10,100.0,0.0,10,0.0,100.0,0.0,10,0.0,100.0,10,n_low,p_medium,k_high,OC_medium,pH_neutral,GOOD
0,128,0,128,122,6,128,0,0,128,11,34,83,29,99,0,128,THOOTHUKKUDI,6429,6492fcc6680216eb6c940bd7,2026-09-04T18:06:34.821Z,2026-27,TUTICORIN,63f9c989519359b7438e084c,127,1,0,2026-09-16T18:06:09.078Z,0,115,13,0,4,124,0,34,94,6a9b08aa38dadf9c04333cef,Soil Health Card RKVY,660f941a5c8405ca8375c7c6,TAMIL NADU,63f9be9f519359b7438d08bb,2026-09-16T18:08:21.181Z,Maravanmatam,642464,63f9c9ba519359b7438e0cfa,128,89.84375,10.15625,0.0,128,26.5625,73.4375,0.0,128,0.78125,0.0,99.21875,128,26.5625,64.84375,8.59375,128,77.34375,22.65625,128,0.0,100.0,128,100.0,0.0,128,100.0,0.0,128,100.0,0.0,128,100.0,0.0,128,0.0,96.875,3.125,128,4.6875,95.3125,128,n_low,p_medium,k_high,OC_medium,pH_neutral,GOOD
0,92,0,92,92,0,92,0,0,92,5,40,47,10,82,0,92,THOOTHUKKUDI,6429,6492fcc6680216eb6c940bd7,2026-09-04T18:06:34.822Z,2026-27,TUTICORIN,63f9c989519359b7438e084c,88,0,4,2026-09-16T18:06:09.078Z,0,91,1,0,5,87,0,43,49,6a9b08aa38dadf9c04333cf0,Soil Health Card RKVY,660f941a5c8405ca8375c7c6,TAMIL NADU,63f9be9f519359b7438d08bb,2026-09-16T18:08:21.181Z,Kuttudankadu,642467,63f9c9bd519359b7438e0d36,92,98.91304347826086,1.0869565217391304,0.0,92,46.73913043478261,53.2608695652174,0.0,92,0.0,4.3478260869565215,95.65217391304348,92,43.47826086956522,51.08695652173913,5.434782608695652,92,89.13043478260869,10.869565217391305,92,0.0,100.0,92,100.0,0.0,92,100.0,0.0,92,100.0,0.0,92,100.0,0.0,92,0.0,94.56521739130434,5.434782608695652,92,0.0,100.0,92,n_low,p_medium,k_high,OC_medium,pH_neutral,GOOD
0,34,0,34,34,0,34,0,0,34,0,21,13,0,34,33,1,THOOTHUKKUDI,6429,6492fcc6680216eb6c940bd7,2026-09-15T18:09:34.228Z,2026-27,TUTICORIN,63f9c989519359b7438e084c,34,0,0,2026-09-16T18:06:09.078Z,0,34,0,0,0,34,0,34,0,6aa989de05ad99588db77b22,Soil Health Card RKVY,660f941a5c8405ca8375c7c6,TAMIL NADU,63f9be9f519359b7438d08bb,2026-09-16T18:08:21.181Z,Varthakareddipatti,642468,63f9c9bd519359b7438e0d3b,34,100.0,0.0,0.0,34,100.0,0.0,0.0,34,0.0,0.0,100.0,34,61.76470588235294,38.23529411764706,0.0,34,100.0,0.0,34,0.0,100.0,34,2.941176470588235,97.05882352941177,34,100.0,0.0,34,100.0,0.0,34,100.0,0.0,34,0.0,100.0,0.0,34,0.0,100.0,34,n_low,p_low,k_high,OC_low,pH_neutral,GOOD
0,18,0,18,18,0,18,0,0,18,0,18,0,10,8,3,15,THOOTHUKKUDI,6429,6492fcc6680216eb6c940bd7,2026-09-15T18:09:34.228Z,2026-27,TUTICORIN,63f9c989519359b7438e084c,18,0,0,2026-09-16T18:06:09.078Z,0,18,0,0,0,18,0,18,0,6aa989de05ad99588db77b23,Soil Health Card RKVY,660f941a5c8405ca8375c7c6,TAMIL NADU,63f9be9f519359b7438d08bb,2026-09-16T18:08:21.181Z,Ramanathapuram,642469,63f9c9be519359b7438e0d45,18,100.0,0.0,0.0,18,100.0,0.0,0.0,18,0.0,0.0,100.0,18,100.0,0.0,0.0,18,44.44444444444444,55.55555555555556,18,0.0,100.0,18,83.33333333333334,16.666666666666664,18,100.0,0.0,18,100.0,0.0,18,100.0,0.0,18,0.0,100.0,0.0,18,0.0,100.0,18,n_low,p_low,k_high,OC_low,pH_neutral,GOOD
0,38,0,38,38,0,38,0,0,38,0,32,6,32,6,35,3,THOOTHUKKUDI,6429,6492fcc6680216eb6c940bd7,2026-09-15T18:09:34.228Z,2026-27,TUTICORIN,63f9c989519359b7438e084c,38,0,0,2026-09-16T18:06:09.078Z,0,38,0,0,0,38,0,38,0,6aa989de05ad99588db77b24,Soil Health Card RKVY,660f941a5c8405ca8375c7c6,TAMIL NADU,63f9be9f519359b7438d08bb,2026-09-16T18:08:21.181Z,Dalvaypuram,642459,63f9c9be519359b7438e0d54,38,100.0,0.0,0.0,38,100.0,0.0,0.0,38,0.0,0.0,100.0,38,84.21052631578947,15.789473684210526,0.0,38,15.789473684210526,84.21052631578947,38,0.0,100.0,38,7.894736842105263,92.10526315789474,38,100.0,0.0,38,100.0,0.0,38,100.0,0.0,38,0.0,100.0,0.0,38,0.0,100.0,38,n_low,p_low,k_high,OC_low,pH_neutral,GOOD
139,1,0,140,140,0,86,54,0,140,0,140,0,1,139,4,136,THOOTHUKKUDI,6429,6492fcc6680216eb6c940bd7,2026-09-01T17:56:44.447Z,2026-27,TUTICORIN,63f9c989519359b7438e084c,21,0,119,2026-09-16T18:06:09.078Z,0,140,0,1,0,139,19,65,56,6a9711dc0fb5ed24f8eeec4b,Soil Health Card RKVY,660f941a5c8405ca8375c7c6,TAMIL NADU,63f9be9f519359b7438d08bb,2026-09-16T18:08:21.181Z,Mudivaithanendal,642470,63f9c9bf519359b7438e0d59,140,100.0,0.0,0.0,140,46.42857142857143,40.0,13.571428571428571,140,0.0,85.0,15.0,140,100.0,0.0,0.0,140,99.28571428571429,0.7142857142857143,140,38.57142857142858,61.42857142857143,140,97.14285714285714,2.857142857142857,140,100.0,0.0,140,0.7142857142857143,99.28571428571429,140,100.0,0.0,140,0.7142857142857143,99.28571428571429,0.0,140,0.0,100.0,140,n_low,p_low,k_medium,OC_low,pH_neutral,GOOD
28,32,0,60,60,0,60,0,0,60,0,60,0,0,60,0,60,MADHANUR,6444,6492fcc3680216eb6c940b79,2026-08-31T17:56:56.044Z,2026-27,Tirupathur,63f9cd80519359b7438e6435,0,0,60,2026-09-16T18:06:09.078Z,0,60,0,0,0,60,0,0,60,6a95c068700f6639f44288a6,Soil Health Card RKVY,660f941a5c8405ca8375c7c6,TAMIL NADU,63f9be9f519359b7438d08bb,2026-09-16T18:08:21.181Z,Karapattu,631013,63f9cd9a519359b7438e6685,60,100.0,0.0,0.0,60,0.0,100.0,0.0,60,0.0,100.0,0.0,60,100.0,0.0,0.0,60,100.0,0.0,60,0.0,100.0,60,100.0,0.0,60,100.0,0.0,60,53.333333333333336,46.666666666666664,60,100.0,0.0,60,0.0,100.0,0.0,60,0.0,100.0,60,n_low,p_medium,k_medium,OC_low,pH_neutral,GOOD
9,0,0,9,9,0,9,0,0,9,0,9,0,0,9,0,9,JOLARPET,6438,6492fcc3680216eb6c940b7d,2026-09-07T18:11:10.135Z,2026-27,Tirupathur,63f9cd80519359b7438e6435,0,0,9,2026-09-16T18:06:09.078Z,0,9,0,0,0,9,0,0,9,6a9efe3e96c54e28dc2b1f29,Soil Health Card RKVY,660f941a5c8405ca8375c7c6,TAMIL NADU,63f9be9f519359b7438d08bb,2026-09-16T18:08:21.181Z,Chinnamottur,631074,63f9cdb2519359b7438e68b4,9,100.0,0.0,0.0,9,0.0,100.0,0.0,9,0.0,100.0,0.0,9,100.0,0.0,0.0,9,100.0,0.0,9,0.0,100.0,9,100.0,0.0,9,100.0,0.0,9,0.0,100.0,9,100.0,0.0,9,0.0,100.0,0.0,9,0.0,100.0,9,n_low,p_medium,k_medium,OC_low,pH_neutral,GOOD
0,34,0,34,34,0,34,0,4,30,0,34,0,2,32,0,34,JOLARPET,6438,6492fcc3680216eb6c940b7d,2026-08-28T17:53:48.077Z,2026-27,Tirupathur,63f9cd80519359b7438e6435,0,0,34,2026-09-16T18:06:09.078Z,0,34,0,0,0,34,0,0,34,6a91cb2c5c17f4f3a547d9b7,Soil Health Card RKVY,660f941a5c8405ca8375c7c6,TAMIL NADU,63f9be9f519359b7438d08bb,2026-09-16T18:08:21.181Z,Agraharam,631090,63f9cdb4519359b7438e68d2,34,100.0,0.0,0.0,34,0.0,100.0,0.0,34,0.0,100.0,0.0,34,100.0,0.0,0.0,34,94.11764705882352,5.88235294117647,34,0.0,100.0,34,100.0,0.0,34,100.0,0.0,34,100.0,0.0,34,88.23529411764706,11.76470588235294,34,0.0,100.0,0.0,34,0.0,100.0,34,n_low,p_medium,k_medium,OC_low,pH_neutral,GOOD
6,46,0,52,52,0,52,0,0,52,0,46,6,0,52,0,52,JOLARPET,6438,6492fcc3680216eb6c940b7d,2026-08-19T17:52:00.838Z,2026-27,Tirupathur,63f9cd80519359b7438e6435,4,1,47,2026-09-16T18:06:09.078Z,0,52,0,0,0,52,0,9,43,6a85ed4046db0790f5186ea5,Soil Health Card RKVY,660f941a5c8405ca8375c7c6,TAMIL NADU,63f9be9f519359b7438d08bb,2026-09-16T18:08:21.181Z,Mallapalli,631089,63f9cdb4519359b7438e68dc,52,100.0,0.0,0.0,52,17.307692307692307,82.6923076923077,0.0,52,1.9230769230769231,90.38461538461539,7.6923076923076925,52,88.46153846153845,11.538461538461538,0.0,52,100.0,0.0,52,0.0,100.0,52,100.0,0.0,52,100.0,0.0,52,88.46153846153845,11.538461538461538,52,100.0,0.0,52,0.0,100.0,0.0,52,0.0,100.0,52,n_low,p_medium,k_medium,OC_low,pH_neutral,GOOD
0,8,0,8,8,0,8,0,0,8,0,8,0,1,7,0,8,JOLARPET,6438,6492fcc3680216eb6c940b7d,2026-08-31T17:56:56.044Z,2026-27,Tirupathur,63f9cd80519359b7438e6435,0,0,8,2026-09-16T18:06:09.078Z,0,8,0,0,0,8,0,0,8,6a95c068700f6639f44288a7,Soil Health Card RKVY,660f941a5c8405ca8375c7c6,TAMIL NADU,63f9be9f519359b7438d08bb,2026-09-16T18:08:21.181Z,Peddakallupalli,630945,63f9cdb5519359b7438e68f5,8,100.0,0.0,0.0,8,0.0,100.0,0.0,8,0.0,100.0,0.0,8,100.0,0.0,0.0,8,87.5,12.5,8,0.0,100.0,8,100.0,0.0,8,100.0,0.0,8,100.0,0.0,8,100.0,0.0,8,0.0,100.0,0.0,8,0.0,100.0,8,n_low,p_medium,k_medium,OC_low,pH_neutral,GOOD
18,8,0,26,26,0,26,0,0,26,0,26,0,9,17,0,26,NATRAMPALLI,6445,6492fcc3680216eb6c940b7f,2026-09-08T18:04:10.756Z,2026-27,Tirupathur,63f9cd80519359b7438e6435,2,0,24,2026-09-16T18:06:09.078Z,0,26,0,0,0,26,4,0,22,6aa04e1a4fbfe3b4fac524ec,Soil Health Card RKVY,660f941a5c8405ca8375c7c6,TAMIL NADU,63f9be9f519359b7438d08bb,2026-09-16T18:08:21.181Z,Nayanaseruvu,631069,63f9cdb3519359b7438e68c3,26,100.0,0.0,0.0,26,0.0,84.61538461538461,15.384615384615385,26,0.0,92.3076923076923,7.6923076923076925,26,100.0,0.0,0.0,26,65.38461538461539,34.61538461538461,26,0.0,100.0,26,100.0,0.0,26,100.0,0.0,26,30.76923076923077,69.23076923076923,26,100.0,0.0,26,0.0,100.0,0.0,26,0.0,100.0,26,n_low,p_medium,k_medium,OC_low,pH_neutral,GOOD
6,0,0,6,6,0,6,0,0,6,0,6,0,2,4,0,6,NATRAMPALLI,6445,6492fcc3680216eb6c940b7f,2026-09-08T18:04:10.756Z,2026-27,Tirupathur,63f9cd80519359b7438e6435,0,0,6,2026-09-16T18:06:09.078Z,0,6,0,0,0,6,0,0,6,6aa04e1a4fbfe3b4fac524ed,Soil Health Card RKVY,660f941a5c8405ca8375c7c6,TAMIL NADU,63f9be9f519359b7438d08bb,2026-09-16T18:08:21.181Z,Mallangunda,630948,63f9cdb3519359b7438e68cd,6,100.0,0.0,0.0,6,0.0,100.0,0.0,6,0.0,100.0,0.0,6,100.0,0.0,0.0,6,66.66666666666666,33.33333333333333,6,0.0,100.0,6,100.0,0.0,6,100.0,0.0,6,0.0,100.0,6,100.0,0.0,6,0.0,100.0,0.0,6,0.0,100.0,6,n_low,p_medium,k_medium,OC_low,pH_neutral,GOOD
1,0,0,1,1,0,1,0,0,1,0,1,0,0,1,0,1,NATRAMPALLI,6445,6492fcc3680216eb6c940b7f,2026-09-08T18:04:10.756Z,2026-27,Tirupathur,63f9cd80519359b7438e6435,0,0,1,2026-09-16T18:06:09.078Z,0,1,0,0,0,1,0,0,1,6aa04e1a4fbfe3b4fac524ee,Soil Health Card RKVY,660f941a5c8405ca8375c7c6,TAMIL NADU,63f9be9f519359b7438d08bb,2026-09-16T18:08:21.181Z,Sorakanatham,631068,63f9cdb5519359b7438e68fa,1,100.0,0.0,0.0,1,0.0,100.0,0.0,1,0.0,100.0,0.0,1,100.0,0.0,0.0,1,100.0,0.0,1,0.0,100.0,1,100.0,0.0,1,100.0,0.0,1,0.0,100.0,1,100.0,0.0,1,0.0,100.0,0.0,1,0.0,100.0,1,n_low,p_medium,k_medium,OC_low,pH_neutral,VERY_LIMITED
0,2,0,2,2,0,2,0,0,2,0,2,0,2,0,0,2,NATRAMPALLI,6445,6492fcc3680216eb6c940b7f,2026-09-08T18:04:10.756Z,2026-27,Tirupathur,63f9cd80519359b7438e6435,0,0,2,2026-09-16T18:06:09.078Z,0,2,0,0,0,2,0,0,2,6aa04e1a4fbfe3b4fac524ef,Soil Health Card RKVY,660f941a5c8405ca8375c7c6,TAMIL NADU,63f9be9f519359b7438d08bb,2026-09-16T18:08:21.181Z,Kurumbavanigunta,630935,63f9cdb6519359b7438e6913,2,100.0,0.0,0.0,2,0.0,100.0,0.0,2,0.0,100.0,0.0,2,100.0,0.0,0.0,2,0.0,100.0,2,0.0,100.0,2,100.0,0.0,2,100.0,0.0,2,100.0,0.0,2,100.0,0.0,2,0.0,100.0,0.0,2,0.0,100.0,2,n_low,p_medium,k_medium,OC_low,pH_neutral,LIMITED
3,0,0,3,3,0,3,0,2,1,0,1,2,3,0,1,2,VIKRAVANDI,6474,6492fcc8680216eb6c940bff,2026-09-09T18:08:01.625Z,2026-27,VILLUPURAM,63f9ca3a519359b7438e194b,1,0,2,2026-09-16T18:06:09.078Z,0,3,0,0,0,3,3,0,0,6aa1a081a9301e4c4acd10f9,Soil Health Card RKVY,660f941a5c8405ca8375c7c6,TAMIL NADU,63f9be9f519359b7438d08bb,2026-09-16T18:08:21.181Z,Vikravandi R.F.,633049,63f9caa8519359b7438e239c,3,100.0,0.0,0.0,3,0.0,0.0,100.0,3,0.0,66.66666666666666,33.33333333333333,3,33.33333333333333,66.66666666666666,0.0,3,0.0,100.0,3,0.0,100.0,3,66.66666666666666,33.33333333333333,3,100.0,0.0,3,0.0,100.0,3,33.33333333333333,66.66666666666666,3,0.0,100.0,0.0,3,0.0,100.0,3,n_low,p_high,k_medium,OC_medium,pH_neutral,LIMITED
6,0,0,6,6,0,6,0,6,0,0,6,0,0,6,0,6,VIKRAVANDI,6474,6492fcc8680216eb6c940bff,2026-09-15T18:09:34.229Z,2026-27,VILLUPURAM,63f9ca3a519359b7438e194b,0,0,6,2026-09-16T18:06:09.078Z,0,6,0,0,0,6,6,0,0,6aa989de05ad99588db77b28,Soil Health Card RKVY,660f941a5c8405ca8375c7c6,TAMIL NADU,63f9be9f519359b7438d08bb,2026-09-16T18:08:21.181Z,Sattanur,632884,63f9cab5519359b7438e24d9,6,100.0,0.0,0.0,6,0.0,0.0,100.0,6,0.0,100.0,0.0,6,100.0,0.0,0.0,6,100.0,0.0,6,0.0,100.0,6,100.0,0.0,6,100.0,0.0,6,0.0,100.0,6,0.0,100.0,6,0.0,100.0,0.0,6,0.0,100.0,6,n_low,p_high,k_medium,OC_low,pH_neutral,GOOD
9,0,0,9,9,0,9,0,9,0,1,7,1,9,0,1,8,VIKRAVANDI,6474,6492fcc8680216eb6c940bff,2026-09-09T18:08:01.625Z,2026-27,VILLUPURAM,63f9ca3a519359b7438e194b,7,0,2,2026-09-16T18:06:09.078Z,0,9,0,0,0,9,2,0,7,6aa1a081a9301e4c4acd10fc,Soil Health Card RKVY,660f941a5c8405ca8375c7c6,TAMIL NADU,63f9be9f519359b7438d08bb,2026-09-16T18:08:21.181Z,Kundalappuliyur,632872,63f9cab6519359b7438e24f7,9,100.0,0.0,0.0,9,0.0,77.77777777777779,22.22222222222222,9,0.0,22.22222222222222,77.77777777777779,9,77.77777777777779,11.11111111111111,11.11111111111111,9,0.0,100.0,9,0.0,100.0,9,88.88888888888889,11.11111111111111,9,100.0,0.0,9,0.0,100.0,9,0.0,100.0,9,0.0,100.0,0.0,9,0.0,100.0,9,n_low,p_medium,k_high,OC_low,pH_neutral,GOOD
7,0,0,7,7,0,7,0,7,0,0,7,0,0,7,0,7,VIKRAVANDI,6474,6492fcc8680216eb6c940bff,2026-09-15T18:09:34.229Z,2026-27,VILLUPURAM,63f9ca3a519359b7438e194b,0,0,7,2026-09-16T18:06:09.078Z,0,7,0,0,0,7,7,0,0,6aa989de05ad99588db77b29,Soil Health Card RKVY,660f941a5c8405ca8375c7c6,TAMIL NADU,63f9be9f519359b7438d08bb,2026-09-16T18:08:21.181Z,Vakkur,632935,63f9cabf519359b7438e25bf,7,100.0,0.0,0.0,7,0.0,0.0,100.0,7,0.0,100.0,0.0,7,100.0,0.0,0.0,7,100.0,0.0,7,0.0,100.0,7,100.0,0.0,7,100.0,0.0,7,0.0,100.0,7,0.0,100.0,7,0.0,100.0,0.0,7,0.0,100.0,7,n_low,p_high,k_medium,OC_low,pH_neutral,GOOD
2,0,0,2,2,0,2,0,2,0,0,2,0,0,2,0,2,VIKRAVANDI,6474,6492fcc8680216eb6c940bff,2026-09-15T18:09:34.229Z,2026-27,VILLUPURAM,63f9ca3a519359b7438e194b,0,0,2,2026-09-16T18:06:09.078Z,0,2,0,0,0,2,2,0,0,6aa989de05ad99588db77b2a,Soil Health Card RKVY,660f941a5c8405ca8375c7c6,TAMIL NADU,63f9be9f519359b7438d08bb,2026-09-16T18:08:21.181Z,Pappanapattu,632892,63f9cac2519359b7438e2600,2,100.0,0.0,0.0,2,0.0,0.0,100.0,2,0.0,100.0,0.0,2,100.0,0.0,0.0,2,100.0,0.0,2,0.0,100.0,2,100.0,0.0,2,100.0,0.0,2,0.0,100.0,2,0.0,100.0,2,0.0,100.0,0.0,2,0.0,100.0,2,n_low,p_high,k_medium,OC_low,pH_neutral,LIMITED
1,0,0,1,1,0,1,0,1,0,0,1,0,0,1,0,1,VIKRAVANDI,6474,6492fcc8680216eb6c940bff,2026-09-15T18:09:34.229Z,2026-27,VILLUPURAM,63f9ca3a519359b7438e194b,0,0,1,2026-09-16T18:06:09.078Z,0,1,0,0,0,1,1,0,0,6aa989de05ad99588db77b2b,Soil Health Card RKVY,660f941a5c8405ca8375c7c6,TAMIL NADU,63f9be9f519359b7438d08bb,2026-09-16T18:08:21.181Z,Panappakkam,632891,63f9cac2519359b7438e2605,1,100.0,0.0,0.0,1,0.0,0.0,100.0,1,0.0,100.0,0.0,1,100.0,0.0,0.0,1,100.0,0.0,1,0.0,100.0,1,100.0,0.0,1,100.0,0.0,1,0.0,100.0,1,0.0,100.0,1,0.0,100.0,0.0,1,0.0,100.0,1,n_low,p_high,k_medium,OC_low,pH_neutral,VERY_LIMITED
4,0,0,4,4,0,4,0,4,0,2,1,1,4,0,1,3,VIKRAVANDI,6474,6492fcc8680216eb6c940bff,2026-09-09T18:08:01.626Z,2026-27,VILLUPURAM,63f9ca3a519359b7438e194b,1,0,3,2026-09-16T18:06:09.078Z,0,4,0,0,0,4,4,0,0,6aa1a081a9301e4c4acd10fd,Soil Health Card RKVY,660f941a5c8405ca8375c7c6,TAMIL NADU,63f9be9f519359b7438d08bb,2026-09-16T18:08:21.181Z,Avadaiyarpattu,632885,63f9cac3519359b7438e2619,4,100.0,0.0,0.0,4,0.0,0.0,100.0,4,0.0,75.0,25.0,4,25.0,25.0,50.0,4,0.0,100.0,4,0.0,100.0,4,75.0,25.0,4,100.0,0.0,4,0.0,100.0,4,0.0,100.0,4,0.0,100.0,0.0,4,0.0,100.0,4,n_low,p_high,k_medium,OC_high,pH_neutral,LIMITED
2,0,0,2,2,0,2,0,2,0,0,2,0,2,0,0,2,VIKRAVANDI,6474,6492fcc8680216eb6c940bff,2026-09-09T18:08:01.626Z,2026-27,VILLUPURAM,63f9ca3a519359b7438e194b,1,0,1,2026-09-16T18:06:09.078Z,0,2,0,0,0,2,2,0,0,6aa1a081a9301e4c4acd10fe,Soil Health Card RKVY,660f941a5c8405ca8375c7c6,TAMIL NADU,63f9be9f519359b7438d08bb,2026-09-16T18:08:21.181Z,Salai (Vikravandi),632862,63f9cac4519359b7438e2641,2,100.0,0.0,0.0,2,0.0,0.0,100.0,2,0.0,50.0,50.0,2,100.0,0.0,0.0,2,0.0,100.0,2,0.0,100.0,2,100.0,0.0,2,100.0,0.0,2,0.0,100.0,2,0.0,100.0,2,0.0,100.0,0.0,2,0.0,100.0,2,n_low,p_high,k_medium,OC_low,pH_neutral,LIMITED
8,0,0,8,8,0,8,0,8,0,0,8,0,0,8,0,8,VIKRAVANDI,6474,6492fcc8680216eb6c940bff,2026-09-15T18:09:34.230Z,2026-27,VILLUPURAM,63f9ca3a519359b7438e194b,1,0,7,2026-09-16T18:06:09.078Z,0,8,0,0,0,8,4,0,4,6aa989de05ad99588db77b2c,Soil Health Card RKVY,660f941a5c8405ca8375c7c6,TAMIL NADU,63f9be9f519359b7438d08bb,2026-09-16T18:08:21.181Z,Senji kunnathur,632825,63f9cac8519359b7438e2696,8,100.0,0.0,0.0,8,0.0,50.0,50.0,8,0.0,87.5,12.5,8,100.0,0.0,0.0,8,100.0,0.0,8,0.0,100.0,8,100.0,0.0,8,100.0,0.0,8,0.0,100.0,8,0.0,100.0,8,0.0,100.0,0.0,8,0.0,100.0,8,n_low,p_medium,k_medium,OC_low,pH_neutral,GOOD
1,0,0,1,1,0,1,0,1,0,0,1,0,0,1,0,1,KOLIYANUR,6459,6492fcc8680216eb6c940c01,2026-09-15T18:09:34.229Z,2026-27,VILLUPURAM,63f9ca3a519359b7438e194b,1,0,0,2026-09-16T18:06:09.078Z,0,1,0,0,0,1,1,0,0,6aa989de05ad99588db77b25,Soil Health Card RKVY,660f941a5c8405ca8375c7c6,TAMIL NADU,63f9be9f519359b7438d08bb,2026-09-16T18:08:21.181Z,Melpadi,632950,63f9ca97519359b7438e21fd,1,100.0,0.0,0.0,1,0.0,0.0,100.0,1,0.0,0.0,100.0,1,100.0,0.0,0.0,1,100.0,0.0,1,0.0,100.0,1,100.0,0.0,1,100.0,0.0,1,0.0,100.0,1,0.0,100.0,1,0.0,100.0,0.0,1,0.0,100.0,1,n_low,p_high,k_high,OC_low,pH_neutral,VERY_LIMITED
4,0,0,4,3,1,4,0,4,0,0,4,0,1,3,0,4,KOLIYANUR,6459,6492fcc8680216eb6c940c01,2026-09-16T18:08:24.852Z,2026-27,VILLUPURAM,63f9ca3a519359b7438e194b,0,0,4,2026-09-16T18:06:09.078Z,0,4,0,0,0,4,4,0,0,6aaadb18815951ad19d1c528,Soil Health Card RKVY,660f941a5c8405ca8375c7c6,TAMIL NADU,63f9be9f519359b7438d08bb,2026-09-16T18:08:24.852Z,Naraiyur,632968,63f9ca97519359b7438e2207,4,100.0,0.0,0.0,4,0.0,0.0,100.0,4,0.0,100.0,0.0,4,100.0,0.0,0.0,4,75.0,25.0,4,0.0,100.0,4,100.0,0.0,4,100.0,0.0,4,0.0,100.0,4,0.0,100.0,4,0.0,100.0,0.0,4,25.0,75.0,4,n_low,p_high,k_medium,OC_low,pH_neutral,LIMITED
5,0,0,5,5,0,5,0,5,0,0,5,0,0,5,1,4,KOLIYANUR,6459,6492fcc8680216eb6c940c01,2026-09-16T18:08:24.853Z,2026-27,VILLUPURAM,63f9ca3a519359b7438e194b,2,0,3,2026-09-16T18:06:09.078Z,0,5,0,0,0,5,5,0,0,6aaadb18815951ad19d1c529,Soil Health Card RKVY,660f941a5c8405ca8375c7c6,TAMIL NADU,63f9be9f519359b7438d08bb,2026-09-16T18:08:24.853Z,Valavanur - ,933127,63f9ca9c519359b7438e2266,5,100.0,0.0,0.0,5,0.0,0.0,100.0,5,0.0,60.0,40.0,5,100.0,0.0,0.0,5,100.0,0.0,5,0.0,100.0,5,80.0,20.0,5,100.0,0.0,5,0.0,100.0,5,0.0,100.0,5,0.0,100.0,0.0,5,0.0,100.0,5,n_low,p_high,k_medium,OC_low,pH_neutral,GOOD
1,0,0,1,1,0,1,0,1,0,0,1,0,0,1,0,1,KOLIYANUR,6459,6492fcc8680216eb6c940c01,2026-09-16T18:08:24.853Z,2026-27,VILLUPURAM,63f9ca3a519359b7438e194b,0,0,1,2026-09-16T18:06:09.078Z,0,1,0,0,0,1,1,0,0,6aaadb18815951ad19d1c52a,Soil Health Card RKVY,660f941a5c8405ca8375c7c6,TAMIL NADU,63f9be9f519359b7438d08bb,2026-09-16T18:08:24.853Z,Kudumiyankuppam,632967,63f9caa2519359b7438e2306,1,100.0,0.0,0.0,1,0.0,0.0,100.0,1,0.0,100.0,0.0,1,100.0,0.0,0.0,1,100.0,0.0,1,0.0,100.0,1,100.0,0.0,1,100.0,0.0,1,0.0,100.0,1,0.0,100.0,1,0.0,100.0,0.0,1,0.0,100.0,1,n_low,p_high,k_medium,OC_low,pH_neutral,VERY_LIMITED
4,0,0,4,4,0,4,0,4,0,0,4,0,0,4,0,4,KOLIYANUR,6459,6492fcc8680216eb6c940c01,2026-09-16T18:08:24.853Z,2026-27,VILLUPURAM,63f9ca3a519359b7438e194b,2,0,2,2026-09-16T18:06:09.078Z,0,4,0,0,0,4,4,0,0,6aaadb18815951ad19d1c52b,Soil Health Card RKVY,660f941a5c8405ca8375c7c6,TAMIL NADU,63f9be9f519359b7438d08bb,2026-09-16T18:08:24.853Z,Illangadu,632957,63f9caa3519359b7438e231a,4,100.0,0.0,0.0,4,0.0,0.0,100.0,4,0.0,50.0,50.0,4,100.0,0.0,0.0,4,100.0,0.0,4,0.0,100.0,4,100.0,0.0,4,100.0,0.0,4,0.0,100.0,4,0.0,100.0,4,0.0,100.0,0.0,4,0.0,100.0,4,n_low,p_high,k_medium,OC_low,pH_neutral,LIMITED
2,0,0,2,2,0,2,0,2,0,0,2,0,1,1,1,1,KOLIYANUR,6459,6492fcc8680216eb6c940c01,2026-09-11T18:14:53.294Z,2026-27,VILLUPURAM,63f9ca3a519359b7438e194b,2,0,0,2026-09-16T18:06:09.078Z,0,2,0,0,0,2,2,0,0,6aa4451dbe4706ff667e9540,Soil Health Card RKVY,660f941a5c8405ca8375c7c6,TAMIL NADU,63f9be9f519359b7438d08bb,2026-09-16T18:08:21.181Z,Asarakuppam,632903,63f9caa5519359b7438e2347,2,100.0,0.0,0.0,2,0.0,0.0,100.0,2,0.0,0.0,100.0,2,100.0,0.0,0.0,2,50.0,50.0,2,0.0,100.0,2,50.0,50.0,2,100.0,0.0,2,0.0,100.0,2,0.0,100.0,2,0.0,100.0,0.0,2,0.0,100.0,2,n_low,p_high,k_high,OC_low,pH_neutral,LIMITED
4,0,0,4,4,0,4,0,4,0,1,3,0,0,4,1,3,KOLIYANUR,6459,6492fcc8680216eb6c940c01,2026-09-11T18:14:53.294Z,2026-27,VILLUPURAM,63f9ca3a519359b7438e194b,1,0,3,2026-09-16T18:06:09.078Z,0,4,0,0,0,4,4,0,0,6aa4451dbe4706ff667e9541,Soil Health Card RKVY,660f941a5c8405ca8375c7c6,TAMIL NADU,63f9be9f519359b7438d08bb,2026-09-16T18:08:21.181Z,Cholampundi,632919,63f9caa5519359b7438e234c,4,100.0,0.0,0.0,4,0.0,0.0,100.0,4,0.0,75.0,25.0,4,75.0,0.0,25.0,4,100.0,0.0,4,0.0,100.0,4,75.0,25.0,4,100.0,0.0,4,0.0,100.0,4,0.0,100.0,4,0.0,100.0,0.0,4,0.0,100.0,4,n_low,p_high,k_medium,OC_low,pH_neutral,LIMITED
4,0,0,4,4,0,4,0,4,0,0,4,0,0,4,1,3,KOLIYANUR,6459,6492fcc8680216eb6c940c01,2026-09-15T18:09:34.229Z,2026-27,VILLUPURAM,63f9ca3a519359b7438e194b,0,0,4,2026-09-16T18:06:09.078Z,0,4,0,0,0,4,4,0,0,6aa989de05ad99588db77b26,Soil Health Card RKVY,660f941a5c8405ca8375c7c6,TAMIL NADU,63f9be9f519359b7438d08bb,2026-09-16T18:08:21.181Z,Erumananthangal - ,933085,63f9caa7519359b7438e2383,4,100.0,0.0,0.0,4,0.0,0.0,100.0,4,0.0,100.0,0.0,4,100.0,0.0,0.0,4,100.0,0.0,4,0.0,100.0,4,75.0,25.0,4,100.0,0.0,4,0.0,100.0,4,0.0,100.0,4,0.0,100.0,0.0,4,0.0,100.0,4,n_low,p_high,k_medium,OC_low,pH_neutral,LIMITED
8,0,0,8,8,0,8,0,6,2,1,7,0,8,0,2,6,KOLIYANUR,6459,6492fcc8680216eb6c940c01,2026-09-09T18:08:01.625Z,2026-27,VILLUPURAM,63f9ca3a519359b7438e194b,5,0,3,2026-09-16T18:06:09.078Z,0,8,0,0,0,8,7,0,1,6aa1a081a9301e4c4acd10fa,Soil Health Card RKVY,660f941a5c8405ca8375c7c6,TAMIL NADU,63f9be9f519359b7438d08bb,2026-09-16T18:08:21.181Z,Malavarayanur,632987,63f9caad519359b7438e2405,8,100.0,0.0,0.0,8,0.0,12.5,87.5,8,0.0,37.5,62.5,8,87.5,0.0,12.5,8,0.0,100.0,8,0.0,100.0,8,75.0,25.0,8,100.0,0.0,8,0.0,100.0,8,25.0,75.0,8,0.0,100.0,0.0,8,0.0,100.0,8,n_low,p_high,k_high,OC_low,pH_neutral,GOOD
2,0,0,2,2,0,2,0,2,0,0,2,0,2,0,0,2,KOLIYANUR,6459,6492fcc8680216eb6c940c01,2026-09-09T18:08:01.625Z,2026-27,VILLUPURAM,63f9ca3a519359b7438e194b,2,0,0,2026-09-16T18:06:09.078Z,0,2,0,0,0,2,2,0,0,6aa1a081a9301e4c4acd10fb,Soil Health Card RKVY,660f941a5c8405ca8375c7c6,TAMIL NADU,63f9be9f519359b7438d08bb,2026-09-16T18:08:21.181Z,Salayampalayam (East),632988,63f9caad519359b7438e240a,2,100.0,0.0,0.0,2,0.0,0.0,100.0,2,0.0,0.0,100.0,2,100.0,0.0,0.0,2,0.0,100.0,2,0.0,100.0,2,100.0,0.0,2,100.0,0.0,2,0.0,100.0,2,0.0,100.0,2,0.0,100.0,0.0,2,0.0,100.0,2,n_low,p_high,k_high,OC_low,pH_neutral,LIMITED
3,0,0,3,3,0,3,0,3,0,0,3,0,1,2,0,3,KOLIYANUR,6459,6492fcc8680216eb6c940c01,2026-09-16T18:08:24.853Z,2026-27,VILLUPURAM,63f9ca3a519359b7438e194b,1,0,2,2026-09-16T18:06:09.078Z,0,3,0,0,0,3,3,0,0,6aaadb18815951ad19d1c52c,Soil Health Card RKVY,660f941a5c8405ca8375c7c6,TAMIL NADU,63f9be9f519359b7438d08bb,2026-09-16T18:08:24.853Z,Peddureddikuppam,632956,63f9caad519359b7438e240f,3,100.0,0.0,0.0,3,0.0,0.0,100.0,3,0.0,66.66666666666666,33.33333333333333,3,100.0,0.0,0.0,3,66.66666666666666,33.33333333333333,3,0.0,100.0,3,100.0,0.0,3,100.0,0.0,3,0.0,100.0,3,0.0,100.0,3,0.0,100.0,0.0,3,0.0,100.0,3,n_low,p_high,k_medium,OC_low,pH_neutral,LIMITED
3,0,0,3,3,0,3,0,3,0,0,3,0,1,2,0,3,KOLIYANUR,6459,6492fcc8680216eb6c940c01,2026-09-16T18:08:24.853Z,2026-27,VILLUPURAM,63f9ca3a519359b7438e194b,1,0,2,2026-09-16T18:06:09.078Z,0,3,0,0,0,3,3,0,0,6aaadb18815951ad19d1c52d,Soil Health Card RKVY,660f941a5c8405ca8375c7c6,TAMIL NADU,63f9be9f519359b7438d08bb,2026-09-16T18:08:24.853Z,Kallappattu,632955,63f9caae519359b7438e2428,3,100.0,0.0,0.0,3,0.0,0.0,100.0,3,0.0,66.66666666666666,33.33333333333333,3,100.0,0.0,0.0,3,66.66666666666666,33.33333333333333,3,0.0,100.0,3,100.0,0.0,3,100.0,0.0,3,0.0,100.0,3,0.0,100.0,3,0.0,100.0,0.0,3,0.0,100.0,3,n_low,p_high,k_medium,OC_low,pH_neutral,LIMITED
4,0,0,4,4,0,4,0,4,0,0,4,0,2,2,0,4,KOLIYANUR,6459,6492fcc8680216eb6c940c01,2026-09-15T18:09:34.229Z,2026-27,VILLUPURAM,63f9ca3a519359b7438e194b,2,0,2,2026-09-16T18:06:09.078Z,0,4,0,0,0,4,2,0,2,6aa989de05ad99588db77b27,Soil Health Card RKVY,660f941a5c8405ca8375c7c6,TAMIL NADU,63f9be9f519359b7438d08bb,2026-09-16T18:08:21.181Z,Salaiagaram,632953,63f9caaf519359b7438e242d,4,100.0,0.0,0.0,4,0.0,50.0,50.0,4,0.0,50.0,50.0,4,100.0,0.0,0.0,4,50.0,50.0,4,0.0,100.0,4,100.0,0.0,4,100.0,0.0,4,0.0,100.0,4,0.0,100.0,4,0.0,100.0,0.0,4,0.0,100.0,4,n_low,p_medium,k_medium,OC_low,pH_neutral,LIMITED
2,0,0,2,2,0,2,0,2,0,0,2,0,2,0,0,2,KOLIYANUR,6459,6492fcc8680216eb6c940c01,2026-09-11T18:14:53.294Z,2026-27,VILLUPURAM,63f9ca3a519359b7438e194b,1,0,1,2026-09-16T18:06:09.078Z,0,2,0,0,0,2,1,0,1,6aa4451dbe4706ff667e9542,Soil Health Card RKVY,660f941a5c8405ca8375c7c6,TAMIL NADU,63f9be9f519359b7438d08bb,2026-09-16T18:08:21.181Z,Idappalaiyam,632928,63f9caaf519359b7438e2441,2,100.0,0.0,0.0,2,0.0,50.0,50.0,2,0.0,50.0,50.0,2,100.0,0.0,0.0,2,0.0,100.0,2,0.0,100.0,2,100.0,0.0,2,100.0,0.0,2,0.0,100.0,2,0.0,100.0,2,0.0,100.0,0.0,2,0.0,100.0,2,n_low,p_medium,k_medium,OC_low,pH_neutral,LIMITED
5,35,8,32,40,0,40,0,0,40,0,32,8,40,0,27,13,TIRUCHULI,6482,6492fcc8680216eb6c940c03,2026-09-02T18:08:59.158Z,2026-27,VIRUDHUNAGAR,63f9cb02519359b7438e2c10,40,0,0,2026-09-16T18:06:09.078Z,0,40,0,0,1,39,0,37,3,6a98663bc6fb74a8ae65b418,Soil Health Card RKVY,660f941a5c8405ca8375c7c6,TAMIL NADU,63f9be9f519359b7438d08bb,2026-09-16T18:08:21.181Z,Aladipatti,641642,63f9cb5d519359b7438e3487,40,100.0,0.0,0.0,40,92.5,7.5,0.0,40,0.0,0.0,100.0,40,80.0,20.0,0.0,40,0.0,100.0,40,0.0,100.0,40,32.5,67.5,40,80.0,20.0,40,87.5,12.5,40,100.0,0.0,40,0.0,97.5,2.5,40,0.0,100.0,40,n_low,p_low,k_high,OC_low,pH_neutral,GOOD
4,24,5,23,28,0,28,0,0,28,0,20,8,28,0,15,13,TIRUCHULI,6482,6492fcc8680216eb6c940c03,2026-09-02T18:08:59.159Z,2026-27,VIRUDHUNAGAR,63f9cb02519359b7438e2c10,28,0,0,2026-09-16T18:06:09.078Z,0,28,0,0,0,28,0,28,0,6a98663bc6fb74a8ae65b419,Soil Health Card RKVY,660f941a5c8405ca8375c7c6,TAMIL NADU,63f9be9f519359b7438d08bb,2026-09-16T18:08:21.181Z,Muthuramalingapuram,641659,63f9cb62519359b7438e34eb,28,100.0,0.0,0.0,28,100.0,0.0,0.0,28,0.0,0.0,100.0,28,71.42857142857143,28.57142857142857,0.0,28,0.0,100.0,28,0.0,100.0,28,46.42857142857143,53.57142857142857,28,82.14285714285714,17.857142857142858,28,85.71428571428571,14.285714285714285,28,100.0,0.0,28,0.0,100.0,0.0,28,0.0,100.0,28,n_low,p_low,k_high,OC_low,pH_neutral,GOOD
11,8,4,15,19,0,19,0,0,19,0,14,5,19,0,9,10,TIRUCHULI,6482,6492fcc8680216eb6c940c03,2026-09-02T18:08:59.159Z,2026-27,VIRUDHUNAGAR,63f9cb02519359b7438e2c10,19,0,0,2026-09-16T18:06:09.078Z,0,19,0,0,0,19,0,19,0,6a98663bc6fb74a8ae65b41a,Soil Health Card RKVY,660f941a5c8405ca8375c7c6,TAMIL NADU,63f9be9f519359b7438d08bb,2026-09-16T18:08:21.181Z,Kurunaikulam,641640,63f9cb62519359b7438e34f0,19,100.0,0.0,0.0,19,100.0,0.0,0.0,19,0.0,0.0,100.0,19,73.68421052631578,26.31578947368421,0.0,19,0.0,100.0,19,0.0,100.0,19,52.63157894736842,47.368421052631575,19,78.94736842105263,21.052631578947366,19,42.10526315789473,57.89473684210527,19,100.0,0.0,19,0.0,100.0,0.0,19,0.0,100.0,19,n_low,p_low,k_high,OC_low,pH_neutral,GOOD
15,22,1,36,37,0,37,0,0,37,0,22,15,37,0,17,20,TIRUCHULI,6482,6492fcc8680216eb6c940c03,2026-09-02T18:08:59.159Z,2026-27,VIRUDHUNAGAR,63f9cb02519359b7438e2c10,37,0,0,2026-09-16T18:06:09.078Z,0,37,0,0,0,37,0,37,0,6a98663bc6fb74a8ae65b41b,Soil Health Card RKVY,660f941a5c8405ca8375c7c6,TAMIL NADU,63f9be9f519359b7438d08bb,2026-09-16T18:08:21.181Z,Kallumadam,641664,63f9cb62519359b7438e34f5,37,100.0,0.0,0.0,37,100.0,0.0,0.0,37,0.0,0.0,100.0,37,59.45945945945946,40.54054054054054,0.0,37,0.0,100.0,37,0.0,100.0,37,54.054054054054056,45.94594594594595,37,97.2972972972973,2.7027027027027026,37,59.45945945945946,40.54054054054054,37,100.0,0.0,37,0.0,100.0,0.0,37,0.0,100.0,37,n_low,p_low,k_high,OC_low,pH_neutral,GOOD
22,3,10,15,25,0,24,1,0,25,0,23,2,25,0,11,14,TIRUCHULI,6482,6492fcc8680216eb6c940c03,2026-09-01T17:56:44.449Z,2026-27,VIRUDHUNAGAR,63f9cb02519359b7438e2c10,25,0,0,2026-09-16T18:06:09.078Z,0,25,0,0,0,25,1,24,0,6a9711dc0fb5ed24f8eeec4e,Soil Health Card RKVY,660f941a5c8405ca8375c7c6,TAMIL NADU,63f9be9f519359b7438d08bb,2026-09-16T18:08:21.181Z,Narthampatti,641660,63f9cb63519359b7438e34ff,25,100.0,0.0,0.0,25,96.0,0.0,4.0,25,0.0,0.0,100.0,25,92.0,8.0,0.0,25,0.0,100.0,25,4.0,96.0,25,56.00000000000001,44.0,25,60.0,40.0,25,12.0,88.0,25,100.0,0.0,25,0.0,100.0,0.0,25,0.0,100.0,25,n_low,p_low,k_high,OC_low,pH_neutral,GOOD
18,7,3,22,25,0,25,0,0,25,0,18,7,25,0,18,7,TIRUCHULI,6482,6492fcc8680216eb6c940c03,2026-09-02T18:08:59.160Z,2026-27,VIRUDHUNAGAR,63f9cb02519359b7438e2c10,25,0,0,2026-09-16T18:06:09.078Z,0,25,0,0,0,25,1,24,0,6a98663bc6fb74a8ae65b41c,Soil Health Card RKVY,660f941a5c8405ca8375c7c6,TAMIL NADU,63f9be9f519359b7438d08bb,2026-09-16T18:08:21.181Z,Kullampatti,641658,63f9cb6a519359b7438e359f,25,100.0,0.0,0.0,25,96.0,0.0,4.0,25,0.0,0.0,100.0,25,72.0,28.000000000000004,0.0,25,0.0,100.0,25,0.0,100.0,25,28.000000000000004,72.0,25,88.0,12.0,25,28.000000000000004,72.0,25,100.0,0.0,25,0.0,100.0,0.0,25,0.0,100.0,25,n_low,p_low,k_high,OC_low,pH_neutral,GOOD
16,11,12,15,27,0,27,0,0,27,0,20,7,27,0,12,15,TIRUCHULI,6482,6492fcc8680216eb6c940c03,2026-09-01T17:56:44.449Z,2026-27,VIRUDHUNAGAR,63f9cb02519359b7438e2c10,26,1,0,2026-09-16T18:06:09.078Z,0,27,0,0,0,27,0,27,0,6a9711dc0fb5ed24f8eeec4f,Soil Health Card RKVY,660f941a5c8405ca8375c7c6,TAMIL NADU,63f9be9f519359b7438d08bb,2026-09-16T18:08:21.181Z,Savaspuram,641647,63f9cb6b519359b7438e35bd,27,100.0,0.0,0.0,27,100.0,0.0,0.0,27,3.7037037037037033,0.0,96.29629629629629,27,74.07407407407408,25.925925925925924,0.0,27,0.0,100.0,27,0.0,100.0,27,55.55555555555556,44.44444444444444,27,55.55555555555556,44.44444444444444,27,40.74074074074074,59.25925925925925,27,100.0,0.0,27,0.0,100.0,0.0,27,0.0,100.0,27,n_low,p_low,k_high,OC_low,pH_neutral,GOOD
104,115,30,189,219,0,217,2,0,219,27,176,16,204,15,50,169,ARUPPUKOTTAI,6475,6492fcc8680216eb6c940c05,2026-07-09T17:50:23.047Z,2026-27,VIRUDHUNAGAR,63f9cb02519359b7438e2c10,218,0,1,2026-09-16T18:06:09.078Z,0,219,0,0,23,196,0,209,10,6a4fdf5f073f10ca17afa0b5,Soil Health Card RKVY,660f941a5c8405ca8375c7c6,TAMIL NADU,63f9be9f519359b7438d08bb,2026-09-16T18:08:21.181Z,Velayudhapuram,641679,63f9cb5d519359b7438e3478,219,100.0,0.0,0.0,219,95.4337899543379,4.5662100456621,0.0,219,0.0,0.45662100456621,99.54337899543378,219,80.36529680365297,7.30593607305936,12.32876712328767,219,6.8493150684931505,93.15068493150685,219,0.91324200913242,99.08675799086758,219,77.1689497716895,22.831050228310502,219,86.3013698630137,13.698630136986301,219,52.51141552511416,47.48858447488584,219,100.0,0.0,219,0.0,89.49771689497716,10.50228310502283,219,0.0,100.0,219,n_low,p_low,k_high,OC_low,pH_neutral,GOOD
116,105,24,197,221,0,200,12,1,220,15,162,44,172,49,36,133,ARUPPUKOTTAI,6475,6492fcc8680216eb6c940c05,2026-07-09T17:50:23.047Z,2026-27,VIRUDHUNAGAR,63f9cb02519359b7438e2c10,217,0,4,2026-09-16T18:06:09.078Z,0,221,0,0,53,168,2,182,37,6a4fdf5f073f10ca17afa0b6,Soil Health Card RKVY,660f941a5c8405ca8375c7c6,TAMIL NADU,63f9be9f519359b7438d08bb,2026-09-16T18:08:21.181Z,T.Koppuchithampatti,641673,63f9cb5e519359b7438e349b,221,100.0,0.0,0.0,221,82.35294117647058,16.7420814479638,0.904977375565611,221,0.0,1.809954751131222,98.19004524886877,221,73.30316742081448,19.90950226244344,6.787330316742081,221,22.171945701357465,77.82805429864254,212,5.660377358490567,94.33962264150944,169,78.69822485207101,21.301775147928996,221,89.14027149321268,10.85972850678733,221,47.511312217194565,52.488687782805435,221,99.5475113122172,0.4524886877828055,221,0.0,76.01809954751131,23.981900452488688,221,0.0,100.0,221,n_low,p_low,k_high,OC_low,pH_neutral,GOOD
160,60,56,164,220,0,220,0,1,219,0,208,12,220,0,114,106,ARUPPUKOTTAI,6475,6492fcc8680216eb6c940c05,2026-09-07T18:11:10.128Z,2026-27,VIRUDHUNAGAR,63f9cb02519359b7438e2c10,220,0,0,2026-09-16T18:06:09.078Z,0,220,0,0,0,220,143,1,76,6a9efe3e96c54e28dc2b1f28,Soil Health Card RKVY,660f941a5c8405ca8375c7c6,TAMIL NADU,63f9be9f519359b7438d08bb,2026-09-16T18:08:21.181Z,Athipatti (CT),641701,63f9cb5f519359b7438e34a5,220,100.0,0.0,0.0,220,0.45454545454545453,34.54545454545455,65.0,220,0.0,0.0,100.0,220,94.54545454545455,5.454545454545454,0.0,220,0.0,100.0,220,0.0,100.0,220,48.18181818181818,51.81818181818182,220,74.54545454545455,25.454545454545453,220,27.27272727272727,72.72727272727273,220,99.54545454545455,0.45454545454545453,220,0.0,100.0,0.0,220,0.0,100.0,220,n_low,p_high,k_high,OC_low,pH_neutral,GOOD
16,139,4,151,154,0,155,0,7,148,0,149,6,144,11,46,109,ARUPPUKOTTAI,6475,6492fcc8680216eb6c940c05,2026-08-27T17:52:33.497Z,2026-27,VIRUDHUNAGAR,63f9cb02519359b7438e2c10,136,3,16,2026-09-16T18:06:09.078Z,0,155,0,0,0,155,1,153,1,6a90796166839ee331802e8b,Soil Health Card RKVY,660f941a5c8405ca8375c7c6,TAMIL NADU,63f9be9f519359b7438d08bb,2026-09-16T18:08:21.181Z,Vaduvarpatti,641676,63f9cb61519359b7438e34d2,155,100.0,0.0,0.0,155,98.70967741935483,0.6451612903225806,0.6451612903225806,155,1.935483870967742,10.32258064516129,87.74193548387098,155,96.12903225806451,3.870967741935484,0.0,155,7.096774193548387,92.90322580645162,155,0.0,100.0,155,70.3225806451613,29.677419354838708,155,97.41935483870968,2.5806451612903225,155,89.6774193548387,10.32258064516129,155,95.48387096774194,4.516129032258064,155,0.0,100.0,0.0,154,0.0,100.0,155,n_low,p_low,k_high,OC_low,pH_neutral,GOOD
59,6,5,60,65,0,65,0,2,63,1,30,34,65,0,8,57,ARUPPUKOTTAI,6475,6492fcc8680216eb6c940c05,2026-08-18T17:51:55.018Z,2026-27,VIRUDHUNAGAR,63f9cb02519359b7438e2c10,65,0,0,2026-09-16T18:06:09.078Z,0,65,0,0,0,65,0,58,7,6a849bbb4086310a56a6c48e,Soil Health Card RKVY,660f941a5c8405ca8375c7c6,TAMIL NADU,63f9be9f519359b7438d08bb,2026-09-16T18:08:21.181Z,Podampatti,641656,63f9cb63519359b7438e350e,65,100.0,0.0,0.0,65,89.23076923076924,10.76923076923077,0.0,65,0.0,0.0,100.0,65,46.15384615384615,52.307692307692314,1.5384615384615385,65,0.0,100.0,65,0.0,100.0,65,87.6923076923077,12.307692307692308,65,92.3076923076923,7.6923076923076925,65,9.230769230769232,90.76923076923077,65,96.92307692307692,3.076923076923077,65,0.0,100.0,0.0,65,0.0,100.0,65,n_low,p_low,k_high,OC_medium,pH_neutral,GOOD
65,154,33,186,219,0,207,12,3,216,0,170,49,212,7,87,131,ARUPPUKOTTAI,6475,6492fcc8680216eb6c940c05,2026-08-16T17:53:53.861Z,2026-27,VIRUDHUNAGAR,63f9cb02519359b7438e2c10,217,1,1,2026-09-16T18:06:09.078Z,0,219,0,0,4,215,2,128,89,6a81f931466b776955ee7ecb,Soil Health Card RKVY,660f941a5c8405ca8375c7c6,TAMIL NADU,63f9be9f519359b7438d08bb,2026-09-16T18:08:21.181Z,Chettikurichi,641657,63f9cb64519359b7438e3513,219,100.0,0.0,0.0,219,58.44748858447488,40.63926940639269,0.91324200913242,219,0.45662100456621,0.45662100456621,99.08675799086758,219,77.6255707762557,22.37442922374429,0.0,219,3.1963470319634704,96.80365296803653,219,5.47945205479452,94.52054794520548,218,60.09174311926605,39.908256880733944,219,84.93150684931507,15.068493150684931,219,70.31963470319634,29.68036529680365,219,98.63013698630137,1.36986301369863,219,0.0,98.17351598173516,1.82648401826484,219,0.0,100.0,219,n_low,p_low,k_high,OC_low,pH_neutral,GOOD
7,214,0,221,221,0,184,12,0,221,0,215,6,71,150,40,179,ARUPPUKOTTAI,6475,6492fcc8680216eb6c940c05,2026-07-24T17:51:46.675Z,2026-27,VIRUDHUNAGAR,63f9cb02519359b7438e2c10,202,0,19,2026-09-16T18:06:09.078Z,1,220,0,0,18,203,1,219,1,6a63a6321298ca6884f97e08,Soil Health Card RKVY,660f941a5c8405ca8375c7c6,TAMIL NADU,63f9be9f519359b7438d08bb,2026-09-16T18:08:21.181Z,Amanakkunatham,641653,63f9cb64519359b7438e3518,221,99.5475113122172,0.0,0.4524886877828055,221,99.09502262443439,0.4524886877828055,0.4524886877828055,221,0.0,8.597285067873303,91.4027149321267,221,97.28506787330316,2.7149321266968327,0.0,221,67.87330316742081,32.126696832579185,196,6.122448979591836,93.87755102040816,219,81.7351598173516,18.2648401826484,221,100.0,0.0,221,96.83257918552036,3.167420814479638,221,100.0,0.0,221,0.0,91.8552036199095,8.144796380090497,221,0.0,100.0,221,n_low,p_low,k_high,OC_low,pH_neutral,GOOD
41,179,0,220,218,2,218,0,9,198,49,71,100,150,70,48,166,ARUPPUKOTTAI,6475,6492fcc8680216eb6c940c05,2026-06-18T18:06:11.747Z,2026-27,VIRUDHUNAGAR,63f9cb02519359b7438e2c10,197,4,19,2026-09-16T18:06:09.078Z,0,220,0,0,15,205,0,109,111,6a343393a6092e046bf46811,Soil Health Card RKVY,660f941a5c8405ca8375c7c6,TAMIL NADU,63f9be9f519359b7438d08bb,2026-09-16T18:08:21.181Z,Periyapuliampatti West,641633,63f9cb66519359b7438e354f,220,100.0,0.0,0.0,220,49.54545454545455,50.45454545454545,0.0,220,1.8181818181818181,8.636363636363637,89.54545454545455,220,32.27272727272727,45.45454545454545,22.272727272727273,220,31.818181818181817,68.18181818181817,218,0.0,100.0,214,77.57009345794393,22.429906542056074,220,100.0,0.0,220,81.36363636363636,18.636363636363637,207,95.65217391304348,4.3478260869565215,220,0.0,93.18181818181817,6.8181818181818175,220,0.9090909090909091,99.0909090909091,220,n_low,p_medium,k_high,OC_medium,pH_neutral,GOOD
0,3,0,3,3,0,0,3,0,3,0,3,0,2,1,0,3,ARUPPUKOTTAI,6475,6492fcc8680216eb6c940c05,2026-06-18T18:06:11.631Z,2026-27,VIRUDHUNAGAR,63f9cb02519359b7438e2c10,3,0,0,2026-09-16T18:06:09.078Z,0,3,0,0,0,3,0,3,0,6a343393a6092e046bf45dcf,Soil Health Card RKVY,660f941a5c8405ca8375c7c6,TAMIL NADU,63f9be9f519359b7438d08bb,2026-09-16T18:08:21.181Z,Gopalapuram,641625,63f9cb67519359b7438e3563,3,100.0,0.0,0.0,3,100.0,0.0,0.0,3,0.0,0.0,100.0,3,100.0,0.0,0.0,3,33.33333333333333,66.66666666666666,3,100.0,0.0,3,100.0,0.0,3,100.0,0.0,3,100.0,0.0,3,100.0,0.0,3,0.0,100.0,0.0,3,0.0,100.0,3,n_low,p_low,k_high,OC_low,pH_neutral,LIMITED
4,132,0,136,136,0,136,0,0,136,72,26,38,136,0,22,114,ARUPPUKOTTAI,6475,6492fcc8680216eb6c940c05,2026-09-15T18:09:34.232Z,2026-27,VIRUDHUNAGAR,63f9cb02519359b7438e2c10,133,0,3,2026-09-16T18:06:09.078Z,0,135,1,0,1,135,7,45,84,6aa989de05ad99588db77b2e,Soil Health Card RKVY,660f941a5c8405ca8375c7c6,TAMIL NADU,63f9be9f519359b7438d08bb,2026-09-16T18:08:21.181Z,Palavanatham,641624,63f9cb6e519359b7438e35f4,136,99.26470588235294,0.7352941176470588,0.0,136,33.088235294117645,61.76470588235294,5.147058823529411,136,0.0,2.2058823529411766,97.79411764705883,136,19.11764705882353,27.941176470588236,52.94117647058824,136,0.0,100.0,136,0.0,100.0,136,83.82352941176471,16.176470588235293,136,100.0,0.0,136,97.05882352941177,2.941176470588235,136,100.0,0.0,136,0.0,99.26470588235294,0.7352941176470588,136,0.0,100.0,136,n_low,p_medium,k_high,OC_high,pH_neutral,GOOD
1,4,1,4,5,0,5,0,0,5,0,3,2,5,0,0,5,NARIKUDI,6477,6492fcc8680216eb6c940c09,2026-09-07T18:11:10.128Z,2026-27,VIRUDHUNAGAR,63f9cb02519359b7438e2c10,5,0,0,2026-09-16T18:06:09.078Z,0,5,0,4,0,1,0,5,0,6a9efe3e96c54e28dc2b1f22,Soil Health Card RKVY,660f941a5c8405ca8375c7c6,TAMIL NADU,63f9be9f519359b7438d08bb,2026-09-16T18:08:21.181Z,Veeracholan,641567,63f9cb40519359b7438e31fb,5,100.0,0.0,0.0,5,100.0,0.0,0.0,5,0.0,0.0,100.0,5,60.0,40.0,0.0,5,0.0,100.0,5,0.0,100.0,5,100.0,0.0,5,80.0,20.0,5,80.0,20.0,5,100.0,0.0,5,80.0,20.0,0.0,5,0.0,100.0,5,n_low,p_low,k_high,OC_low,pH_acidic,GOOD
11,4,5,10,15,0,15,0,0,15,0,6,9,15,0,7,8,NARIKUDI,6477,6492fcc8680216eb6c940c09,2026-09-07T18:11:10.128Z,2026-27,VIRUDHUNAGAR,63f9cb02519359b7438e2c10,14,1,0,2026-09-16T18:06:09.078Z,0,15,0,10,0,5,0,14,1,6a9efe3e96c54e28dc2b1f23,Soil Health Card RKVY,660f941a5c8405ca8375c7c6,TAMIL NADU,63f9be9f519359b7438d08bb,2026-09-16T18:08:21.181Z,Kamalipuliyankulam,641530,63f9cb44519359b7438e325a,15,100.0,0.0,0.0,15,93.33333333333333,6.666666666666667,0.0,15,6.666666666666667,0.0,93.33333333333333,15,40.0,60.0,0.0,15,0.0,100.0,15,0.0,100.0,15,53.333333333333336,46.666666666666664,15,66.66666666666666,33.33333333333333,15,26.666666666666668,73.33333333333333,15,100.0,0.0,15,66.66666666666666,33.33333333333333,0.0,15,0.0,100.0,15,n_low,p_low,k_high,OC_medium,pH_acidic,GOOD
6,8,1,13,14,0,14,0,0,14,1,6,7,14,0,5,9,NARIKUDI,6477,6492fcc8680216eb6c940c09,2026-09-07T18:11:10.128Z,2026-27,VIRUDHUNAGAR,63f9cb02519359b7438e2c10,14,0,0,2026-09-16T18:06:09.078Z,0,14,0,6,0,8,0,13,1,6a9efe3e96c54e28dc2b1f24,Soil Health Card RKVY,660f941a5c8405ca8375c7c6,TAMIL NADU,63f9be9f519359b7438d08bb,2026-09-16T18:08:21.181Z,Varisaiyur,641508,63f9cb46519359b7438e328c,14,100.0,0.0,0.0,14,92.85714285714286,7.142857142857142,0.0,14,0.0,0.0,100.0,14,42.857142857142854,50.0,7.142857142857142,14,0.0,100.0,14,0.0,100.0,14,64.28571428571429,35.714285714285715,14,92.85714285714286,7.142857142857142,14,57.14285714285714,42.857142857142854,14,100.0,0.0,14,42.857142857142854,57.14285714285714,0.0,14,0.0,100.0,14,n_low,p_low,k_high,OC_medium,pH_neutral,GOOD
1,0,0,1,1,0,1,0,0,1,0,0,1,1,0,0,1,NARIKUDI,6477,6492fcc8680216eb6c940c09,2026-09-07T18:11:10.128Z,2026-27,VIRUDHUNAGAR,63f9cb02519359b7438e2c10,1,0,0,2026-09-16T18:06:09.078Z,0,1,0,0,0,1,0,1,0,6a9efe3e96c54e28dc2b1f25,Soil Health Card RKVY,660f941a5c8405ca8375c7c6,TAMIL NADU,63f9be9f519359b7438d08bb,2026-09-16T18:08:21.181Z,Keelapuliyandarkottai,641565,63f9cb51519359b7438e3377,1,100.0,0.0,0.0,1,100.0,0.0,0.0,1,0.0,0.0,100.0,1,0.0,100.0,0.0,1,0.0,100.0,1,0.0,100.0,1,100.0,0.0,1,100.0,0.0,1,0.0,100.0,1,100.0,0.0,1,0.0,100.0,0.0,1,0.0,100.0,1,n_low,p_low,k_high,OC_medium,pH_neutral,VERY_LIMITED
9,9,4,14,18,0,18,0,0,18,1,5,12,18,0,10,8,NARIKUDI,6477,6492fcc8680216eb6c940c09,2026-09-07T18:11:10.128Z,2026-27,VIRUDHUNAGAR,63f9cb02519359b7438e2c10,18,0,0,2026-09-16T18:06:09.078Z,0,18,0,0,0,18,0,18,0,6a9efe3e96c54e28dc2b1f26,Soil Health Card RKVY,660f941a5c8405ca8375c7c6,TAMIL NADU,63f9be9f519359b7438d08bb,2026-09-16T18:08:21.181Z,Melaparuttiyur,641526,63f9cb55519359b7438e33d1,18,100.0,0.0,0.0,18,100.0,0.0,0.0,18,0.0,0.0,100.0,18,27.77777777777778,66.66666666666666,5.555555555555555,18,0.0,100.0,18,0.0,100.0,18,44.44444444444444,55.55555555555556,18,77.77777777777779,22.22222222222222,18,50.0,50.0,18,100.0,0.0,18,0.0,100.0,0.0,18,0.0,100.0,18,n_low,p_low,k_high,OC_medium,pH_neutral,GOOD
31,16,12,35,47,0,47,0,0,47,7,15,25,47,0,27,20,NARIKUDI,6477,6492fcc8680216eb6c940c09,2026-09-07T18:11:10.128Z,2026-27,VIRUDHUNAGAR,63f9cb02519359b7438e2c10,40,0,7,2026-09-16T18:06:09.078Z,0,47,0,3,0,44,0,46,1,6a9efe3e96c54e28dc2b1f27,Soil Health Card RKVY,660f941a5c8405ca8375c7c6,TAMIL NADU,63f9be9f519359b7438d08bb,2026-09-16T18:08:21.181Z,Usilangulam,641525,63f9cb55519359b7438e33d6,47,100.0,0.0,0.0,47,97.87234042553192,2.127659574468085,0.0,47,0.0,14.893617021276595,85.1063829787234,47,31.914893617021278,53.191489361702125,14.893617021276595,47,0.0,100.0,47,0.0,100.0,47,42.5531914893617,57.446808510638306,47,74.46808510638297,25.53191489361702,47,34.04255319148936,65.95744680851064,47,100.0,0.0,47,6.382978723404255,93.61702127659575,0.0,47,0.0,100.0,47,n_low,p_low,k_high,OC_medium,pH_neutral,GOOD
0,10,0,10,10,0,10,0,0,10,0,4,6,10,0,2,8,SATTUR,6479,6492fcc8680216eb6c940c0f,2026-08-28T17:53:48.074Z,2026-27,VIRUDHUNAGAR,63f9cb02519359b7438e2c10,6,0,4,2026-09-16T18:06:09.078Z,0,10,0,0,0,10,0,10,0,6a91cb2c5c17f4f3a547d9b3,Soil Health Card RKVY,660f941a5c8405ca8375c7c6,TAMIL NADU,63f9be9f519359b7438d08bb,2026-09-16T18:08:21.181Z,Padandal (Part),641716,63f9cb6f519359b7438e360f,10,100.0,0.0,0.0,10,100.0,0.0,0.0,10,0.0,40.0,60.0,10,40.0,60.0,0.0,10,0.0,100.0,10,0.0,100.0,10,80.0,20.0,10,100.0,0.0,10,100.0,0.0,10,100.0,0.0,10,0.0,100.0,0.0,10,0.0,100.0,10,n_low,p_low,k_high,OC_medium,pH_neutral,GOOD
46,17,16,47,63,0,63,0,0,63,2,36,25,63,0,38,25,SATTUR,6479,6492fcc8680216eb6c940c0f,2026-09-01T17:56:44.449Z,2026-27,VIRUDHUNAGAR,63f9cb02519359b7438e2c10,43,0,20,2026-09-16T18:06:09.078Z,0,63,0,0,0,63,0,63,0,6a9711dc0fb5ed24f8eeec50,Soil Health Card RKVY,660f941a5c8405ca8375c7c6,TAMIL NADU,63f9be9f519359b7438d08bb,2026-09-16T18:08:21.181Z,Chinnakamanpatti,641714,63f9cb6f519359b7438e3614,63,100.0,0.0,0.0,63,100.0,0.0,0.0,63,0.0,31.746031746031743,68.25396825396825,63,57.14285714285714,39.682539682539684,3.1746031746031744,63,0.0,100.0,63,0.0,100.0,63,39.682539682539684,60.317460317460316,63,74.60317460317461,25.396825396825395,63,26.984126984126984,73.01587301587301,63,100.0,0.0,63,0.0,100.0,0.0,63,0.0,100.0,63,n_low,p_low,k_high,OC_low,pH_neutral,GOOD
11,10,2,19,21,0,21,0,0,21,0,21,0,21,0,5,16,SATTUR,6479,6492fcc8680216eb6c940c0f,2026-08-30T17:50:39.032Z,2026-27,VIRUDHUNAGAR,63f9cb02519359b7438e2c10,21,0,0,2026-09-16T18:06:09.078Z,0,21,0,0,0,21,0,21,0,6a946d6f72269a77ebb56896,Soil Health Card RKVY,660f941a5c8405ca8375c7c6,TAMIL NADU,63f9be9f519359b7438d08bb,2026-09-16T18:08:21.181Z,Sinduvampatti,641732,63f9cb70519359b7438e361e,21,100.0,0.0,0.0,21,100.0,0.0,0.0,21,0.0,0.0,100.0,21,100.0,0.0,0.0,21,0.0,100.0,21,0.0,100.0,21,76.19047619047619,23.809523809523807,21,90.47619047619048,9.523809523809524,21,47.61904761904761,52.38095238095239,21,100.0,0.0,21,0.0,100.0,0.0,21,0.0,100.0,21,n_low,p_low,k_high,OC_low,pH_neutral,GOOD
11,31,3,39,42,0,42,0,1,41,0,38,4,42,0,17,25,SATTUR,6479,6492fcc8680216eb6c940c0f,2026-08-30T17:50:39.033Z,2026-27,VIRUDHUNAGAR,63f9cb02519359b7438e2c10,42,0,0,2026-09-16T18:06:09.078Z,0,42,0,0,0,42,0,42,0,6a946d6f72269a77ebb56897,Soil Health Card RKVY,660f941a5c8405ca8375c7c6,TAMIL NADU,63f9be9f519359b7438d08bb,2026-09-16T18:08:21.181Z,Mulliseval Muthusamipuram,641756,63f9cb71519359b7438e3628,42,100.0,0.0,0.0,42,100.0,0.0,0.0,42,0.0,0.0,100.0,42,90.47619047619048,9.523809523809524,0.0,42,0.0,100.0,42,0.0,100.0,42,59.523809523809526,40.476190476190474,42,92.85714285714286,7.142857142857142,42,73.80952380952381,26.190476190476193,42,97.61904761904762,2.380952380952381,42,0.0,100.0,0.0,42,0.0,100.0,42,n_low,p_low,k_high,OC_low,pH_neutral,GOOD
13,2,6,9,15,0,15,0,0,15,0,5,10,15,0,10,5,SATTUR,6479,6492fcc8680216eb6c940c0f,2026-09-01T17:56:44.449Z,2026-27,VIRUDHUNAGAR,63f9cb02519359b7438e2c10,15,0,0,2026-09-16T18:06:09.078Z,0,15,0,0,0,15,0,15,0,6a9711dc0fb5ed24f8eeec51,Soil Health Card RKVY,660f941a5c8405ca8375c7c6,TAMIL NADU,63f9be9f519359b7438d08bb,2026-09-16T18:08:21.181Z,Mullisevel (a)Chokkalingapuram,641757,63f9cb71519359b7438e362d,15,100.0,0.0,0.0,15,100.0,0.0,0.0,15,0.0,0.0,100.0,15,33.33333333333333,66.66666666666666,0.0,15,0.0,100.0,15,0.0,100.0,15,33.33333333333333,66.66666666666666,15,60.0,40.0,15,13.333333333333334,86.66666666666667,15,100.0,0.0,15,0.0,100.0,0.0,15,0.0,100.0,15,n_low,p_low,k_high,OC_medium,pH_neutral,GOOD
13,2,2,13,15,0,15,0,0,15,0,7,8,15,0,8,7,SATTUR,6479,6492fcc8680216eb6c940c0f,2026-09-01T17:56:44.449Z,2026-27,VIRUDHUNAGAR,63f9cb02519359b7438e2c10,15,0,0,2026-09-16T18:06:09.078Z,0,15,0,0,0,15,0,15,0,6a9711dc0fb5ed24f8eeec52,Soil Health Card RKVY,660f941a5c8405ca8375c7c6,TAMIL NADU,63f9be9f519359b7438d08bb,2026-09-16T18:08:21.181Z,Mettamalai (CT),641763,63f9cb71519359b7438e3632,15,100.0,0.0,0.0,15,100.0,0.0,0.0,15,0.0,0.0,100.0,15,46.666666666666664,53.333333333333336,0.0,15,0.0,100.0,15,0.0,100.0,15,46.666666666666664,53.333333333333336,15,86.66666666666667,13.333333333333334,15,13.333333333333334,86.66666666666667,15,100.0,0.0,15,0.0,100.0,0.0,15,0.0,100.0,15,n_low,p_low,k_high,OC_medium,pH_neutral,GOOD
36,29,38,27,65,0,65,0,2,63,0,62,3,65,0,31,34,SATTUR,6479,6492fcc8680216eb6c940c0f,2026-08-31T17:56:56.040Z,2026-27,VIRUDHUNAGAR,63f9cb02519359b7438e2c10,4,12,49,2026-09-16T18:06:09.078Z,0,65,0,0,12,53,0,65,0,6a95c068700f6639f44288a3,Soil Health Card RKVY,660f941a5c8405ca8375c7c6,TAMIL NADU,63f9be9f519359b7438d08bb,2026-09-16T18:08:21.181Z,Chinnathambiyapuram,641741,63f9cb72519359b7438e3646,65,100.0,0.0,0.0,65,100.0,0.0,0.0,65,18.461538461538463,75.38461538461539,6.153846153846154,65,95.38461538461539,4.615384615384616,0.0,65,0.0,100.0,65,0.0,100.0,65,52.307692307692314,47.69230769230769,65,41.53846153846154,58.46153846153847,65,44.61538461538462,55.38461538461539,65,96.92307692307692,3.076923076923077,65,0.0,81.53846153846153,18.461538461538463,65,0.0,100.0,65,n_low,p_low,k_medium,OC_low,pH_neutral,GOOD
42,0,11,31,42,0,42,0,0,42,0,37,5,42,0,20,22,SATTUR,6479,6492fcc8680216eb6c940c0f,2026-08-28T17:53:48.074Z,2026-27,VIRUDHUNAGAR,63f9cb02519359b7438e2c10,30,1,11,2026-09-16T18:06:09.078Z,0,42,0,0,24,18,0,42,0,6a91cb2c5c17f4f3a547d9b4,Soil Health Card RKVY,660f941a5c8405ca8375c7c6,TAMIL NADU,63f9be9f519359b7438d08bb,2026-09-16T18:08:21.181Z,N.Mettupatti (Nenmani),641720,63f9cb72519359b7438e3650,42,100.0,0.0,0.0,42,100.0,0.0,0.0,42,2.380952380952381,26.190476190476193,71.42857142857143,42,88.09523809523809,11.904761904761903,0.0,42,0.0,100.0,42,0.0,100.0,42,52.38095238095239,47.61904761904761,42,73.80952380952381,26.190476190476193,42,0.0,100.0,42,100.0,0.0,42,0.0,42.857142857142854,57.14285714285714,42,0.0,100.0,42,n_low,p_low,k_high,OC_low,pH_alkaline,GOOD
51,27,15,63,78,0,78,0,4,74,0,68,10,78,0,50,28,SATTUR,6479,6492fcc8680216eb6c940c0f,2026-08-30T17:50:39.033Z,2026-27,VIRUDHUNAGAR,63f9cb02519359b7438e2c10,78,0,0,2026-09-16T18:06:09.078Z,0,78,0,0,37,41,0,78,0,6a946d6f72269a77ebb56898,Soil Health Card RKVY,660f941a5c8405ca8375c7c6,TAMIL NADU,63f9be9f519359b7438d08bb,2026-09-16T18:08:21.181Z,Subramaniyapuram,641737,63f9cb73519359b7438e365f,78,100.0,0.0,0.0,78,100.0,0.0,0.0,78,0.0,0.0,100.0,78,87.17948717948718,12.82051282051282,0.0,78,0.0,100.0,78,0.0,100.0,78,35.8974358974359,64.1025641025641,78,80.76923076923077,19.230769230769234,78,34.61538461538461,65.38461538461539,78,94.87179487179486,5.128205128205128,78,0.0,52.56410256410257,47.43589743589743,78,0.0,100.0,78,n_low,p_low,k_high,OC_low,pH_neutral,GOOD
51,18,27,42,69,0,69,0,0,69,9,17,43,69,0,17,52,SATTUR,6479,6492fcc8680216eb6c940c0f,2026-09-01T17:56:44.450Z,2026-27,VIRUDHUNAGAR,63f9cb02519359b7438e2c10,68,1,0,2026-09-16T18:06:09.078Z,0,69,0,0,0,69,0,69,0,6a9711dc0fb5ed24f8eeec53,Soil Health Card RKVY,660f941a5c8405ca8375c7c6,TAMIL NADU,63f9be9f519359b7438d08bb,2026-09-16T18:08:21.181Z,Peddureddipatti,641738,63f9cb73519359b7438e3664,69,100.0,0.0,0.0,69,100.0,0.0,0.0,69,1.4492753623188406,0.0,98.55072463768117,69,24.637681159420293,62.31884057971014,13.043478260869565,69,0.0,100.0,69,0.0,100.0,69,75.36231884057972,24.637681159420293,69,60.86956521739131,39.130434782608695,69,26.08695652173913,73.91304347826086,69,100.0,0.0,69,0.0,100.0,0.0,69,0.0,100.0,69,n_low,p_low,k_high,OC_medium,pH_neutral,GOOD
45,24,27,42,67,2,69,0,0,69,1,60,8,69,0,31,38,SATTUR,6479,6492fcc8680216eb6c940c0f,2026-09-01T17:56:44.450Z,2026-27,VIRUDHUNAGAR,63f9cb02519359b7438e2c10,63,0,6,2026-09-16T18:06:09.078Z,0,69,0,0,2,67,0,69,0,6a9711dc0fb5ed24f8eeec54,Soil Health Card RKVY,660f941a5c8405ca8375c7c6,TAMIL NADU,63f9be9f519359b7438d08bb,2026-09-16T18:08:21.181Z,Mudittalai Nagalapuram,641721,63f9cb74519359b7438e366e,69,100.0,0.0,0.0,69,100.0,0.0,0.0,69,0.0,8.695652173913043,91.30434782608695,69,86.95652173913044,11.594202898550725,1.4492753623188406,69,0.0,100.0,69,0.0,100.0,69,55.072463768115945,44.927536231884055,69,60.86956521739131,39.130434782608695,69,34.78260869565217,65.21739130434783,69,100.0,0.0,69,0.0,97.10144927536231,2.898550724637681,69,2.898550724637681,97.10144927536231,69,n_low,p_low,k_high,OC_low,pH_neutral,GOOD
72,1,5,68,73,0,73,0,0,73,0,72,1,73,0,35,38,SATTUR,6479,6492fcc8680216eb6c940c0f,2026-08-29T17:52:22.746Z,2026-27,VIRUDHUNAGAR,63f9cb02519359b7438e2c10,73,0,0,2026-09-16T18:06:09.078Z,0,73,0,0,7,66,0,73,0,6a931c56dfe37efc9fb7b62a,Soil Health Card RKVY,660f941a5c8405ca8375c7c6,TAMIL NADU,63f9be9f519359b7438d08bb,2026-09-16T18:08:21.181Z,Pottireddiyapatti,641731,63f9cb74519359b7438e3678,73,100.0,0.0,0.0,73,100.0,0.0,0.0,73,0.0,0.0,100.0,73,98.63013698630137,1.36986301369863,0.0,73,0.0,100.0,73,0.0,100.0,73,52.054794520547944,47.94520547945205,73,93.15068493150685,6.8493150684931505,73,1.36986301369863,98.63013698630137,73,100.0,0.0,73,0.0,90.41095890410958,9.58904109589041,73,0.0,100.0,73,n_low,p_low,k_high,OC_low,pH_neutral,GOOD
7,19,1,25,26,0,26,0,0,26,0,18,8,26,0,3,23,SATTUR,6479,6492fcc8680216eb6c940c0f,2026-08-18T17:51:55.019Z,2026-27,VIRUDHUNAGAR,63f9cb02519359b7438e2c10,19,0,7,2026-09-16T18:06:09.078Z,0,26,0,0,0,26,0,26,0,6a849bbb4086310a56a6c48f,Soil Health Card RKVY,660f941a5c8405ca8375c7c6,TAMIL NADU,63f9be9f519359b7438d08bb,2026-09-16T18:08:21.181Z,Othaiyal Mettupatti,641726,63f9cb74519359b7438e367d,26,100.0,0.0,0.0,26,100.0,0.0,0.0,26,0.0,26.923076923076923,73.07692307692307,26,69.23076923076923,30.76923076923077,0.0,26,0.0,100.0,26,0.0,100.0,26,88.46153846153845,11.538461538461538,26,96.15384615384616,3.8461538461538463,26,73.07692307692307,26.923076923076923,26,100.0,0.0,26,0.0,100.0,0.0,26,0.0,100.0,26,n_low,p_low,k_high,OC_low,pH_neutral,GOOD
28,7,4,31,35,0,35,0,0,35,0,28,7,35,0,19,16,SATTUR,6479,6492fcc8680216eb6c940c0f,2026-09-02T18:08:59.161Z,2026-27,VIRUDHUNAGAR,63f9cb02519359b7438e2c10,35,0,0,2026-09-16T18:06:09.078Z,0,35,0,0,30,5,0,35,0,6a98663bc6fb74a8ae65b41d,Soil Health Card RKVY,660f941a5c8405ca8375c7c6,TAMIL NADU,63f9be9f519359b7438d08bb,2026-09-16T18:08:21.181Z,Nenmeni,641722,63f9cb75519359b7438e3682,35,100.0,0.0,0.0,35,100.0,0.0,0.0,35,0.0,0.0,100.0,35,80.0,20.0,0.0,35,0.0,100.0,35,0.0,100.0,35,45.714285714285715,54.285714285714285,35,88.57142857142857,11.428571428571429,35,20.0,80.0,35,100.0,0.0,35,0.0,14.285714285714285,85.71428571428571,35,0.0,100.0,35,n_low,p_low,k_high,OC_low,pH_alkaline,GOOD
27,7,12,22,34,0,34,0,0,34,0,34,0,34,0,16,18,SATTUR,6479,6492fcc8680216eb6c940c0f,2026-08-29T17:52:22.746Z,2026-27,VIRUDHUNAGAR,63f9cb02519359b7438e2c10,34,0,0,2026-09-16T18:06:09.078Z,0,34,0,0,0,34,0,34,0,6a931c56dfe37efc9fb7b62b,Soil Health Card RKVY,660f941a5c8405ca8375c7c6,TAMIL NADU,63f9be9f519359b7438d08bb,2026-09-16T18:08:21.181Z,Periagollapatti,641723,63f9cb75519359b7438e3687,34,100.0,0.0,0.0,34,100.0,0.0,0.0,34,0.0,0.0,100.0,34,100.0,0.0,0.0,34,0.0,100.0,34,0.0,100.0,34,52.94117647058824,47.05882352941176,34,64.70588235294117,35.294117647058826,34,20.588235294117645,79.41176470588235,34,100.0,0.0,34,0.0,100.0,0.0,34,0.0,100.0,34,n_low,p_low,k_high,OC_low,pH_neutral,GOOD
39,13,11,41,52,0,52,0,1,51,0,40,12,52,0,21,31,SATTUR,6479,6492fcc8680216eb6c940c0f,2026-08-07T17:53:16.295Z,2026-27,VIRUDHUNAGAR,63f9cb02519359b7438e2c10,52,0,0,2026-09-16T18:06:09.078Z,0,52,0,0,0,52,0,52,0,6a761b8ca28634dc2cc140b0,Soil Health Card RKVY,660f941a5c8405ca8375c7c6,TAMIL NADU,63f9be9f519359b7438d08bb,2026-09-16T18:08:21.181Z,Chinnagollapatti,641724,63f9cb75519359b7438e368c,52,100.0,0.0,0.0,52,100.0,0.0,0.0,52,0.0,0.0,100.0,52,76.92307692307693,23.076923076923077,0.0,52,0.0,100.0,52,0.0,100.0,52,59.61538461538461,40.38461538461539,52,78.84615384615384,21.153846153846153,52,25.0,75.0,52,98.07692307692307,1.9230769230769231,52,0.0,100.0,0.0,52,0.0,100.0,52,n_low,p_low,k_high,OC_low,pH_neutral,GOOD
55,0,3,52,55,0,55,0,0,55,0,49,6,55,0,27,28,SATTUR,6479,6492fcc8680216eb6c940c0f,2026-08-29T17:52:22.746Z,2026-27,VIRUDHUNAGAR,63f9cb02519359b7438e2c10,54,1,0,2026-09-16T18:06:09.078Z,0,55,0,0,0,55,0,55,0,6a931c56dfe37efc9fb7b62c,Soil Health Card RKVY,660f941a5c8405ca8375c7c6,TAMIL NADU,63f9be9f519359b7438d08bb,2026-09-16T18:08:21.181Z,Kattalampatti,641717,63f9cb76519359b7438e3696,55,100.0,0.0,0.0,55,100.0,0.0,0.0,55,1.8181818181818181,0.0,98.18181818181819,55,89.0909090909091,10.909090909090908,0.0,55,0.0,100.0,55,0.0,100.0,55,50.90909090909091,49.09090909090909,55,94.54545454545455,5.454545454545454,55,0.0,100.0,55,100.0,0.0,55,0.0,100.0,0.0,55,0.0,100.0,55,n_low,p_low,k_high,OC_low,pH_neutral,GOOD
54,16,18,52,70,0,70,0,0,70,2,39,29,69,1,35,35,SATTUR,6479,6492fcc8680216eb6c940c0f,2026-09-01T17:56:44.450Z,2026-27,VIRUDHUNAGAR,63f9cb02519359b7438e2c10,65,1,4,2026-09-16T18:06:09.078Z,0,69,1,0,0,70,1,69,0,6a9711dc0fb5ed24f8eeec56,Soil Health Card RKVY,660f941a5c8405ca8375c7c6,TAMIL NADU,63f9be9f519359b7438d08bb,2026-09-16T18:08:21.181Z,Ammapatti,641713,63f9cb76519359b7438e36a0,70,98.57142857142858,1.4285714285714286,0.0,70,98.57142857142858,0.0,1.4285714285714286,70,1.4285714285714286,5.714285714285714,92.85714285714286,70,55.714285714285715,41.42857142857143,2.857142857142857,70,1.4285714285714286,98.57142857142858,70,0.0,100.0,70,50.0,50.0,70,74.28571428571429,25.71428571428571,70,22.857142857142858,77.14285714285715,70,100.0,0.0,70,0.0,100.0,0.0,70,0.0,100.0,70,n_low,p_low,k_high,OC_low,pH_neutral,GOOD
30,16,17,29,45,1,46,0,0,46,1,31,14,46,0,20,26,SATTUR,6479,6492fcc8680216eb6c940c0f,2026-09-02T18:08:59.161Z,2026-27,VIRUDHUNAGAR,63f9cb02519359b7438e2c10,46,0,0,2026-09-16T18:06:09.078Z,0,46,0,0,18,28,0,45,1,6a98663bc6fb74a8ae65b41f,Soil Health Card RKVY,660f941a5c8405ca8375c7c6,TAMIL NADU,63f9be9f519359b7438d08bb,2026-09-16T18:08:21.181Z,Kosukkundu,641710,63f9cb78519359b7438e36b4,46,100.0,0.0,0.0,46,97.82608695652173,2.1739130434782608,0.0,46,0.0,0.0,100.0,46,67.3913043478261,30.434782608695656,2.1739130434782608,46,0.0,100.0,46,0.0,100.0,46,56.52173913043478,43.47826086956522,46,63.04347826086957,36.95652173913043,46,34.78260869565217,65.21739130434783,46,100.0,0.0,46,0.0,60.86956521739131,39.130434782608695,46,2.1739130434782608,97.82608695652173,46,n_low,p_low,k_high,OC_low,pH_neutral,GOOD
50,30,18,62,80,0,80,0,1,79,0,73,7,80,0,44,36,SATTUR,6479,6492fcc8680216eb6c940c0f,2026-08-31T17:56:56.040Z,2026-27,VIRUDHUNAGAR,63f9cb02519359b7438e2c10,59,5,16,2026-09-16T18:06:09.078Z,0,80,0,0,4,76,0,80,0,6a95c068700f6639f44288a4,Soil Health Card RKVY,660f941a5c8405ca8375c7c6,TAMIL NADU,63f9be9f519359b7438d08bb,2026-09-16T18:08:21.181Z,Perayyampatti,641760,63f9cb78519359b7438e36be,80,100.0,0.0,0.0,80,100.0,0.0,0.0,80,6.25,20.0,73.75,80,91.25,8.75,0.0,80,0.0,100.0,80,0.0,100.0,80,45.0,55.00000000000001,80,77.5,22.5,80,37.5,62.5,80,98.75,1.25,80,0.0,95.0,5.0,80,0.0,100.0,80,n_low,p_low,k_high,OC_low,pH_neutral,GOOD
28,47,23,52,48,27,75,0,4,71,0,64,11,75,0,48,27,SATTUR,6479,6492fcc8680216eb6c940c0f,2026-08-30T17:50:39.033Z,2026-27,VIRUDHUNAGAR,63f9cb02519359b7438e2c10,63,0,12,2026-09-16T18:06:09.078Z,0,75,0,1,0,74,0,75,0,6a946d6f72269a77ebb56899,Soil Health Card RKVY,660f941a5c8405ca8375c7c6,TAMIL NADU,63f9be9f519359b7438d08bb,2026-09-16T18:08:21.181Z,Kanjampatti,641761,63f9cb79519359b7438e36cd,75,100.0,0.0,0.0,75,100.0,0.0,0.0,75,0.0,16.0,84.0,75,85.33333333333334,14.666666666666666,0.0,75,0.0,100.0,75,0.0,100.0,75,36.0,64.0,75,69.33333333333334,30.666666666666664,75,62.66666666666667,37.333333333333336,75,94.66666666666667,5.333333333333334,75,1.3333333333333335,98.66666666666667,0.0,75,36.0,64.0,75,n_low,p_low,k_high,OC_low,pH_neutral,GOOD
5,69,2,72,74,0,74,0,0,74,0,33,41,74,0,16,58,SATTUR,6479,6492fcc8680216eb6c940c0f,2026-08-20T17:50:36.017Z,2026-27,VIRUDHUNAGAR,63f9cb02519359b7438e2c10,32,1,41,2026-09-16T18:06:09.078Z,0,74,0,0,0,74,0,74,0,6a873e6c8241b4e3ac630554,Soil Health Card RKVY,660f941a5c8405ca8375c7c6,TAMIL NADU,63f9be9f519359b7438d08bb,2026-09-16T18:08:21.181Z,Padandal (CT),641765,63f9cb7a519359b7438e36d7,74,100.0,0.0,0.0,74,100.0,0.0,0.0,74,1.3513513513513513,55.4054054054054,43.24324324324324,74,44.5945945945946,55.4054054054054,0.0,74,0.0,100.0,74,0.0,100.0,74,78.37837837837837,21.62162162162162,74,97.2972972972973,2.7027027027027026,74,93.24324324324324,6.756756756756757,74,100.0,0.0,74,0.0,100.0,0.0,74,0.0,100.0,74,n_low,p_low,k_medium,OC_medium,pH_neutral,GOOD
6,7,1,12,13,0,13,0,0,13,6,1,6,13,0,8,5,SATTUR,6479,6492fcc8680216eb6c940c0f,2026-09-01T17:56:44.451Z,2026-27,VIRUDHUNAGAR,63f9cb02519359b7438e2c10,13,0,0,2026-09-16T18:06:09.078Z,0,13,0,0,0,13,0,13,0,6a9711dc0fb5ed24f8eeec58,Soil Health Card RKVY,660f941a5c8405ca8375c7c6,TAMIL NADU,63f9be9f519359b7438d08bb,2026-09-16T18:08:21.181Z,Madathukadu,933795,63f9cb7a519359b7438e36dc,13,100.0,0.0,0.0,13,100.0,0.0,0.0,13,0.0,0.0,100.0,13,7.6923076923076925,46.15384615384615,46.15384615384615,13,0.0,100.0,13,0.0,100.0,13,38.46153846153847,61.53846153846154,13,92.3076923076923,7.6923076923076925,13,53.84615384615385,46.15384615384615,13,100.0,0.0,13,0.0,100.0,0.0,13,0.0,100.0,13,n_low,p_low,k_high,OC_medium,pH_neutral,GOOD
21,42,2,61,63,0,63,0,4,59,1,56,6,63,0,38,24,SATTUR,6479,6492fcc8680216eb6c940c0f,2026-08-31T17:56:56.040Z,2026-27,VIRUDHUNAGAR,63f9cb02519359b7438e2c10,38,0,25,2026-09-16T18:06:09.078Z,0,63,0,0,1,62,0,63,0,6a95c068700f6639f44288a5,Soil Health Card RKVY,660f941a5c8405ca8375c7c6,TAMIL NADU,63f9be9f519359b7438d08bb,2026-09-16T18:08:21.181Z,Karisalpatti,641755,63f9cb7b519359b7438e36eb,63,100.0,0.0,0.0,63,100.0,0.0,0.0,63,0.0,39.682539682539684,60.317460317460316,63,88.88888888888889,9.523809523809524,1.5873015873015872,63,0.0,100.0,63,0.0,100.0,62,38.70967741935484,61.29032258064516,63,96.82539682539682,3.1746031746031744,63,66.66666666666666,33.33333333333333,63,93.65079365079364,6.349206349206349,63,0.0,98.4126984126984,1.5873015873015872,63,0.0,100.0,63,n_low,p_low,k_high,OC_low,pH_neutral,GOOD
10,52,7,55,62,0,62,0,1,61,0,58,4,62,0,42,20,SATTUR,6479,6492fcc8680216eb6c940c0f,2026-08-30T17:50:39.033Z,2026-27,VIRUDHUNAGAR,63f9cb02519359b7438e2c10,62,0,0,2026-09-16T18:06:09.078Z,0,62,0,0,2,60,0,62,0,6a946d6f72269a77ebb5689a,Soil Health Card RKVY,660f941a5c8405ca8375c7c6,TAMIL NADU,63f9be9f519359b7438d08bb,2026-09-16T18:08:21.181Z,Uppattur,641734,63f9cb7b519359b7438e36f0,62,100.0,0.0,0.0,62,100.0,0.0,0.0,62,0.0,0.0,100.0,62,93.54838709677419,6.451612903225806,0.0,62,0.0,100.0,62,0.0,100.0,62,32.25806451612903,67.74193548387096,62,88.70967741935483,11.29032258064516,62,83.87096774193549,16.129032258064516,62,98.38709677419355,1.6129032258064515,62,0.0,96.7741935483871,3.225806451612903,62,0.0,100.0,62,n_low,p_low,k_high,OC_low,pH_neutral,GOOD
43,66,20,90,110,0,110,0,0,110,6,39,65,95,15,34,76,SATTUR,6479,6492fcc8680216eb6c940c0f,2026-08-28T17:53:48.074Z,2026-27,VIRUDHUNAGAR,63f9cb02519359b7438e2c10,87,3,20,2026-09-16T18:06:09.078Z,0,110,0,0,55,55,0,109,1,6a91cb2c5c17f4f3a547d9b5,Soil Health Card RKVY,660f941a5c8405ca8375c7c6,TAMIL NADU,63f9be9f519359b7438d08bb,2026-09-16T18:08:21.181Z,Melamadai,641719,63f9cb7b519359b7438e36f5,110,100.0,0.0,0.0,110,99.0909090909091,0.9090909090909091,0.0,110,2.727272727272727,18.181818181818183,79.0909090909091,110,35.45454545454545,59.09090909090909,5.454545454545454,110,13.636363636363635,86.36363636363636,110,0.0,100.0,110,69.0909090909091,30.909090909090907,110,81.81818181818183,18.181818181818183,109,60.550458715596335,39.44954128440367,110,100.0,0.0,110,0.0,50.0,50.0,110,0.0,100.0,110,n_low,p_low,k_high,OC_medium,pH_neutral,GOOD
22,40,8,54,62,0,62,0,0,62,0,52,10,62,0,26,36,SATTUR,6479,6492fcc8680216eb6c940c0f,2026-08-28T17:53:48.074Z,2026-27,VIRUDHUNAGAR,63f9cb02519359b7438e2c10,29,1,32,2026-09-16T18:06:09.078Z,0,62,0,0,35,27,0,62,0,6a91cb2c5c17f4f3a547d9b6,Soil Health Card RKVY,660f941a5c8405ca8375c7c6,TAMIL NADU,63f9be9f519359b7438d08bb,2026-09-16T18:08:21.181Z,Sirukulam,641712,63f9cb7c519359b7438e3704,62,100.0,0.0,0.0,62,100.0,0.0,0.0,62,1.6129032258064515,51.61290322580645,46.774193548387096,62,83.87096774193549,16.129032258064516,0.0,62,0.0,100.0,62,0.0,100.0,62,58.06451612903226,41.935483870967744,62,87.09677419354838,12.903225806451612,62,64.51612903225806,35.483870967741936,62,100.0,0.0,62,0.0,43.54838709677419,56.451612903225815,62,0.0,100.0,62,n_low,p_low,k_medium,OC_low,pH_alkaline,GOOD
36,19,13,42,55,0,55,0,1,54,0,51,4,55,0,32,23,SATTUR,6479,6492fcc8680216eb6c940c0f,2026-08-30T17:50:39.034Z,2026-27,VIRUDHUNAGAR,63f9cb02519359b7438e2c10,30,0,25,2026-09-16T18:06:09.078Z,0,55,0,0,0,55,0,55,0,6a946d6f72269a77ebb5689b,Soil Health Card RKVY,660f941a5c8405ca8375c7c6,TAMIL NADU,63f9be9f519359b7438d08bb,2026-09-16T18:08:21.181Z,Sindapalli,641291,63f9cb7c519359b7438e370e,55,100.0,0.0,0.0,55,100.0,0.0,0.0,55,0.0,45.45454545454545,54.54545454545454,55,92.72727272727272,7.2727272727272725,0.0,55,0.0,100.0,55,0.0,100.0,55,41.81818181818181,58.18181818181818,55,76.36363636363637,23.636363636363637,55,34.54545454545455,65.45454545454545,55,98.18181818181819,1.8181818181818181,55,0.0,100.0,0.0,55,0.0,100.0,55,n_low,p_low,k_high,OC_low,pH_neutral,GOOD
20,85,1,104,105,0,105,0,0,105,0,86,19,1,104,105,0,VIRUDHUNAGAR,6484,6492fcc8680216eb6c940c11,2026-09-06T18:07:14.004Z,2026-27,VIRUDHUNAGAR,63f9cb02519359b7438e2c10,84,1,20,2026-09-16T18:06:09.078Z,0,105,0,0,0,105,32,26,47,6a9dabd2506f0d8706d7b9f9,Soil Health Card RKVY,660f941a5c8405ca8375c7c6,TAMIL NADU,63f9be9f519359b7438d08bb,2026-09-16T18:08:21.181Z,Periaparali,641322,63f9cb19519359b7438e2e4b,105,100.0,0.0,0.0,105,24.761904761904763,44.761904761904766,30.476190476190478,105,0.9523809523809524,19.047619047619047,80.0,105,81.9047619047619,18.095238095238095,0.0,105,99.04761904761905,0.9523809523809524,105,0.0,100.0,105,0.0,100.0,105,99.04761904761905,0.9523809523809524,105,80.95238095238095,19.047619047619047,105,100.0,0.0,105,0.0,100.0,0.0,105,0.0,100.0,105,n_low,p_medium,k_high,OC_low,pH_neutral,GOOD
0,29,4,25,14,15,29,0,0,29,0,23,6,0,29,29,0,VIRUDHUNAGAR,6484,6492fcc8680216eb6c940c11,2026-09-16T18:08:24.854Z,2026-27,VIRUDHUNAGAR,63f9cb02519359b7438e2c10,29,0,0,2026-09-16T18:06:09.078Z,0,29,0,0,0,29,0,11,18,6aaadb18815951ad19d1c52e,Soil Health Card RKVY,660f941a5c8405ca8375c7c6,TAMIL NADU,63f9be9f519359b7438d08bb,2026-09-16T18:08:24.854Z,Amathur (CT),641368,63f9cb19519359b7438e2e55,29,100.0,0.0,0.0,29,37.93103448275862,62.06896551724138,0.0,29,0.0,0.0,100.0,29,79.3103448275862,20.689655172413794,0.0,29,100.0,0.0,29,0.0,100.0,29,0.0,100.0,29,86.20689655172413,13.793103448275861,29,100.0,0.0,29,100.0,0.0,29,0.0,100.0,0.0,29,51.724137931034484,48.275862068965516,29,n_low,p_medium,k_high,OC_low,pH_neutral,GOOD
0,60,0,60,54,6,60,0,0,60,0,60,0,16,44,60,0,VIRUDHUNAGAR,6484,6492fcc8680216eb6c940c11,2026-08-07T17:53:16.294Z,2026-27,VIRUDHUNAGAR,63f9cb02519359b7438e2c10,60,0,0,2026-09-16T18:06:09.078Z,0,60,0,0,0,60,0,16,44,6a761b8ca28634dc2cc140ae,Soil Health Card RKVY,660f941a5c8405ca8375c7c6,TAMIL NADU,63f9be9f519359b7438d08bb,2026-09-16T18:08:21.181Z,Appayyanayakkanpatti,641364,63f9cb1a519359b7438e2e64,60,100.0,0.0,0.0,60,26.666666666666668,73.33333333333333,0.0,60,0.0,0.0,100.0,60,100.0,0.0,0.0,60,73.33333333333333,26.666666666666668,60,0.0,100.0,60,0.0,100.0,60,100.0,0.0,60,100.0,0.0,60,100.0,0.0,60,0.0,100.0,0.0,60,10.0,90.0,60,n_low,p_medium,k_high,OC_low,pH_neutral,GOOD
0,5,2,3,5,0,5,0,0,5,0,5,0,0,5,5,0,VIRUDHUNAGAR,6484,6492fcc8680216eb6c940c11,2026-09-10T18:12:36.898Z,2026-27,VIRUDHUNAGAR,63f9cb02519359b7438e2c10,5,0,0,2026-09-16T18:06:09.078Z,0,5,0,0,0,5,5,0,0,6aa2f314dfa3538f38d26515,Soil Health Card RKVY,660f941a5c8405ca8375c7c6,TAMIL NADU,63f9be9f519359b7438d08bb,2026-09-16T18:08:21.181Z,Virudhunagar,932421,63f9cb1a519359b7438e2e69,5,100.0,0.0,0.0,5,0.0,0.0,100.0,5,0.0,0.0,100.0,5,100.0,0.0,0.0,5,100.0,0.0,5,0.0,100.0,5,0.0,100.0,5,60.0,40.0,5,100.0,0.0,5,100.0,0.0,5,0.0,100.0,0.0,5,0.0,100.0,5,n_low,p_high,k_high,OC_low,pH_neutral,GOOD
5,81,16,70,56,30,86,0,0,86,0,72,14,0,86,65,21,VIRUDHUNAGAR,6484,6492fcc8680216eb6c940c11,2026-09-06T18:07:14.005Z,2026-27,VIRUDHUNAGAR,63f9cb02519359b7438e2c10,86,0,0,2026-09-16T18:06:09.078Z,1,85,0,0,0,86,34,2,50,6a9dabd2506f0d8706d7b9fa,Soil Health Card RKVY,660f941a5c8405ca8375c7c6,TAMIL NADU,63f9be9f519359b7438d08bb,2026-09-16T18:08:21.181Z,Chathirareddipatti (CT),641366,63f9cb1b519359b7438e2e78,86,98.83720930232558,0.0,1.1627906976744187,86,2.3255813953488373,58.139534883720934,39.53488372093023,86,0.0,0.0,100.0,86,83.72093023255815,16.27906976744186,0.0,86,100.0,0.0,86,0.0,100.0,86,24.418604651162788,75.5813953488372,86,81.3953488372093,18.6046511627907,86,94.18604651162791,5.813953488372093,86,100.0,0.0,86,0.0,100.0,0.0,86,34.883720930232556,65.11627906976744,86,n_low,p_medium,k_high,OC_low,pH_neutral,GOOD
0,23,0,23,23,0,23,0,0,23,0,19,4,0,23,23,0,VIRUDHUNAGAR,6484,6492fcc8680216eb6c940c11,2026-09-06T18:07:14.005Z,2026-27,VIRUDHUNAGAR,63f9cb02519359b7438e2c10,23,0,0,2026-09-16T18:06:09.078Z,0,23,0,0,0,23,17,0,6,6a9dabd2506f0d8706d7b9fb,Soil Health Card RKVY,660f941a5c8405ca8375c7c6,TAMIL NADU,63f9be9f519359b7438d08bb,2026-09-16T18:08:21.181Z,Allampatti,932294,63f9cb1b519359b7438e2e7d,23,100.0,0.0,0.0,23,0.0,26.08695652173913,73.91304347826086,23,0.0,0.0,100.0,23,82.6086956521739,17.391304347826086,0.0,23,100.0,0.0,23,0.0,100.0,23,0.0,100.0,23,100.0,0.0,23,100.0,0.0,23,100.0,0.0,23,0.0,100.0,0.0,23,0.0,100.0,23,n_low,p_high,k_high,OC_low,pH_neutral,GOOD
0,20,4,16,20,0,20,0,0,20,0,19,1,0,20,20,0,VIRUDHUNAGAR,6484,6492fcc8680216eb6c940c11,2026-09-10T18:12:36.898Z,2026-27,VIRUDHUNAGAR,63f9cb02519359b7438e2c10,20,0,0,2026-09-16T18:06:09.078Z,0,20,0,0,0,20,17,0,3,6aa2f314dfa3538f38d26516,Soil Health Card RKVY,660f941a5c8405ca8375c7c6,TAMIL NADU,63f9be9f519359b7438d08bb,2026-09-16T18:08:21.181Z,Rosalpatti (CT),641369,63f9cb1b519359b7438e2e87,20,100.0,0.0,0.0,20,0.0,15.0,85.0,20,0.0,0.0,100.0,20,95.0,5.0,0.0,20,100.0,0.0,20,0.0,100.0,20,0.0,100.0,20,80.0,20.0,20,100.0,0.0,20,100.0,0.0,20,0.0,100.0,0.0,20,0.0,100.0,20,n_low,p_high,k_high,OC_low,pH_neutral,GOOD
0,33,0,33,33,0,33,0,0,33,3,22,8,0,33,33,0,VIRUDHUNAGAR,6484,6492fcc8680216eb6c940c11,2026-09-01T17:56:44.448Z,2026-27,VIRUDHUNAGAR,63f9cb02519359b7438e2c10,33,0,0,2026-09-16T18:06:09.078Z,0,32,1,1,0,32,9,0,24,6a9711dc0fb5ed24f8eeec4d,Soil Health Card RKVY,660f941a5c8405ca8375c7c6,TAMIL NADU,63f9be9f519359b7438d08bb,2026-09-16T18:08:21.181Z,Chinnavadi,641360,63f9cb1c519359b7438e2ea0,33,96.96969696969697,3.0303030303030303,0.0,33,0.0,72.72727272727273,27.27272727272727,33,0.0,0.0,100.0,33,66.66666666666666,24.242424242424242,9.090909090909092,33,100.0,0.0,33,0.0,100.0,33,0.0,100.0,33,100.0,0.0,33,100.0,0.0,33,100.0,0.0,33,3.0303030303030303,96.96969696969697,0.0,33,0.0,100.0,33,n_low,p_medium,k_high,OC_low,pH_neutral,GOOD
0,54,2,52,54,0,54,0,0,54,0,48,6,5,49,54,0,VIRUDHUNAGAR,6484,6492fcc8680216eb6c940c11,2026-08-07T17:53:16.294Z,2026-27,VIRUDHUNAGAR,63f9cb02519359b7438e2c10,54,0,0,2026-09-16T18:06:09.078Z,1,53,0,0,0,54,15,4,35,6a761b8ca28634dc2cc140af,Soil Health Card RKVY,660f941a5c8405ca8375c7c6,TAMIL NADU,63f9be9f519359b7438d08bb,2026-09-16T18:08:21.181Z,Mettukkundu,641339,63f9cb1e519359b7438e2ed2,54,98.14814814814815,0.0,1.8518518518518516,54,7.4074074074074066,64.81481481481481,27.77777777777778,54,0.0,0.0,100.0,54,88.88888888888889,11.11111111111111,0.0,54,90.74074074074075,9.25925925925926,54,0.0,100.0,54,0.0,100.0,54,96.29629629629629,3.7037037037037033,54,100.0,0.0,54,100.0,0.0,54,0.0,100.0,0.0,54,0.0,100.0,54,n_low,p_medium,k_high,OC_low,pH_neutral,GOOD
0,104,0,104,104,0,104,0,0,104,0,102,2,1,103,103,1,VIRUDHUNAGAR,6484,6492fcc8680216eb6c940c11,2026-08-28T17:53:48.073Z,2026-27,VIRUDHUNAGAR,63f9cb02519359b7438e2c10,104,0,0,2026-09-16T18:06:09.078Z,0,104,0,1,16,87,12,9,83,6a91cb2c5c17f4f3a547d9b2,Soil Health Card RKVY,660f941a5c8405ca8375c7c6,TAMIL NADU,63f9be9f519359b7438d08bb,2026-09-16T18:08:21.181Z,Misalur,641328,63f9cb1e519359b7438e2ed7,104,100.0,0.0,0.0,104,8.653846153846153,79.8076923076923,11.538461538461538,104,0.0,0.0,100.0,104,98.07692307692307,1.9230769230769231,0.0,104,99.03846153846155,0.9615384615384616,104,0.0,100.0,104,0.9615384615384616,99.03846153846155,104,100.0,0.0,104,100.0,0.0,104,100.0,0.0,104,0.9615384615384616,83.65384615384616,15.384615384615385,104,0.0,100.0,104,n_low,p_medium,k_high,OC_low,pH_neutral,GOOD
0,118,0,118,115,3,118,0,1,117,0,118,0,0,118,107,11,VIRUDHUNAGAR,6484,6492fcc8680216eb6c940c11,2026-09-15T18:09:34.230Z,2026-27,VIRUDHUNAGAR,63f9cb02519359b7438e2c10,85,0,33,2026-09-16T18:06:09.078Z,0,118,0,1,81,36,0,61,57,6aa989de05ad99588db77b2d,Soil Health Card RKVY,660f941a5c8405ca8375c7c6,TAMIL NADU,63f9be9f519359b7438d08bb,2026-09-16T18:08:21.181Z,Moolippatti,641324,63f9cb1f519359b7438e2ee1,118,100.0,0.0,0.0,118,51.69491525423729,48.30508474576271,0.0,118,0.0,27.966101694915253,72.03389830508475,118,100.0,0.0,0.0,118,100.0,0.0,118,0.0,100.0,118,9.322033898305085,90.67796610169492,118,100.0,0.0,118,100.0,0.0,118,99.15254237288136,0.847457627118644,118,0.847457627118644,30.508474576271187,68.64406779661016,118,2.5423728813559325,97.45762711864407,118,n_low,p_low,k_high,OC_low,pH_alkaline,GOOD
0,11,0,11,3,8,11,0,0,11,0,9,2,0,11,2,9,VIRUDHUNAGAR,6484,6492fcc8680216eb6c940c11,2026-09-06T18:07:14.005Z,2026-27,VIRUDHUNAGAR,63f9cb02519359b7438e2c10,11,0,0,2026-09-16T18:06:09.078Z,0,11,0,0,0,11,7,0,4,6a9dabd2506f0d8706d7b9fc,Soil Health Card RKVY,660f941a5c8405ca8375c7c6,TAMIL NADU,63f9be9f519359b7438d08bb,2026-09-16T18:08:21.181Z,Kooraikundu (CT),641370,63f9cb1f519359b7438e2ef0,11,100.0,0.0,0.0,11,0.0,36.36363636363637,63.63636363636363,11,0.0,0.0,100.0,11,81.81818181818183,18.181818181818183,0.0,11,100.0,0.0,11,0.0,100.0,11,81.81818181818183,18.181818181818183,11,100.0,0.0,11,100.0,0.0,11,100.0,0.0,11,0.0,100.0,0.0,11,72.72727272727273,27.27272727272727,11,n_low,p_high,k_high,OC_low,pH_neutral,GOOD
0,80,0,80,1,79,80,0,0,80,0,80,0,8,72,80,0,VIRUDHUNAGAR,6484,6492fcc8680216eb6c940c11,2026-08-05T17:46:06.109Z,2026-27,VIRUDHUNAGAR,63f9cb02519359b7438e2c10,80,0,0,2026-09-16T18:06:09.078Z,0,80,0,0,0,80,21,4,55,6a7376deabd36e5d4e77ba35,Soil Health Card RKVY,660f941a5c8405ca8375c7c6,TAMIL NADU,63f9be9f519359b7438d08bb,2026-09-16T18:08:21.181Z,Sengottai,641318,63f9cb22519359b7438e2f31,80,100.0,0.0,0.0,80,5.0,68.75,26.25,80,0.0,0.0,100.0,80,100.0,0.0,0.0,80,90.0,10.0,80,0.0,100.0,80,0.0,100.0,80,100.0,0.0,80,100.0,0.0,80,100.0,0.0,80,0.0,100.0,0.0,80,98.75,1.25,80,n_low,p_medium,k_high,OC_low,pH_neutral,GOOD
0,98,20,78,60,38,97,1,1,97,0,98,0,0,98,96,2,VIRUDHUNAGAR,6484,6492fcc8680216eb6c940c11,2026-09-10T18:12:36.899Z,2026-27,VIRUDHUNAGAR,63f9cb02519359b7438e2c10,98,0,0,2026-09-16T18:06:09.078Z,0,98,0,0,0,98,18,34,46,6aa2f314dfa3538f38d26517,Soil Health Card RKVY,660f941a5c8405ca8375c7c6,TAMIL NADU,63f9be9f519359b7438d08bb,2026-09-16T18:08:21.181Z,Ellinganayakkampatti,641319,63f9cb22519359b7438e2f36,98,100.0,0.0,0.0,98,34.69387755102041,46.93877551020408,18.367346938775512,98,0.0,0.0,100.0,98,100.0,0.0,0.0,98,100.0,0.0,98,1.0204081632653061,98.9795918367347,98,2.0408163265306123,97.95918367346938,98,79.59183673469387,20.408163265306122,98,100.0,0.0,98,98.9795918367347,1.0204081632653061,98,0.0,100.0,0.0,98,38.775510204081634,61.224489795918366,98,n_low,p_medium,k_high,OC_low,pH_neutral,GOOD
0,137,0,137,0,137,137,0,0,137,0,136,1,15,122,136,1,VIRUDHUNAGAR,6484,6492fcc8680216eb6c940c11,2026-08-03T17:49:24.439Z,2026-27,VIRUDHUNAGAR,63f9cb02519359b7438e2c10,135,0,2,2026-09-16T18:06:09.078Z,0,125,12,0,1,136,62,10,65,6a70d4a49922d3c3a0c03c3e,Soil Health Card RKVY,660f941a5c8405ca8375c7c6,TAMIL NADU,63f9be9f519359b7438d08bb,2026-09-16T18:08:21.181Z,Kadambankulam,641340,63f9cb23519359b7438e2f3b,137,91.24087591240875,8.75912408759124,0.0,137,7.2992700729927,47.44525547445255,45.25547445255474,137,0.0,1.4598540145985401,98.54014598540147,137,99.27007299270073,0.7299270072992701,0.0,137,89.05109489051095,10.948905109489052,137,0.0,100.0,137,0.7299270072992701,99.27007299270073,137,100.0,0.0,137,100.0,0.0,137,100.0,0.0,137,0.0,99.27007299270073,0.7299270072992701,137,100.0,0.0,137,n_low,p_medium,k_high,OC_low,pH_neutral,GOOD
0,63,0,63,63,0,63,0,0,63,4,15,44,0,63,63,0,VIRUDHUNAGAR,6484,6492fcc8680216eb6c940c11,2026-08-31T17:56:56.039Z,2026-27,VIRUDHUNAGAR,63f9cb02519359b7438e2c10,61,2,0,2026-09-16T18:06:09.078Z,0,63,0,0,0,63,31,2,30,6a95c068700f6639f44288a2,Soil Health Card RKVY,660f941a5c8405ca8375c7c6,TAMIL NADU,63f9be9f519359b7438d08bb,2026-09-16T18:08:21.181Z,Kumaralingapuram,641326,63f9cb23519359b7438e2f45,63,100.0,0.0,0.0,63,3.1746031746031744,47.61904761904761,49.2063492063492,63,3.1746031746031744,0.0,96.82539682539682,63,23.809523809523807,69.84126984126983,6.349206349206349,63,100.0,0.0,63,0.0,100.0,63,0.0,100.0,63,100.0,0.0,63,100.0,0.0,63,100.0,0.0,63,0.0,100.0,0.0,63,0.0,100.0,63,n_low,p_high,k_high,OC_medium,pH_neutral,GOOD
9,29,0,38,38,0,38,0,0,38,11,12,15,0,38,38,0,VIRUDHUNAGAR,6484,6492fcc8680216eb6c940c11,2026-09-01T17:56:44.450Z,2026-27,VIRUDHUNAGAR,63f9cb02519359b7438e2c10,37,0,1,2026-09-16T18:06:09.078Z,0,38,0,0,1,37,4,5,29,6a9711dc0fb5ed24f8eeec55,Soil Health Card RKVY,660f941a5c8405ca8375c7c6,TAMIL NADU,63f9be9f519359b7438d08bb,2026-09-16T18:08:21.181Z,Golwarpatti,641706,63f9cb76519359b7438e369b,38,100.0,0.0,0.0,38,13.157894736842104,76.31578947368422,10.526315789473683,38,0.0,2.631578947368421,97.36842105263158,38,31.57894736842105,39.473684210526315,28.947368421052634,38,100.0,0.0,38,0.0,100.0,38,0.0,100.0,38,100.0,0.0,38,76.31578947368422,23.684210526315788,38,100.0,0.0,38,0.0,97.36842105263158,2.631578947368421,38,0.0,100.0,38,n_low,p_medium,k_high,OC_medium,pH_neutral,GOOD
0,50,0,50,50,0,50,0,4,46,8,5,37,0,50,49,1,VIRUDHUNAGAR,6484,6492fcc8680216eb6c940c11,2026-09-02T18:08:59.161Z,2026-27,VIRUDHUNAGAR,63f9cb02519359b7438e2c10,50,0,0,2026-09-16T18:06:09.078Z,0,50,0,0,4,46,18,2,30,6a98663bc6fb74a8ae65b41e,Soil Health Card RKVY,660f941a5c8405ca8375c7c6,TAMIL NADU,63f9be9f519359b7438d08bb,2026-09-16T18:08:21.181Z,Sandaiyur,641705,63f9cb77519359b7438e36aa,50,100.0,0.0,0.0,50,4.0,60.0,36.0,50,0.0,0.0,100.0,50,10.0,74.0,16.0,50,100.0,0.0,50,0.0,100.0,50,2.0,98.0,50,100.0,0.0,50,100.0,0.0,50,92.0,8.0,50,0.0,92.0,8.0,50,0.0,100.0,50,n_low,p_medium,k_high,OC_medium,pH_neutral,GOOD
0,25,0,25,25,0,23,2,0,25,0,10,15,0,25,24,1,VIRUDHUNAGAR,6484,6492fcc8680216eb6c940c11,2026-09-02T18:08:59.161Z,2026-27,VIRUDHUNAGAR,63f9cb02519359b7438e2c10,25,0,0,2026-09-16T18:06:09.078Z,0,25,0,0,0,25,10,1,14,6a98663bc6fb74a8ae65b420,Soil Health Card RKVY,660f941a5c8405ca8375c7c6,TAMIL NADU,63f9be9f519359b7438d08bb,2026-09-16T18:08:21.181Z,Muthulingapuram,641703,63f9cb78519359b7438e36b9,25,100.0,0.0,0.0,25,4.0,56.00000000000001,40.0,25,0.0,0.0,100.0,25,40.0,60.0,0.0,25,100.0,0.0,25,8.0,92.0,25,4.0,96.0,25,100.0,0.0,25,100.0,0.0,25,100.0,0.0,25,0.0,100.0,0.0,25,0.0,100.0,25,n_low,p_medium,k_high,OC_medium,pH_neutral,GOOD
0,58,0,58,58,0,57,1,0,58,11,25,22,0,58,58,0,VIRUDHUNAGAR,6484,6492fcc8680216eb6c940c11,2026-09-03T18:08:02.709Z,2026-27,VIRUDHUNAGAR,63f9cb02519359b7438e2c10,57,1,0,2026-09-16T18:06:09.078Z,0,58,0,0,0,58,30,3,25,6a99b7820649dfa6ff11f3c2,Soil Health Card RKVY,660f941a5c8405ca8375c7c6,TAMIL NADU,63f9be9f519359b7438d08bb,2026-09-16T18:08:21.181Z,Veppilaipatti,641704,63f9cb79519359b7438e36c8,58,100.0,0.0,0.0,58,5.172413793103448,43.103448275862064,51.724137931034484,58,1.7241379310344827,0.0,98.27586206896551,58,43.103448275862064,37.93103448275862,18.96551724137931,58,100.0,0.0,58,1.7241379310344827,98.27586206896551,58,0.0,100.0,58,100.0,0.0,58,100.0,0.0,58,100.0,0.0,58,0.0,100.0,0.0,58,0.0,100.0,58,n_low,p_high,k_high,OC_low,pH_neutral,GOOD
1,45,0,46,46,0,46,0,1,45,0,38,8,0,46,46,0,VIRUDHUNAGAR,6484,6492fcc8680216eb6c940c11,2026-09-01T17:56:44.450Z,2026-27,VIRUDHUNAGAR,63f9cb02519359b7438e2c10,46,0,0,2026-09-16T18:06:09.078Z,0,46,0,0,0,46,0,2,44,6a9711dc0fb5ed24f8eeec57,Soil Health Card RKVY,660f941a5c8405ca8375c7c6,TAMIL NADU,63f9be9f519359b7438d08bb,2026-09-16T18:08:21.181Z,Kumaralingapuram,641702,63f9cb79519359b7438e36d2,46,100.0,0.0,0.0,46,4.3478260869565215,95.65217391304348,0.0,46,0.0,0.0,100.0,46,82.6086956521739,17.391304347826086,0.0,46,100.0,0.0,46,0.0,100.0,46,0.0,100.0,46,100.0,0.0,46,97.82608695652173,2.1739130434782608,46,97.82608695652173,2.1739130434782608,46,0.0,100.0,0.0,46,0.0,100.0,46,n_low,p_medium,k_high,OC_low,pH_neutral,GOOD
84,36,1,119,120,0,120,0,0,120,59,25,36,120,0,50,70,VEMBAKOTTAI,6483,6492fcc9680216eb6c940c13,2026-08-13T17:49:12.660Z,2026-27,VIRUDHUNAGAR,63f9cb02519359b7438e2c10,96,0,24,2026-09-16T18:06:09.078Z,0,119,1,0,13,107,0,120,0,6a7e03985649bb3abb470b85,Soil Health Card RKVY,660f941a5c8405ca8375c7c6,TAMIL NADU,63f9be9f519359b7438d08bb,2026-09-16T18:08:21.181Z,Thlukkankurichchi,641744,63f9cb7e519359b7438e3738,120,99.16666666666667,0.8333333333333334,0.0,120,100.0,0.0,0.0,120,0.0,20.0,80.0,120,20.833333333333336,30.0,49.166666666666664,120,0.0,100.0,120,0.0,100.0,120,58.333333333333336,41.66666666666667,120,99.16666666666667,0.8333333333333334,120,30.0,70.0,120,100.0,0.0,120,0.0,89.16666666666667,10.833333333333334,120,0.0,100.0,120,n_low,p_low,k_high,OC_high,pH_neutral,GOOD
1,339,0,340,317,23,292,48,9,331,0,306,34,55,285,330,10,SIVAKASI,6480,6492fcc9680216eb6c940c15,2026-08-13T17:49:12.660Z,2026-27,VIRUDHUNAGAR,63f9cb02519359b7438e2c10,338,2,0,2026-09-16T18:06:09.078Z,0,340,0,0,28,312,5,172,163,6a7e03985649bb3abb470b84,Soil Health Card RKVY,660f941a5c8405ca8375c7c6,TAMIL NADU,63f9be9f519359b7438d08bb,2026-09-16T18:08:21.181Z,Erichchanatham,641268,63f9cb14519359b7438e2dd1,340,100.0,0.0,0.0,340,50.588235294117645,47.94117647058824,1.4705882352941175,340,0.5882352941176471,0.0,99.41176470588235,340,90.0,10.0,0.0,340,83.82352941176471,16.176470588235293,340,14.117647058823529,85.88235294117646,340,2.941176470588235,97.05882352941177,340,100.0,0.0,340,99.70588235294117,0.29411764705882354,340,97.35294117647058,2.6470588235294117,340,0.0,91.76470588235294,8.235294117647058,340,6.764705882352941,93.23529411764706,340,n_low,p_low,k_high,OC_low,pH_neutral,GOOD
