B_Deficient,B_Sufficient,Cu_Deficient,Cu_Sufficient,EC_NonSaline,EC_Saline,Fe_Deficient,Fe_Sufficient,Mn_Deficient,Mn_Sufficient,OC_High,OC_Low,OC_Medium,S_Deficient,S_Sufficient,Zn_Deficient,Zn_Sufficient,block,block_code,block_id,createdAt,cycle,district,district_id,k_High,k_Low,k_Medium,lastProcessedAt,n_High,n_Low,n_Medium,pH_Acidic,pH_Alkaline,pH_Neutral,p_High,p_Low,p_Medium,record_id,scheme,scheme_id,state,state_id,updatedAt,village,village_code,village_id
49,0,1,48,49,0,49,0,49,0,0,49,0,21,28,22,27,ARIYALUR,6256,6492fcaa680216eb6c940915,2026-08-27T17:52:33.497Z,2026-27,Ariyalur,63f9cb8c519359b7438e3856,0,0,49,2026-09-16T18:06:09.078Z,0,49,0,0,28,21,0,0,49,6a90796166839ee331802e8c,Soil Health Card RKVY,660f941a5c8405ca8375c7c6,TAMIL NADU,63f9be9f519359b7438d08bb,2026-09-16T18:08:21.181Z,Valajanagaram,636467,63f9cbab519359b7438e3b25
20,0,1,19,20,0,20,0,19,1,0,20,0,10,10,17,3,ARIYALUR,6256,6492fcaa680216eb6c940915,2026-08-24T17:50:38.313Z,2026-27,Ariyalur,63f9cb8c519359b7438e3856,0,0,20,2026-09-16T18:06:09.078Z,0,20,0,0,8,12,0,0,20,6a8c846e2ce21ef285530e17,Soil Health Card RKVY,660f941a5c8405ca8375c7c6,TAMIL NADU,63f9be9f519359b7438d08bb,2026-09-16T18:08:21.181Z,Kadugur,636458,63f9cbb2519359b7438e3bcf
31,0,3,27,31,0,31,0,31,0,0,30,1,14,17,23,8,ARIYALUR,6256,6492fcaa680216eb6c940915,2026-08-27T17:52:33.497Z,2026-27,Ariyalur,63f9cb8c519359b7438e3856,0,1,30,2026-09-16T18:06:09.078Z,0,31,0,0,22,9,0,0,31,6a90796166839ee331802e8d,Soil Health Card RKVY,660f941a5c8405ca8375c7c6,TAMIL NADU,63f9be9f519359b7438d08bb,2026-09-16T18:08:21.181Z,Illuppaiyur,636454,63f9cbb3519359b7438e3bde
1,1,0,2,2,0,1,1,1,1,1,1,0,0,2,0,2,MADURANTAKAM,6181,6492fcab680216eb6c940927,2026-08-04T17:50:37.740Z,2026-27,CHENGALPATTU,63f9cc92519359b7438e4f61,0,2,0,2026-09-16T18:06:09.078Z,0,2,0,0,0,2,1,0,1,6a72266d707b2ec6eb4935ea,Soil Health Card RKVY,660f941a5c8405ca8375c7c6,TAMIL NADU,63f9be9f519359b7438d08bb,2026-09-16T18:08:21.181Z,Nethapakkam,630077,63f9ccd6519359b7438e555c
1,1,0,2,2,0,0,2,1,1,0,1,1,0,2,0,2,MADURANTAKAM,6181,6492fcab680216eb6c940927,2026-08-04T17:50:37.741Z,2026-27,CHENGALPATTU,63f9cc92519359b7438e4f61,0,2,0,2026-09-16T18:06:09.078Z,0,2,0,0,0,2,1,0,1,6a72266d707b2ec6eb4935eb,Soil Health Card RKVY,660f941a5c8405ca8375c7c6,TAMIL NADU,63f9be9f519359b7438d08bb,2026-09-16T18:08:21.181Z,Peruveli,630092,63f9cce7519359b7438e56ce
1,2,0,3,3,0,0,3,2,1,0,1,2,0,3,0,3,MADURANTAKAM,6181,6492fcab680216eb6c940927,2026-08-04T17:50:37.741Z,2026-27,CHENGALPATTU,63f9cc92519359b7438e4f61,0,3,0,2026-09-16T18:06:09.078Z,0,3,0,0,0,3,1,0,2,6a72266d707b2ec6eb4935ec,Soil Health Card RKVY,660f941a5c8405ca8375c7c6,TAMIL NADU,63f9be9f519359b7438d08bb,2026-09-16T18:08:21.181Z,Sirunallur,630078,63f9cce8519359b7438e56ec
4,1,0,5,5,0,2,3,3,2,0,5,0,3,2,1,4,POLLACHI SOUTH,6112,6492fcab680216eb6c94092d,2026-07-24T17:51:46.670Z,2026-27,COIMBATORE,63f9beae519359b7438d0a39,4,0,1,2026-09-16T18:06:09.078Z,0,4,1,0,0,5,0,2,3,6a63a6321298ca6884f97df2,Soil Health Card RKVY,660f941a5c8405ca8375c7c6,TAMIL NADU,63f9be9f519359b7438d08bb,2026-09-16T18:08:21.181Z,Kanjampatti,644557,63f9bec4519359b7438d0c35
1,1,0,2,2,0,1,1,1,1,0,2,0,0,2,0,2,POLLACHI SOUTH,6112,6492fcab680216eb6c94092d,2026-07-28T18:06:04.936Z,2026-27,COIMBATORE,63f9beae519359b7438d0a39,2,0,0,2026-09-16T18:06:09.078Z,0,2,0,0,0,2,0,1,1,6a68ef8c1a76497cd6b2160b,Soil Health Card RKVY,660f941a5c8405ca8375c7c6,TAMIL NADU,63f9be9f519359b7438d08bb,2026-09-16T18:08:21.181Z,Sinjuvadi,644574,63f9bec5519359b7438d0c49
2,1,0,3,2,1,1,2,2,1,0,1,2,1,2,1,2,POLLACHI SOUTH,6112,6492fcab680216eb6c94092d,2026-08-10T17:48:51.628Z,2026-27,COIMBATORE,63f9beae519359b7438d0a39,3,0,0,2026-09-16T18:06:09.078Z,0,3,0,0,0,3,0,1,2,6a7a0f03d5288ecb5564d0f5,Soil Health Card RKVY,660f941a5c8405ca8375c7c6,TAMIL NADU,63f9be9f519359b7438d08bb,2026-09-16T18:08:21.181Z,Gomangalam,644554,63f9bec6519359b7438d0c62
1,2,0,3,3,0,0,3,0,3,0,1,2,0,3,0,3,POLLACHI SOUTH,6112,6492fcab680216eb6c94092d,2026-07-22T17:46:58.719Z,2026-27,COIMBATORE,63f9beae519359b7438d0a39,0,0,3,2026-09-16T18:06:09.078Z,0,3,0,0,0,3,0,0,3,6a610212093342621f3a2adb,Soil Health Card RKVY,660f941a5c8405ca8375c7c6,TAMIL NADU,63f9be9f519359b7438d08bb,2026-09-16T18:08:21.181Z,Koolanaickenpatti,644572,63f9bec9519359b7438d0cb2
3,0,0,3,3,0,2,1,2,1,0,2,1,0,3,1,2,POLLACHI SOUTH,6112,6492fcab680216eb6c94092d,2026-08-10T17:48:51.629Z,2026-27,COIMBATORE,63f9beae519359b7438d0a39,3,0,0,2026-09-16T18:06:09.078Z,0,3,0,0,0,3,0,1,2,6a7a0f03d5288ecb5564d0f6,Soil Health Card RKVY,660f941a5c8405ca8375c7c6,TAMIL NADU,63f9be9f519359b7438d08bb,2026-09-16T18:08:21.181Z,Gomangalampudur,644573,63f9bec9519359b7438d0cbc
4,2,1,5,6,0,4,2,4,2,0,6,0,1,5,3,3,POLLACHI SOUTH,6112,6492fcab680216eb6c94092d,2026-08-06T17:51:23.185Z,2026-27,COIMBATORE,63f9beae519359b7438d0a39,6,0,0,2026-09-16T18:06:09.078Z,0,6,0,0,0,6,0,1,5,6a74c99bcb17f79fd1c8b47d,Soil Health Card RKVY,660f941a5c8405ca8375c7c6,TAMIL NADU,63f9be9f519359b7438d08bb,2026-09-16T18:08:21.181Z,Seelakkampatti,644553,63f9beca519359b7438d0ccb
3,0,0,3,3,0,0,3,2,1,0,3,0,0,3,0,3,POLLACHI SOUTH,6112,6492fcab680216eb6c94092d,2026-07-22T17:46:58.719Z,2026-27,COIMBATORE,63f9beae519359b7438d0a39,0,0,3,2026-09-16T18:06:09.078Z,0,3,0,0,0,3,0,0,3,6a610212093342621f3a2add,Soil Health Card RKVY,660f941a5c8405ca8375c7c6,TAMIL NADU,63f9be9f519359b7438d08bb,2026-09-16T18:08:21.181Z,Kolarpatti,644556,63f9becf519359b7438d0d48
10,1,0,11,11,0,7,4,5,6,0,11,0,2,9,5,6,POLLACHI SOUTH,6112,6492fcab680216eb6c94092d,2026-07-24T17:51:46.671Z,2026-27,COIMBATORE,63f9beae519359b7438d0a39,7,0,4,2026-09-16T18:06:09.078Z,0,11,0,0,0,11,0,5,6,6a63a6321298ca6884f97dfa,Soil Health Card RKVY,660f941a5c8405ca8375c7c6,TAMIL NADU,63f9be9f519359b7438d08bb,2026-09-16T18:08:21.181Z,VAKKAMPALAYAM,933603,63f9beea519359b7438d0fc0
3,0,0,3,3,0,0,3,1,2,0,3,0,0,3,0,3,POLLACHI SOUTH,6112,6492fcab680216eb6c94092d,2026-09-14T17:57:33.327Z,2026-27,COIMBATORE,63f9beae519359b7438d0a39,0,0,3,2026-09-16T18:06:09.078Z,0,3,0,0,1,2,0,0,3,6aa8358d2016b0ff9e9b3fd5,Soil Health Card RKVY,660f941a5c8405ca8375c7c6,TAMIL NADU,63f9be9f519359b7438d08bb,2026-09-16T18:08:21.181Z,Dhalavaipalayam,644577,63f9beeb519359b7438d0fe3
4,0,0,4,4,0,0,4,1,3,0,4,0,0,4,0,4,POLLACHI SOUTH,6112,6492fcab680216eb6c94092d,2026-09-14T17:57:33.327Z,2026-27,COIMBATORE,63f9beae519359b7438d0a39,0,0,4,2026-09-16T18:06:09.078Z,0,4,0,0,0,4,0,0,4,6aa8358d2016b0ff9e9b3fd6,Soil Health Card RKVY,660f941a5c8405ca8375c7c6,TAMIL NADU,63f9be9f519359b7438d08bb,2026-09-16T18:08:21.181Z,Palayur,644570,63f9beec519359b7438d0fe8
2,0,0,2,2,0,0,2,1,1,0,1,1,0,2,0,2,POLLACHI SOUTH,6112,6492fcab680216eb6c94092d,2026-09-14T17:57:33.327Z,2026-27,COIMBATORE,63f9beae519359b7438d0a39,0,0,2,2026-09-16T18:06:09.078Z,0,2,0,0,0,2,0,0,2,6aa8358d2016b0ff9e9b3fd7,Soil Health Card RKVY,660f941a5c8405ca8375c7c6,TAMIL NADU,63f9be9f519359b7438d08bb,2026-09-16T18:08:21.181Z,Veeralpatti,644576,63f9beec519359b7438d0fed
1,2,0,3,3,0,2,1,2,1,0,3,0,2,1,0,3,POLLACHI SOUTH,6112,6492fcab680216eb6c94092d,2026-08-06T17:51:23.186Z,2026-27,COIMBATORE,63f9beae519359b7438d0a39,1,0,2,2026-09-16T18:06:09.078Z,0,3,0,0,0,3,0,1,2,6a74c99bcb17f79fd1c8b47e,Soil Health Card RKVY,660f941a5c8405ca8375c7c6,TAMIL NADU,63f9be9f519359b7438d08bb,2026-09-16T18:08:21.181Z,Thondamuthur,644578,63f9beec519359b7438d0ffc
3,1,0,4,4,0,3,1,4,0,0,1,3,1,3,1,3,POLLACHI SOUTH,6112,6492fcab680216eb6c94092d,2026-08-05T17:46:06.103Z,2026-27,COIMBATORE,63f9beae519359b7438d0a39,4,0,0,2026-09-16T18:06:09.078Z,0,4,0,0,0,4,0,0,4,6a7376deabd36e5d4e77ba33,Soil Health Card RKVY,660f941a5c8405ca8375c7c6,TAMIL NADU,63f9be9f519359b7438d08bb,2026-09-16T18:08:21.181Z,S. Nallur,644575,63f9beee519359b7438d101a
4,0,0,4,4,0,3,1,4,0,0,3,1,2,2,1,3,POLLACHI SOUTH,6112,6492fcab680216eb6c94092d,2026-07-24T17:51:46.671Z,2026-27,COIMBATORE,63f9beae519359b7438d0a39,2,0,2,2026-09-16T18:06:09.078Z,0,2,2,0,0,4,0,1,3,6a63a6321298ca6884f97dfb,Soil Health Card RKVY,660f941a5c8405ca8375c7c6,TAMIL NADU,63f9be9f519359b7438d08bb,2026-09-16T18:08:21.181Z,Thenkumarapalayam,644571,63f9beef519359b7438d1038
66,4,0,70,70,0,46,24,14,56,0,54,16,49,21,8,62,ANAMALAI,6101,6492fcac680216eb6c94092f,2026-08-10T17:48:51.630Z,2026-27,COIMBATORE,63f9beae519359b7438d0a39,36,1,33,2026-09-16T18:06:09.078Z,0,56,14,0,0,70,0,29,41,6a7a0f03d5288ecb5564d0f8,Soil Health Card RKVY,660f941a5c8405ca8375c7c6,TAMIL NADU,63f9be9f519359b7438d08bb,2026-09-16T18:08:21.181Z,Marchinaickenpalayam,644565,63f9beec519359b7438d0ff7
28,2,0,30,30,0,1,29,7,23,0,14,16,5,25,1,29,ANAMALAI,6101,6492fcac680216eb6c94092f,2026-08-20T17:50:36.005Z,2026-27,COIMBATORE,63f9beae519359b7438d0a39,9,0,21,2026-09-16T18:06:09.078Z,0,30,0,0,0,30,0,1,29,6a873e6c8241b4e3ac63052e,Soil Health Card RKVY,660f941a5c8405ca8375c7c6,TAMIL NADU,63f9be9f519359b7438d08bb,2026-09-16T18:08:21.181Z,Athupollachi,644564,63f9beef519359b7438d1042
1,0,0,1,1,0,1,0,1,0,0,1,0,0,1,0,1,SARCARSAMAKULAM,6114,6492fcac680216eb6c940931,2026-08-13T17:49:12.650Z,2026-27,COIMBATORE,63f9beae519359b7438d0a39,0,0,1,2026-09-16T18:06:09.078Z,0,1,0,0,0,1,0,0,1,6a7e03985649bb3abb470b7a,Soil Health Card RKVY,660f941a5c8405ca8375c7c6,TAMIL NADU,63f9be9f519359b7438d08bb,2026-09-16T18:08:21.181Z,KALAPATTI (EAST),933367,63f9bebe519359b7438d0baa
1,0,0,1,1,0,0,1,0,1,0,1,0,0,1,0,1,SARCARSAMAKULAM,6114,6492fcac680216eb6c940931,2026-08-13T17:49:12.650Z,2026-27,COIMBATORE,63f9beae519359b7438d0a39,1,0,0,2026-09-16T18:06:09.078Z,0,1,0,0,0,1,0,0,1,6a7e03985649bb3abb470b7b,Soil Health Card RKVY,660f941a5c8405ca8375c7c6,TAMIL NADU,63f9be9f519359b7438d08bb,2026-09-16T18:08:21.181Z,SARVANAMPATTY ,933366,63f9bebe519359b7438d0bb4
20,0,0,20,20,0,0,20,14,6,3,0,17,0,20,0,20,SARCARSAMAKULAM,6114,6492fcac680216eb6c940931,2026-08-07T17:53:16.286Z,2026-27,COIMBATORE,63f9beae519359b7438d0a39,20,0,0,2026-09-16T18:06:09.078Z,0,20,0,0,0,20,0,0,20,6a761b8ca28634dc2cc140a7,Soil Health Card RKVY,660f941a5c8405ca8375c7c6,TAMIL NADU,63f9be9f519359b7438d08bb,2026-09-16T18:08:21.181Z,Vilankurichi (CT) ,644445,63f9bebf519359b7438d0bb9
2,0,0,2,2,0,0,2,1,1,0,2,0,0,2,1,1,SARCARSAMAKULAM,6114,6492fcac680216eb6c940931,2026-08-13T17:49:12.651Z,2026-27,COIMBATORE,63f9beae519359b7438d0a39,1,0,1,2026-09-16T18:06:09.078Z,0,2,0,0,0,2,0,0,2,6a7e03985649bb3abb470b7c,Soil Health Card RKVY,660f941a5c8405ca8375c7c6,TAMIL NADU,63f9be9f519359b7438d08bb,2026-09-16T18:08:21.181Z,CHINNAVEDAMPATTY ,933375,63f9bec0519359b7438d0bd2
4,0,0,4,4,0,0,4,3,1,0,4,0,1,3,0,4,SARCARSAMAKULAM,6114,6492fcac680216eb6c940931,2026-08-13T17:49:12.651Z,2026-27,COIMBATORE,63f9beae519359b7438d0a39,2,0,2,2026-09-16T18:06:09.078Z,0,4,0,0,0,4,0,2,2,6a7e03985649bb3abb470b7d,Soil Health Card RKVY,660f941a5c8405ca8375c7c6,TAMIL NADU,63f9be9f519359b7438d08bb,2026-09-16T18:08:21.181Z,SARKAR SAMAKULAM,932152,63f9bed1519359b7438d0d7e
8,2,0,10,10,0,0,10,0,10,0,7,3,0,10,0,10,SARCARSAMAKULAM,6114,6492fcac680216eb6c940931,2026-08-11T17:54:25.137Z,2026-27,COIMBATORE,63f9beae519359b7438d0a39,4,0,6,2026-09-16T18:06:09.078Z,0,10,0,0,0,10,0,0,10,6a7b61d11def2707e2a7d62b,Soil Health Card RKVY,660f941a5c8405ca8375c7c6,TAMIL NADU,63f9be9f519359b7438d08bb,2026-09-16T18:08:21.181Z,Vellamadai,644429,63f9bed2519359b7438d0d88
3,0,0,3,3,0,3,0,0,3,0,3,0,1,2,0,3,SARCARSAMAKULAM,6114,6492fcac680216eb6c940931,2026-09-07T18:11:10.054Z,2026-27,COIMBATORE,63f9beae519359b7438d0a39,3,0,0,2026-09-16T18:06:09.078Z,0,3,0,0,0,3,0,1,2,6a9efe3e96c54e28dc2b1f08,Soil Health Card RKVY,660f941a5c8405ca8375c7c6,TAMIL NADU,63f9be9f519359b7438d08bb,2026-09-16T18:08:21.181Z,Kondayampalayam,644430,63f9bed2519359b7438d0d8d
13,0,0,13,12,1,7,6,5,8,0,12,1,2,11,6,7,SARCARSAMAKULAM,6114,6492fcac680216eb6c940931,2026-08-11T17:54:25.137Z,2026-27,COIMBATORE,63f9beae519359b7438d0a39,8,0,5,2026-09-16T18:06:09.078Z,0,13,0,0,0,13,0,5,8,6a7b61d11def2707e2a7d62c,Soil Health Card RKVY,660f941a5c8405ca8375c7c6,TAMIL NADU,63f9be9f519359b7438d08bb,2026-09-16T18:08:21.181Z,Agraharasamakulam,644431,63f9bed2519359b7438d0d92
16,0,0,16,16,0,3,13,11,5,0,16,0,1,15,5,11,SARCARSAMAKULAM,6114,6492fcac680216eb6c940931,2026-08-11T17:54:25.137Z,2026-27,COIMBATORE,63f9beae519359b7438d0a39,6,0,10,2026-09-16T18:06:09.078Z,0,16,0,0,0,16,0,7,9,6a7b61d11def2707e2a7d62d,Soil Health Card RKVY,660f941a5c8405ca8375c7c6,TAMIL NADU,63f9be9f519359b7438d08bb,2026-09-16T18:08:21.181Z,Keeranatham,644436,63f9bed4519359b7438d0dba
21,2,1,22,21,2,7,16,14,9,0,22,1,18,5,1,22,ANNUR,6102,6492fcac680216eb6c940933,2026-07-22T17:46:58.719Z,2026-27,COIMBATORE,63f9beae519359b7438d0a39,23,0,0,2026-09-16T18:06:09.078Z,0,23,0,0,12,11,11,0,12,6a610212093342621f3a2ade,Soil Health Card RKVY,660f941a5c8405ca8375c7c6,TAMIL NADU,63f9be9f519359b7438d08bb,2026-09-16T18:08:21.181Z,Karegoundenpalayam,644418,63f9bed3519359b7438d0dab
10,1,0,11,11,0,6,5,8,3,0,10,1,9,2,0,11,ANNUR,6102,6492fcac680216eb6c940933,2026-08-27T17:52:33.479Z,2026-27,COIMBATORE,63f9beae519359b7438d0a39,11,0,0,2026-09-16T18:06:09.078Z,0,11,0,0,0,11,0,0,11,6a90796166839ee331802e7e,Soil Health Card RKVY,660f941a5c8405ca8375c7c6,TAMIL NADU,63f9be9f519359b7438d08bb,2026-09-16T18:08:21.181Z,Masagoundenchettipalayam,644425,63f9bed4519359b7438d0db5
6,1,0,7,5,2,5,2,6,1,0,7,0,7,0,0,7,ANNUR,6102,6492fcac680216eb6c940933,2026-07-22T17:46:58.719Z,2026-27,COIMBATORE,63f9beae519359b7438d0a39,7,0,0,2026-09-16T18:06:09.078Z,0,7,0,0,0,7,0,0,7,6a610212093342621f3a2adf,Soil Health Card RKVY,660f941a5c8405ca8375c7c6,TAMIL NADU,63f9be9f519359b7438d08bb,2026-09-16T18:08:21.181Z,Kariampalayam,644421,63f9bed6519359b7438d0df6
4,6,0,10,10,0,5,5,7,3,0,9,1,5,5,1,9,PERIYANAYAKKANPALAYAM,6110,6492fcac680216eb6c940935,2026-08-06T17:51:23.185Z,2026-27,COIMBATORE,63f9beae519359b7438d0a39,9,0,1,2026-09-16T18:06:09.078Z,0,10,0,0,0,10,0,5,5,6a74c99bcb17f79fd1c8b47c,Soil Health Card RKVY,660f941a5c8405ca8375c7c6,TAMIL NADU,63f9be9f519359b7438d08bb,2026-09-16T18:08:21.181Z,Somayampalayam (CT),644446,63f9bebd519359b7438d0b91
14,0,0,14,14,0,6,8,2,12,0,13,1,4,10,0,14,PERIYANAYAKKANPALAYAM,6110,6492fcac680216eb6c940935,2026-07-30T17:53:48.577Z,2026-27,COIMBATORE,63f9beae519359b7438d0a39,6,0,8,2026-09-16T18:06:09.078Z,0,14,0,0,2,12,0,4,10,6a6b8face7baf7911a5200e5,Soil Health Card RKVY,660f941a5c8405ca8375c7c6,TAMIL NADU,63f9be9f519359b7438d08bb,2026-09-16T18:08:21.181Z,Pannimadai,644435,63f9bec0519359b7438d0be1
5,2,0,7,7,0,3,4,3,4,0,7,0,4,3,0,7,KINATHUKADAVU,6106,6492fcac680216eb6c940937,2026-07-24T17:51:46.671Z,2026-27,COIMBATORE,63f9beae519359b7438d0a39,7,0,0,2026-09-16T18:06:09.078Z,0,7,0,0,0,7,0,3,4,6a63a6321298ca6884f97df3,Soil Health Card RKVY,660f941a5c8405ca8375c7c6,TAMIL NADU,63f9be9f519359b7438d08bb,2026-09-16T18:08:21.181Z,Pottaiyandiporambu,644483,63f9bed9519359b7438d0e2f
10,0,0,10,10,0,9,1,3,7,0,10,0,5,5,2,8,KINATHUKADAVU,6106,6492fcac680216eb6c940937,2026-07-30T17:53:48.578Z,2026-27,COIMBATORE,63f9beae519359b7438d0a39,10,0,0,2026-09-16T18:06:09.078Z,0,10,0,0,0,10,0,4,6,6a6b8face7baf7911a5200e6,Soil Health Card RKVY,660f941a5c8405ca8375c7c6,TAMIL NADU,63f9be9f519359b7438d08bb,2026-09-16T18:08:21.181Z,Sangarayapuram,644485,63f9bed9519359b7438d0e34
1,0,0,1,1,0,1,0,1,0,0,1,0,0,1,0,1,KINATHUKADAVU,6106,6492fcac680216eb6c940937,2026-07-24T17:51:46.671Z,2026-27,COIMBATORE,63f9beae519359b7438d0a39,1,0,0,2026-09-16T18:06:09.078Z,0,1,0,0,0,1,0,0,1,6a63a6321298ca6884f97df4,Soil Health Card RKVY,660f941a5c8405ca8375c7c6,TAMIL NADU,63f9be9f519359b7438d08bb,2026-09-16T18:08:21.181Z,Sokkanur,644484,63f9beda519359b7438d0e3e
10,0,0,10,10,0,6,4,8,2,0,8,2,3,7,4,6,KINATHUKADAVU,6106,6492fcac680216eb6c940937,2026-07-24T17:51:46.671Z,2026-27,COIMBATORE,63f9beae519359b7438d0a39,7,0,3,2026-09-16T18:06:09.078Z,0,10,0,0,1,9,0,5,5,6a63a6321298ca6884f97df5,Soil Health Card RKVY,660f941a5c8405ca8375c7c6,TAMIL NADU,63f9be9f519359b7438d08bb,2026-09-16T18:08:21.181Z,Kondampatty,644479,63f9beda519359b7438d0e48
7,0,0,7,7,0,5,2,1,6,0,7,0,1,6,1,6,KINATHUKADAVU,6106,6492fcac680216eb6c940937,2026-07-30T17:53:48.578Z,2026-27,COIMBATORE,63f9beae519359b7438d0a39,7,0,0,2026-09-16T18:06:09.078Z,0,7,0,0,0,7,0,3,4,6a6b8face7baf7911a5200e7,Soil Health Card RKVY,660f941a5c8405ca8375c7c6,TAMIL NADU,63f9be9f519359b7438d08bb,2026-09-16T18:08:21.181Z,Govindapuram,644496,63f9bedb519359b7438d0e57
1,0,0,1,1,0,1,0,1,0,0,1,0,0,1,0,1,KINATHUKADAVU,6106,6492fcac680216eb6c940937,2026-07-24T17:51:46.671Z,2026-27,COIMBATORE,63f9beae519359b7438d0a39,1,0,0,2026-09-16T18:06:09.078Z,0,1,0,0,0,1,0,1,0,6a63a6321298ca6884f97df6,Soil Health Card RKVY,660f941a5c8405ca8375c7c6,TAMIL NADU,63f9be9f519359b7438d08bb,2026-09-16T18:08:21.181Z,Andipalayam,644492,63f9bedc519359b7438d0e70
2,0,0,2,2,0,1,1,1,1,0,2,0,0,2,0,2,KINATHUKADAVU,6106,6492fcac680216eb6c940937,2026-07-24T17:51:46.671Z,2026-27,COIMBATORE,63f9beae519359b7438d0a39,2,0,0,2026-09-16T18:06:09.078Z,0,2,0,0,0,2,0,0,2,6a63a6321298ca6884f97df7,Soil Health Card RKVY,660f941a5c8405ca8375c7c6,TAMIL NADU,63f9be9f519359b7438d08bb,2026-09-16T18:08:21.181Z,Vadasithur,644478,63f9bedc519359b7438d0e7a
4,1,0,5,5,0,2,3,2,3,0,5,0,0,5,0,5,KINATHUKADAVU,6106,6492fcac680216eb6c940937,2026-07-24T17:51:46.671Z,2026-27,COIMBATORE,63f9beae519359b7438d0a39,5,0,0,2026-09-16T18:06:09.078Z,0,5,0,0,1,4,0,0,5,6a63a6321298ca6884f97df8,Soil Health Card RKVY,660f941a5c8405ca8375c7c6,TAMIL NADU,63f9be9f519359b7438d08bb,2026-09-16T18:08:21.181Z,Kappalankarai,644505,63f9bede519359b7438d0e9d
2,0,0,2,2,0,1,1,1,1,0,2,0,0,2,0,2,KINATHUKADAVU,6106,6492fcac680216eb6c940937,2026-08-03T17:49:24.432Z,2026-27,COIMBATORE,63f9beae519359b7438d0a39,2,0,0,2026-09-16T18:06:09.078Z,0,2,0,0,0,2,0,1,1,6a70d4a49922d3c3a0c03c35,Soil Health Card RKVY,660f941a5c8405ca8375c7c6,TAMIL NADU,63f9be9f519359b7438d08bb,2026-09-16T18:08:21.181Z,Muthur,644486,63f9bedf519359b7438d0eb6
4,1,0,5,5,0,0,5,0,5,0,5,0,0,5,0,5,KINATHUKADAVU,6106,6492fcac680216eb6c940937,2026-07-24T17:51:46.671Z,2026-27,COIMBATORE,63f9beae519359b7438d0a39,5,0,0,2026-09-16T18:06:09.078Z,0,5,0,0,0,5,0,0,5,6a63a6321298ca6884f97df9,Soil Health Card RKVY,660f941a5c8405ca8375c7c6,TAMIL NADU,63f9be9f519359b7438d08bb,2026-09-16T18:08:21.181Z,Devarayapuram,644495,63f9bedf519359b7438d0ebb
23,0,0,23,23,0,8,15,11,12,0,22,1,4,19,3,20,MADUKKARAI,6108,6492fcac680216eb6c940939,2026-08-17T17:52:49.836Z,2026-27,COIMBATORE,63f9beae519359b7438d0a39,17,0,6,2026-09-16T18:06:09.078Z,0,23,0,0,11,12,0,11,12,6a834a71f6e224ac5e5eaaf6,Soil Health Card RKVY,660f941a5c8405ca8375c7c6,TAMIL NADU,63f9be9f519359b7438d08bb,2026-09-16T18:08:21.181Z,ETTIMADAI,932330,63f9bee6519359b7438d0f5f
3,0,0,3,3,0,1,2,2,1,0,3,0,0,3,0,3,MADUKKARAI,6108,6492fcac680216eb6c940939,2026-08-13T17:49:12.652Z,2026-27,COIMBATORE,63f9beae519359b7438d0a39,2,0,1,2026-09-16T18:06:09.078Z,0,3,0,0,0,3,0,1,2,6a7e03985649bb3abb470b7e,Soil Health Card RKVY,660f941a5c8405ca8375c7c6,TAMIL NADU,63f9be9f519359b7438d08bb,2026-09-16T18:08:21.181Z,Arisippalayam,644464,63f9bee7519359b7438d0f82
43,1,0,44,44,0,32,12,22,22,0,43,1,14,30,9,35,MADUKKARAI,6108,6492fcac680216eb6c940939,2026-08-14T17:50:35.096Z,2026-27,COIMBATORE,63f9beae519359b7438d0a39,36,0,8,2026-09-16T18:06:09.078Z,0,44,0,0,3,41,0,16,28,6a7f556b1d0ece276109f09f,Soil Health Card RKVY,660f941a5c8405ca8375c7c6,TAMIL NADU,63f9be9f519359b7438d08bb,2026-09-16T18:08:21.181Z,Mavuthampathi,644456,63f9bee8519359b7438d0f96
13,1,0,14,14,0,10,4,7,7,0,14,0,11,3,0,14,KARAMADAI,6105,6492fcac680216eb6c94093b,2026-08-27T17:52:33.477Z,2026-27,COIMBATORE,63f9beae519359b7438d0a39,14,0,0,2026-09-16T18:06:09.078Z,0,14,0,0,7,7,2,0,12,6a90796166839ee331802e7d,Soil Health Card RKVY,660f941a5c8405ca8375c7c6,TAMIL NADU,63f9be9f519359b7438d08bb,2026-09-16T18:08:21.181Z,Tholampalayam,644350,63f9beb1519359b7438d0a70
6,1,0,7,7,0,6,1,4,3,0,4,3,1,6,1,6,THONDAMUTHUR,6117,6492fcac680216eb6c94093d,2026-08-05T17:46:06.103Z,2026-27,COIMBATORE,63f9beae519359b7438d0a39,7,0,0,2026-09-16T18:06:09.078Z,0,7,0,0,0,7,0,4,3,6a7376deabd36e5d4e77ba32,Soil Health Card RKVY,660f941a5c8405ca8375c7c6,TAMIL NADU,63f9be9f519359b7438d08bb,2026-09-16T18:08:21.181Z,THONDAMUTHUR,932226,63f9bedf519359b7438d0ec7
6,2,0,8,8,0,6,2,1,7,0,8,0,5,3,0,8,THONDAMUTHUR,6117,6492fcac680216eb6c94093d,2026-07-30T17:53:48.578Z,2026-27,COIMBATORE,63f9beae519359b7438d0a39,7,0,1,2026-09-16T18:06:09.078Z,0,8,0,0,1,7,0,3,5,6a6b8face7baf7911a5200e8,Soil Health Card RKVY,660f941a5c8405ca8375c7c6,TAMIL NADU,63f9be9f519359b7438d08bb,2026-09-16T18:08:21.181Z,ALANTHURAI,932200,63f9bee1519359b7438d0eef
8,1,0,9,9,0,7,2,5,4,0,6,3,4,5,0,9,THONDAMUTHUR,6117,6492fcac680216eb6c94093d,2026-07-30T17:53:48.578Z,2026-27,COIMBATORE,63f9beae519359b7438d0a39,8,0,1,2026-09-16T18:06:09.078Z,0,9,0,0,0,9,0,0,9,6a6b8face7baf7911a5200e9,Soil Health Card RKVY,660f941a5c8405ca8375c7c6,TAMIL NADU,63f9be9f519359b7438d08bb,2026-09-16T18:08:21.181Z,VADAVALLI,932244,63f9bee1519359b7438d0ef4
6,1,0,7,7,0,3,4,4,3,0,7,0,3,4,1,6,THONDAMUTHUR,6117,6492fcac680216eb6c94093d,2026-08-11T17:54:25.138Z,2026-27,COIMBATORE,63f9beae519359b7438d0a39,6,0,1,2026-09-16T18:06:09.078Z,0,7,0,0,0,7,0,2,5,6a7b61d11def2707e2a7d62e,Soil Health Card RKVY,660f941a5c8405ca8375c7c6,TAMIL NADU,63f9be9f519359b7438d08bb,2026-09-16T18:08:21.181Z,POOLUVAMPATTI,932271,63f9bee2519359b7438d0f0d
6,1,0,7,7,0,5,2,6,1,0,6,1,3,4,0,7,THONDAMUTHUR,6117,6492fcac680216eb6c94093d,2026-08-11T17:54:25.138Z,2026-27,COIMBATORE,63f9beae519359b7438d0a39,6,0,1,2026-09-16T18:06:09.078Z,0,7,0,0,0,7,0,2,5,6a7b61d11def2707e2a7d62f,Soil Health Card RKVY,660f941a5c8405ca8375c7c6,TAMIL NADU,63f9be9f519359b7438d08bb,2026-09-16T18:08:21.181Z,Theethipalayam,644455,63f9bee3519359b7438d0f1c
7,0,0,7,7,0,3,4,0,7,0,7,0,7,0,0,7,THONDAMUTHUR,6117,6492fcac680216eb6c94093d,2026-08-10T17:48:51.630Z,2026-27,COIMBATORE,63f9beae519359b7438d0a39,7,0,0,2026-09-16T18:06:09.078Z,0,7,0,0,0,7,0,0,7,6a7a0f03d5288ecb5564d0f7,Soil Health Card RKVY,660f941a5c8405ca8375c7c6,TAMIL NADU,63f9be9f519359b7438d08bb,2026-09-16T18:08:21.181Z,Madavarayapuram,644452,63f9bee3519359b7438d0f2b
5,0,0,5,5,0,1,4,2,3,0,4,1,0,5,1,4,POLLACHI NORTH,6111,6492fcac680216eb6c94093f,2026-06-18T18:06:11.474Z,2026-27,COIMBATORE,63f9beae519359b7438d0a39,1,0,4,2026-09-16T18:06:09.078Z,0,5,0,0,0,5,0,0,5,6a343393a6092e046bf44f01,Soil Health Card RKVY,660f941a5c8405ca8375c7c6,TAMIL NADU,63f9be9f519359b7438d08bb,2026-09-16T18:08:21.181Z,Ramapatinam,644516,63f9bec7519359b7438d0c7b
5,0,0,5,5,0,0,5,5,0,0,5,0,0,5,0,5,POLLACHI NORTH,6111,6492fcac680216eb6c94093f,2026-07-22T17:46:58.719Z,2026-27,COIMBATORE,63f9beae519359b7438d0a39,0,0,5,2026-09-16T18:06:09.078Z,0,5,0,0,0,5,0,0,5,6a610212093342621f3a2ada,Soil Health Card RKVY,660f941a5c8405ca8375c7c6,TAMIL NADU,63f9be9f519359b7438d08bb,2026-09-16T18:08:21.181Z,Sinna Negamam,644508,63f9bec7519359b7438d0c80
8,0,0,8,8,0,3,5,4,4,0,7,1,0,8,0,8,POLLACHI NORTH,6111,6492fcac680216eb6c94093f,2026-07-22T17:46:58.719Z,2026-27,COIMBATORE,63f9beae519359b7438d0a39,2,0,6,2026-09-16T18:06:09.078Z,0,8,0,0,0,8,0,3,5,6a610212093342621f3a2adc,Soil Health Card RKVY,660f941a5c8405ca8375c7c6,TAMIL NADU,63f9be9f519359b7438d08bb,2026-09-16T18:08:21.181Z,Poravipalayam,644498,63f9bece519359b7438d0d2f
3,0,0,3,3,0,3,0,2,1,1,1,1,1,2,1,2,POLLACHI NORTH,6111,6492fcac680216eb6c94093f,2026-08-17T17:52:49.835Z,2026-27,COIMBATORE,63f9beae519359b7438d0a39,1,0,2,2026-09-16T18:06:09.078Z,0,3,0,0,0,3,0,1,2,6a834a71f6e224ac5e5eaaf5,Soil Health Card RKVY,660f941a5c8405ca8375c7c6,TAMIL NADU,63f9be9f519359b7438d08bb,2026-09-16T18:08:21.181Z,Servakaranpalayam,644499,63f9bece519359b7438d0d34
9,1,0,10,10,0,3,7,7,3,0,10,0,10,0,2,8,SULTANPET,6115,6492fcac680216eb6c940941,2026-08-06T17:51:23.184Z,2026-27,COIMBATORE,63f9beae519359b7438d0a39,10,0,0,2026-09-16T18:06:09.078Z,0,10,0,0,7,3,0,1,9,6a74c99bcb17f79fd1c8b47a,Soil Health Card RKVY,660f941a5c8405ca8375c7c6,TAMIL NADU,63f9be9f519359b7438d08bb,2026-09-16T18:08:21.181Z,Bogampatti,644388,63f9beb3519359b7438d0ab3
5,5,0,10,10,0,4,6,8,2,0,10,0,7,3,1,9,SULTANPET,6115,6492fcac680216eb6c940941,2026-08-13T17:49:12.650Z,2026-27,COIMBATORE,63f9beae519359b7438d0a39,10,0,0,2026-09-16T18:06:09.078Z,0,10,0,0,1,9,2,0,8,6a7e03985649bb3abb470b77,Soil Health Card RKVY,660f941a5c8405ca8375c7c6,TAMIL NADU,63f9be9f519359b7438d08bb,2026-09-16T18:08:21.181Z,Varapatti,644386,63f9beb4519359b7438d0ac7
8,2,0,10,7,3,4,6,5,5,0,10,0,7,3,3,7,SULTANPET,6115,6492fcac680216eb6c940941,2026-08-06T17:51:23.184Z,2026-27,COIMBATORE,63f9beae519359b7438d0a39,10,0,0,2026-09-16T18:06:09.078Z,0,10,0,0,2,8,0,2,8,6a74c99bcb17f79fd1c8b47b,Soil Health Card RKVY,660f941a5c8405ca8375c7c6,TAMIL NADU,63f9be9f519359b7438d08bb,2026-09-16T18:08:21.181Z,Pappampatti,644382,63f9beb5519359b7438d0ad1
10,0,0,10,10,0,6,4,5,5,0,10,0,8,2,0,10,SULTANPET,6115,6492fcac680216eb6c940941,2026-08-07T17:53:16.286Z,2026-27,COIMBATORE,63f9beae519359b7438d0a39,9,0,1,2026-09-16T18:06:09.078Z,0,10,0,0,6,4,4,0,6,6a761b8ca28634dc2cc140a5,Soil Health Card RKVY,660f941a5c8405ca8375c7c6,TAMIL NADU,63f9be9f519359b7438d08bb,2026-09-16T18:08:21.181Z,Edayapalayam,644383,63f9beb6519359b7438d0aea
4,1,0,5,3,2,1,4,1,4,0,5,0,3,2,0,5,SULTANPET,6115,6492fcac680216eb6c940941,2026-08-07T17:53:16.286Z,2026-27,COIMBATORE,63f9beae519359b7438d0a39,5,0,0,2026-09-16T18:06:09.078Z,0,5,0,0,3,2,3,0,2,6a761b8ca28634dc2cc140a6,Soil Health Card RKVY,660f941a5c8405ca8375c7c6,TAMIL NADU,63f9be9f519359b7438d08bb,2026-09-16T18:08:21.181Z,Senjeri Ayyampalayam,644396,63f9beb7519359b7438d0afe
8,2,0,10,10,0,2,8,6,4,0,10,0,9,1,2,8,SULTANPET,6115,6492fcac680216eb6c940941,2026-08-14T17:50:35.094Z,2026-27,COIMBATORE,63f9beae519359b7438d0a39,10,0,0,2026-09-16T18:06:09.078Z,0,10,0,0,3,7,0,0,10,6a7f556b1d0ece276109f09e,Soil Health Card RKVY,660f941a5c8405ca8375c7c6,TAMIL NADU,63f9be9f519359b7438d08bb,2026-09-16T18:08:21.181Z,Malaipalayam,644397,63f9beb8519359b7438d0b12
10,0,0,10,10,0,5,5,7,3,0,10,0,9,1,5,5,SULTANPET,6115,6492fcac680216eb6c940941,2026-08-13T17:49:12.650Z,2026-27,COIMBATORE,63f9beae519359b7438d0a39,9,1,0,2026-09-16T18:06:09.078Z,0,10,0,0,4,6,4,0,6,6a7e03985649bb3abb470b78,Soil Health Card RKVY,660f941a5c8405ca8375c7c6,TAMIL NADU,63f9be9f519359b7438d08bb,2026-09-16T18:08:21.181Z,Vadambacheri,644385,63f9beb9519359b7438d0b2b
5,0,0,5,3,2,1,4,4,1,0,5,0,4,1,0,5,SULTANPET,6115,6492fcac680216eb6c940941,2026-08-13T17:49:12.650Z,2026-27,COIMBATORE,63f9beae519359b7438d0a39,5,0,0,2026-09-16T18:06:09.078Z,0,5,0,0,1,4,3,0,2,6a7e03985649bb3abb470b79,Soil Health Card RKVY,660f941a5c8405ca8375c7c6,TAMIL NADU,63f9be9f519359b7438d08bb,2026-09-16T18:08:21.181Z,Vadavedampatti,644392,63f9beba519359b7438d0b4e
12,0,0,12,12,0,7,5,7,5,0,11,1,2,10,3,9,SULUR,6116,6492fcad680216eb6c940943,2026-09-14T17:57:33.325Z,2026-27,COIMBATORE,63f9beae519359b7438d0a39,2,0,10,2026-09-16T18:06:09.078Z,0,12,0,0,0,12,0,5,7,6aa8358d2016b0ff9e9b3fd4,Soil Health Card RKVY,660f941a5c8405ca8375c7c6,TAMIL NADU,63f9be9f519359b7438d08bb,2026-09-16T18:08:21.181Z,Kalangal,644379,63f9beb9519359b7438d0b30
11,0,0,11,11,0,11,0,8,3,0,8,3,1,10,3,8,SULUR,6116,6492fcad680216eb6c940943,2026-07-14T17:49:03.622Z,2026-27,COIMBATORE,63f9beae519359b7438d0a39,10,0,1,2026-09-16T18:06:09.078Z,0,6,5,0,6,5,0,8,3,6a56768f2aa07b7905039c4b,Soil Health Card RKVY,660f941a5c8405ca8375c7c6,TAMIL NADU,63f9be9f519359b7438d08bb,2026-09-16T18:08:21.181Z,Kittampalayam,644372,63f9beba519359b7438d0b58
12,31,0,43,34,9,7,36,0,43,0,43,0,41,2,6,37,MELBHUVANAGIRI,6128,6492fcad680216eb6c940945,2026-07-24T17:51:46.671Z,2026-27,CUDDALORE,63f9bef0519359b7438d104b,0,0,43,2026-09-16T18:06:09.078Z,0,43,0,0,0,43,32,0,11,6a63a6321298ca6884f97dfc,Soil Health Card RKVY,660f941a5c8405ca8375c7c6,TAMIL NADU,63f9be9f519359b7438d08bb,2026-09-16T18:08:21.181Z,Vadakkuthittai,636763,63f9bfa2519359b7438d20ff
0,63,0,63,63,0,0,63,0,63,0,63,0,41,22,0,63,PARANGIPETTAI,6131,6492fcad680216eb6c940947,2026-09-09T18:08:01.602Z,2026-27,CUDDALORE,63f9bef0519359b7438d104b,0,0,63,2026-09-16T18:06:09.078Z,0,63,0,0,0,63,63,0,0,6aa1a081a9301e4c4acd10cf,Soil Health Card RKVY,660f941a5c8405ca8375c7c6,TAMIL NADU,63f9be9f519359b7438d08bb,2026-09-16T18:08:21.181Z,Nakkaravanthangudi,636842,63f9bf3c519359b7438d1786
5,27,0,32,32,0,30,2,0,32,0,32,0,13,19,0,32,KOMARATCHI,6125,6492fcad680216eb6c940949,2026-09-08T18:04:10.728Z,2026-27,CUDDALORE,63f9bef0519359b7438d104b,24,0,8,2026-09-16T18:06:09.078Z,0,32,0,0,0,32,11,7,14,6aa04e1a4fbfe3b4fac524e6,Soil Health Card RKVY,660f941a5c8405ca8375c7c6,TAMIL NADU,63f9be9f519359b7438d08bb,2026-09-16T18:08:21.181Z,Sivakam,636965,63f9bf4d519359b7438d1904
2,41,0,43,43,0,0,43,0,43,0,43,0,28,15,0,43,KOMARATCHI,6125,6492fcad680216eb6c940949,2026-08-11T17:54:25.139Z,2026-27,CUDDALORE,63f9bef0519359b7438d104b,0,0,43,2026-09-16T18:06:09.078Z,0,43,0,0,0,43,0,43,0,6a7b61d11def2707e2a7d630,Soil Health Card RKVY,660f941a5c8405ca8375c7c6,TAMIL NADU,63f9be9f519359b7438d08bb,2026-09-16T18:08:21.181Z,Komaratchi East,637009,63f9bf5a519359b7438d1a44
10,5,0,15,15,0,0,15,2,13,0,15,0,1,14,0,15,ANNAGRAMAM,6120,6492fcad680216eb6c940955,2026-08-03T17:49:24.433Z,2026-27,CUDDALORE,63f9bef0519359b7438d104b,0,15,0,2026-09-16T18:06:09.078Z,0,15,0,0,0,15,0,6,9,6a70d4a49922d3c3a0c03c36,Soil Health Card RKVY,660f941a5c8405ca8375c7c6,TAMIL NADU,63f9be9f519359b7438d08bb,2026-09-16T18:08:21.181Z,Ezhumedu,636547,63f9befc519359b7438d1163
3,24,0,27,27,0,0,27,25,2,0,27,0,12,15,1,26,ANNAGRAMAM,6120,6492fcad680216eb6c940955,2026-08-03T17:49:24.433Z,2026-27,CUDDALORE,63f9bef0519359b7438d104b,0,18,9,2026-09-16T18:06:09.078Z,0,27,0,0,7,20,0,8,19,6a70d4a49922d3c3a0c03c37,Soil Health Card RKVY,660f941a5c8405ca8375c7c6,TAMIL NADU,63f9be9f519359b7438d08bb,2026-09-16T18:08:21.181Z,Kilkavarapattu,636543,63f9befc519359b7438d1168
0,1,0,1,1,0,0,1,0,1,0,1,0,0,1,0,1,ANNAGRAMAM,6120,6492fcad680216eb6c940955,2026-08-03T17:49:24.433Z,2026-27,CUDDALORE,63f9bef0519359b7438d104b,0,1,0,2026-09-16T18:06:09.078Z,0,1,0,0,0,1,0,1,0,6a70d4a49922d3c3a0c03c38,Soil Health Card RKVY,660f941a5c8405ca8375c7c6,TAMIL NADU,63f9be9f519359b7438d08bb,2026-09-16T18:08:21.181Z,Melkavarapattu,636542,63f9bf08519359b7438d1271
0,8,0,8,8,0,2,6,8,0,1,5,2,4,4,3,5,NALLAMPALLI,6137,6492fcae680216eb6c940963,2026-09-09T18:08:01.602Z,2026-27,DHARMAPURI,63f9bfb2519359b7438d228b,0,0,8,2026-09-16T18:06:09.078Z,0,8,0,0,0,8,4,0,4,6aa1a081a9301e4c4acd10d4,Soil Health Card RKVY,660f941a5c8405ca8375c7c6,TAMIL NADU,63f9be9f519359b7438d08bb,2026-09-16T18:08:21.181Z,Nathathahalli,643584,63f9c01a519359b7438d2c31
0,37,0,37,37,0,6,31,37,0,1,19,17,28,9,12,25,PENNAGARAM,6140,6492fcaf680216eb6c940973,2026-09-09T18:08:01.602Z,2026-27,DHARMAPURI,63f9bfb2519359b7438d228b,20,2,15,2026-09-16T18:06:09.078Z,0,36,1,0,0,37,32,0,5,6aa1a081a9301e4c4acd10d0,Soil Health Card RKVY,660f941a5c8405ca8375c7c6,TAMIL NADU,63f9be9f519359b7438d08bb,2026-09-16T18:08:21.181Z,Chinnampalli,643654,63f9c008519359b7438d2a89
0,3,0,3,3,0,2,1,3,0,0,3,0,2,1,1,2,PENNAGARAM,6140,6492fcaf680216eb6c940973,2026-09-09T18:08:01.602Z,2026-27,DHARMAPURI,63f9bfb2519359b7438d228b,1,0,2,2026-09-16T18:06:09.078Z,0,3,0,0,0,3,3,0,0,6aa1a081a9301e4c4acd10d1,Soil Health Card RKVY,660f941a5c8405ca8375c7c6,TAMIL NADU,63f9be9f519359b7438d08bb,2026-09-16T18:08:21.181Z,Kalappambadi,643655,63f9c00e519359b7438d2b0b
0,3,0,3,3,0,1,2,3,0,0,3,0,1,2,2,1,PENNAGARAM,6140,6492fcaf680216eb6c940973,2026-09-09T18:08:01.602Z,2026-27,DHARMAPURI,63f9bfb2519359b7438d228b,1,0,2,2026-09-16T18:06:09.078Z,0,3,0,0,0,3,2,0,1,6aa1a081a9301e4c4acd10d2,Soil Health Card RKVY,660f941a5c8405ca8375c7c6,TAMIL NADU,63f9be9f519359b7438d08bb,2026-09-16T18:08:21.181Z,Kadamadai,643651,63f9c010519359b7438d2b3d
0,4,0,4,4,0,1,3,4,0,0,4,0,2,2,1,3,PENNAGARAM,6140,6492fcaf680216eb6c940973,2026-09-09T18:08:01.602Z,2026-27,DHARMAPURI,63f9bfb2519359b7438d228b,0,0,4,2026-09-16T18:06:09.078Z,0,4,0,0,0,4,2,0,2,6aa1a081a9301e4c4acd10d3,Soil Health Card RKVY,660f941a5c8405ca8375c7c6,TAMIL NADU,63f9be9f519359b7438d08bb,2026-09-16T18:08:21.181Z,Pudupatti,643652,63f9c011519359b7438d2b4c
1,0,0,1,1,0,1,0,1,0,0,1,0,0,1,0,1,BHAVANI,6157,6492fcb0680216eb6c940995,2026-09-16T18:08:24.820Z,2026-27,ERODE,63f9c075519359b7438d3493,0,0,1,2026-09-16T18:06:09.078Z,0,1,0,0,0,1,0,1,0,6aaadb18815951ad19d1c514,Soil Health Card RKVY,660f941a5c8405ca8375c7c6,TAMIL NADU,63f9be9f519359b7438d08bb,2026-09-16T18:08:24.820Z,Urachikottai,933886,63f9c084519359b7438d35da
5,4,0,9,9,0,7,2,8,1,0,9,0,4,5,4,5,BHAVANI,6157,6492fcb0680216eb6c940995,2026-09-16T18:08:24.820Z,2026-27,ERODE,63f9c075519359b7438d3493,7,0,2,2026-09-16T18:06:09.078Z,0,9,0,0,0,9,0,5,4,6aaadb18815951ad19d1c515,Soil Health Card RKVY,660f941a5c8405ca8375c7c6,TAMIL NADU,63f9be9f519359b7438d08bb,2026-09-16T18:08:24.820Z,Oricheri,634882,63f9c086519359b7438d35f8
7,3,0,10,10,0,8,2,7,3,0,10,0,5,5,3,7,BHAVANI,6157,6492fcb0680216eb6c940995,2026-09-16T18:08:24.820Z,2026-27,ERODE,63f9c075519359b7438d3493,6,0,4,2026-09-16T18:06:09.078Z,0,10,0,0,0,10,0,6,4,6aaadb18815951ad19d1c516,Soil Health Card RKVY,660f941a5c8405ca8375c7c6,TAMIL NADU,63f9be9f519359b7438d08bb,2026-09-16T18:08:24.820Z,Appakudal,932887,63f9c08a519359b7438d3661
18,1,0,19,19,0,15,4,19,0,0,19,0,5,14,0,19,BHAVANI,6157,6492fcb0680216eb6c940995,2026-09-16T18:08:24.820Z,2026-27,ERODE,63f9c075519359b7438d3493,12,0,7,2026-09-16T18:06:09.078Z,0,19,0,0,0,19,0,15,4,6aaadb18815951ad19d1c517,Soil Health Card RKVY,660f941a5c8405ca8375c7c6,TAMIL NADU,63f9be9f519359b7438d08bb,2026-09-16T18:08:24.820Z,Bhavani,634881,63f9c08b519359b7438d3675
17,4,0,21,21,0,14,7,15,6,0,21,0,10,11,10,11,BHAVANI,6157,6492fcb0680216eb6c940995,2026-09-16T18:08:24.820Z,2026-27,ERODE,63f9c075519359b7438d3493,20,0,1,2026-09-16T18:06:09.078Z,0,21,0,0,0,21,0,0,21,6aaadb18815951ad19d1c518,Soil Health Card RKVY,660f941a5c8405ca8375c7c6,TAMIL NADU,63f9be9f519359b7438d08bb,2026-09-16T18:08:24.820Z,Mylambadi,634869,63f9c08b519359b7438d3684
15,4,0,19,19,0,13,6,11,8,0,19,0,6,13,8,11,BHAVANI,6157,6492fcb0680216eb6c940995,2026-09-16T18:08:24.820Z,2026-27,ERODE,63f9c075519359b7438d3493,11,0,8,2026-09-16T18:06:09.078Z,0,19,0,0,0,19,0,14,5,6aaadb18815951ad19d1c519,Soil Health Card RKVY,660f941a5c8405ca8375c7c6,TAMIL NADU,63f9be9f519359b7438d08bb,2026-09-16T18:08:24.820Z,Punnam,634868,63f9c08c519359b7438d368e
3,0,0,3,3,0,3,0,1,2,0,3,0,1,2,0,3,GOPICHETTIPALAIYAM,6162,6492fcb0680216eb6c940997,2026-09-07T18:11:10.090Z,2026-27,ERODE,63f9c075519359b7438d3493,2,0,1,2026-09-16T18:06:09.078Z,0,3,0,0,0,3,0,0,3,6a9efe3e96c54e28dc2b1f09,Soil Health Card RKVY,660f941a5c8405ca8375c7c6,TAMIL NADU,63f9be9f519359b7438d08bb,2026-09-16T18:08:21.181Z,Modachur,634926,63f9c08e519359b7438d36b8
32,8,1,39,40,0,13,27,0,40,0,34,6,27,13,20,20,CHINNASALEM,6453,6492fcb1680216eb6c9409ad,2026-09-03T18:08:02.712Z,2026-27,KALLAKURICHI,63f9cc0d519359b7438e43aa,0,11,29,2026-09-16T18:06:09.078Z,0,40,0,0,1,39,7,9,24,6a99b7820649dfa6ff11f3c3,Soil Health Card RKVY,660f941a5c8405ca8375c7c6,TAMIL NADU,63f9be9f519359b7438d08bb,2026-09-16T18:08:21.181Z,Ammakalathur,633537,63f9cc80519359b7438e4dad
10,6,1,15,16,0,3,13,0,16,0,12,4,6,10,9,7,KALLAKKURICHI,6455,6492fcb1680216eb6c9409af,2026-08-14T17:50:35.104Z,2026-27,KALLAKURICHI,63f9cc0d519359b7438e43aa,0,4,12,2026-09-16T18:06:09.078Z,0,16,0,0,0,16,4,4,8,6a7f556b1d0ece276109f0a0,Soil Health Card RKVY,660f941a5c8405ca8375c7c6,TAMIL NADU,63f9be9f519359b7438d08bb,2026-09-16T18:08:21.181Z,Emapper - ,933094,63f9cc47519359b7438e48b3
1,1,1,1,2,0,0,2,0,2,0,2,0,0,2,2,0,KALLAKKURICHI,6455,6492fcb1680216eb6c9409af,2026-08-14T17:50:35.104Z,2026-27,KALLAKURICHI,63f9cc0d519359b7438e43aa,0,0,2,2026-09-16T18:06:09.078Z,0,2,0,0,0,2,1,0,1,6a7f556b1d0ece276109f0a1,Soil Health Card RKVY,660f941a5c8405ca8375c7c6,TAMIL NADU,63f9be9f519359b7438d08bb,2026-09-16T18:08:21.181Z,Ka. Mamanandal,633434,63f9cc52519359b7438e49ad
13,0,0,13,12,0,0,13,0,13,0,13,0,3,10,5,8,RAJAKKAMANGALAM,6193,6492fcb2680216eb6c9409cb,2026-08-17T17:52:49.838Z,2026-27,KANNIYAKUMARI,63f9c154519359b7438d48e2,3,2,8,2026-09-16T18:06:09.078Z,0,13,0,0,0,13,10,0,3,6a834a71f6e224ac5e5eab04,Soil Health Card RKVY,660f941a5c8405ca8375c7c6,TAMIL NADU,63f9be9f519359b7438d08bb,2026-09-16T18:08:21.181Z,Madhusoodhanapuram North,932078,63f9c171519359b7438d4b81
3,0,0,3,3,0,0,3,0,3,0,3,0,0,3,1,2,RAJAKKAMANGALAM,6193,6492fcb2680216eb6c9409cb,2026-09-09T18:08:01.604Z,2026-27,KANNIYAKUMARI,63f9c154519359b7438d48e2,0,0,3,2026-09-16T18:06:09.078Z,0,3,0,0,0,3,3,0,0,6aa1a081a9301e4c4acd10d5,Soil Health Card RKVY,660f941a5c8405ca8375c7c6,TAMIL NADU,63f9be9f519359b7438d08bb,2026-09-16T18:08:21.181Z,Rajakkamangalam ,932068,63f9c172519359b7438d4b90
6,2,0,8,8,0,0,8,0,8,0,8,0,3,5,5,3,RAJAKKAMANGALAM,6193,6492fcb2680216eb6c9409cb,2026-09-09T18:08:01.604Z,2026-27,KANNIYAKUMARI,63f9c154519359b7438d48e2,0,0,8,2026-09-16T18:06:09.078Z,0,8,0,1,0,7,8,0,0,6aa1a081a9301e4c4acd10d6,Soil Health Card RKVY,660f941a5c8405ca8375c7c6,TAMIL NADU,63f9be9f519359b7438d08bb,2026-09-16T18:08:21.181Z,Neendakarai B ,932066,63f9c172519359b7438d4b95
2,0,0,2,2,0,0,2,0,2,0,2,0,1,1,0,2,RAJAKKAMANGALAM,6193,6492fcb2680216eb6c9409cb,2026-09-09T18:08:01.604Z,2026-27,KANNIYAKUMARI,63f9c154519359b7438d48e2,0,0,2,2026-09-16T18:06:09.078Z,0,2,0,0,0,2,1,0,1,6aa1a081a9301e4c4acd10d7,Soil Health Card RKVY,660f941a5c8405ca8375c7c6,TAMIL NADU,63f9be9f519359b7438d08bb,2026-09-16T18:08:21.181Z,Neendakarai A East and Town ,932063,63f9c172519359b7438d4b9a
1,0,0,1,1,0,0,1,0,1,0,1,0,0,1,1,0,RAJAKKAMANGALAM,6193,6492fcb2680216eb6c9409cb,2026-09-10T18:12:36.877Z,2026-27,KANNIYAKUMARI,63f9c154519359b7438d48e2,0,0,1,2026-09-16T18:06:09.078Z,0,1,0,0,0,1,1,0,0,6aa2f314dfa3538f38d2650a,Soil Health Card RKVY,660f941a5c8405ca8375c7c6,TAMIL NADU,63f9be9f519359b7438d08bb,2026-09-16T18:08:21.181Z,PUTHALAM ,932028,63f9c173519359b7438d4bae
3,0,0,3,3,0,0,3,0,3,0,3,0,1,2,2,1,RAJAKKAMANGALAM,6193,6492fcb2680216eb6c9409cb,2026-08-17T17:52:49.838Z,2026-27,KANNIYAKUMARI,63f9c154519359b7438d48e2,1,1,1,2026-09-16T18:06:09.078Z,0,3,0,0,0,3,1,1,1,6a834a71f6e224ac5e5eab05,Soil Health Card RKVY,660f941a5c8405ca8375c7c6,TAMIL NADU,63f9be9f519359b7438d08bb,2026-09-16T18:08:21.181Z,Thengamputhoor ,932026,63f9c173519359b7438d4bb3
0,1,0,1,1,0,0,1,0,1,0,1,0,0,1,1,0,RAJAKKAMANGALAM,6193,6492fcb2680216eb6c9409cb,2026-09-10T18:12:36.877Z,2026-27,KANNIYAKUMARI,63f9c154519359b7438d48e2,0,0,1,2026-09-16T18:06:09.078Z,0,1,0,0,0,1,1,0,0,6aa2f314dfa3538f38d2650b,Soil Health Card RKVY,660f941a5c8405ca8375c7c6,TAMIL NADU,63f9be9f519359b7438d08bb,2026-09-16T18:08:21.181Z,Neendakara-A (Part),643174,63f9c176519359b7438d4bfe
1,0,0,1,1,0,0,1,0,1,0,1,0,1,0,1,0,RAJAKKAMANGALAM,6193,6492fcb2680216eb6c9409cb,2026-09-09T18:08:01.604Z,2026-27,KANNIYAKUMARI,63f9c154519359b7438d48e2,0,0,1,2026-09-16T18:06:09.078Z,0,1,0,0,0,1,1,0,0,6aa1a081a9301e4c4acd10d8,Soil Health Card RKVY,660f941a5c8405ca8375c7c6,TAMIL NADU,63f9be9f519359b7438d08bb,2026-09-16T18:08:21.181Z,Vadasery (Part),643166,63f9c176519359b7438d4c0d
3,0,0,3,3,0,0,3,0,3,0,3,0,0,3,0,3,RAJAKKAMANGALAM,6193,6492fcb2680216eb6c9409cb,2026-09-10T18:12:36.877Z,2026-27,KANNIYAKUMARI,63f9c154519359b7438d48e2,0,0,3,2026-09-16T18:06:09.078Z,0,3,0,0,0,3,3,0,0,6aa2f314dfa3538f38d2650c,Soil Health Card RKVY,660f941a5c8405ca8375c7c6,TAMIL NADU,63f9be9f519359b7438d08bb,2026-09-16T18:08:21.181Z,Vembanoor West ,932086,63f9c177519359b7438d4c1c
13,0,0,13,13,0,0,13,0,13,0,10,3,6,7,8,5,RAJAKKAMANGALAM,6193,6492fcb2680216eb6c9409cb,2026-08-17T17:52:49.838Z,2026-27,KANNIYAKUMARI,63f9c154519359b7438d48e2,1,2,10,2026-09-16T18:06:09.078Z,0,13,0,3,0,10,11,0,2,6a834a71f6e224ac5e5eab06,Soil Health Card RKVY,660f941a5c8405ca8375c7c6,TAMIL NADU,63f9be9f519359b7438d08bb,2026-09-16T18:08:21.181Z,Neendakarai A West ,932059,63f9c177519359b7438d4c26
3,0,0,3,3,0,0,3,0,3,0,3,0,2,1,1,2,RAJAKKAMANGALAM,6193,6492fcb2680216eb6c9409cb,2026-09-09T18:08:01.604Z,2026-27,KANNIYAKUMARI,63f9c154519359b7438d48e2,1,1,1,2026-09-16T18:06:09.078Z,0,3,0,0,0,3,2,0,1,6aa1a081a9301e4c4acd10d9,Soil Health Card RKVY,660f941a5c8405ca8375c7c6,TAMIL NADU,63f9be9f519359b7438d08bb,2026-09-16T18:08:21.181Z,Putheri,932052,63f9c178519359b7438d4c35
7,0,0,7,7,0,0,7,0,7,0,7,0,1,6,3,4,RAJAKKAMANGALAM,6193,6492fcb2680216eb6c9409cb,2026-09-09T18:08:01.604Z,2026-27,KANNIYAKUMARI,63f9c154519359b7438d48e2,0,4,3,2026-09-16T18:06:09.078Z,0,7,0,0,0,7,7,0,0,6aa1a081a9301e4c4acd10da,Soil Health Card RKVY,660f941a5c8405ca8375c7c6,TAMIL NADU,63f9be9f519359b7438d08bb,2026-09-16T18:08:21.181Z,Kaniyakulam,932050,63f9c178519359b7438d4c3a
9,0,0,9,9,0,0,9,0,9,0,6,3,4,5,6,3,RAJAKKAMANGALAM,6193,6492fcb2680216eb6c9409cb,2026-08-17T17:52:49.838Z,2026-27,KANNIYAKUMARI,63f9c154519359b7438d48e2,1,3,5,2026-09-16T18:06:09.078Z,0,9,0,0,0,9,4,0,5,6a834a71f6e224ac5e5eab07,Soil Health Card RKVY,660f941a5c8405ca8375c7c6,TAMIL NADU,63f9be9f519359b7438d08bb,2026-09-16T18:08:21.181Z,DHARMAPURAM NORTH ,931936,63f9c179519359b7438d4c53
1,2,0,3,3,0,0,3,0,3,0,0,3,3,0,0,3,THACKALAI,6194,6492fcb2680216eb6c9409cd,2026-09-07T18:11:10.092Z,2026-27,KANNIYAKUMARI,63f9c154519359b7438d48e2,0,0,3,2026-09-16T18:06:09.078Z,0,3,0,3,0,0,3,0,0,6a9efe3e96c54e28dc2b1f0a,Soil Health Card RKVY,660f941a5c8405ca8375c7c6,TAMIL NADU,63f9be9f519359b7438d08bb,2026-09-16T18:08:21.181Z,Valvachagostam A,932150,63f9c15c519359b7438d49b1
1,1,0,2,2,0,0,2,0,2,0,1,1,0,2,0,2,THACKALAI,6194,6492fcb2680216eb6c9409cd,2026-09-07T18:11:10.092Z,2026-27,KANNIYAKUMARI,63f9c154519359b7438d48e2,0,0,2,2026-09-16T18:06:09.078Z,0,2,0,2,0,0,2,0,0,6a9efe3e96c54e28dc2b1f0b,Soil Health Card RKVY,660f941a5c8405ca8375c7c6,TAMIL NADU,63f9be9f519359b7438d08bb,2026-09-16T18:08:21.181Z,Valvachagostam B,932155,63f9c15d519359b7438d49c5
4,5,0,9,9,0,0,9,0,9,1,3,5,3,6,4,5,THACKALAI,6194,6492fcb2680216eb6c9409cd,2026-09-07T18:11:10.092Z,2026-27,KANNIYAKUMARI,63f9c154519359b7438d48e2,0,2,7,2026-09-16T18:06:09.078Z,0,7,2,7,0,2,9,0,0,6a9efe3e96c54e28dc2b1f0c,Soil Health Card RKVY,660f941a5c8405ca8375c7c6,TAMIL NADU,63f9be9f519359b7438d08bb,2026-09-16T18:08:21.181Z,Kalkulam,643131,63f9c15f519359b7438d49f2
5,1,0,6,6,0,0,6,0,6,2,3,1,0,6,0,6,THACKALAI,6194,6492fcb2680216eb6c9409cd,2026-09-07T18:11:10.092Z,2026-27,KANNIYAKUMARI,63f9c154519359b7438d48e2,0,4,2,2026-09-16T18:06:09.078Z,0,4,2,6,0,0,6,0,0,6a9efe3e96c54e28dc2b1f0d,Soil Health Card RKVY,660f941a5c8405ca8375c7c6,TAMIL NADU,63f9be9f519359b7438d08bb,2026-09-16T18:08:21.181Z,Kumarapuram,932182,63f9c160519359b7438d4a06
2,0,0,2,2,0,0,2,0,2,0,0,2,0,2,0,2,THACKALAI,6194,6492fcb2680216eb6c9409cd,2026-09-07T18:11:10.092Z,2026-27,KANNIYAKUMARI,63f9c154519359b7438d48e2,0,1,1,2026-09-16T18:06:09.078Z,0,2,0,1,0,1,2,0,0,6a9efe3e96c54e28dc2b1f0e,Soil Health Card RKVY,660f941a5c8405ca8375c7c6,TAMIL NADU,63f9be9f519359b7438d08bb,2026-09-16T18:08:21.181Z,Nullivilai A,932212,63f9c160519359b7438d4a15
1,1,0,2,2,0,0,2,0,2,0,2,0,0,2,1,1,THACKALAI,6194,6492fcb2680216eb6c9409cd,2026-09-07T18:11:10.092Z,2026-27,KANNIYAKUMARI,63f9c154519359b7438d48e2,0,0,2,2026-09-16T18:06:09.078Z,0,2,0,0,0,2,2,0,0,6a9efe3e96c54e28dc2b1f0f,Soil Health Card RKVY,660f941a5c8405ca8375c7c6,TAMIL NADU,63f9be9f519359b7438d08bb,2026-09-16T18:08:21.181Z,Kothanalloor,932179,63f9c161519359b7438d4a1f
3,5,0,8,8,0,0,8,0,8,0,2,6,0,8,0,8,THACKALAI,6194,6492fcb2680216eb6c9409cd,2026-09-07T18:11:10.092Z,2026-27,KANNIYAKUMARI,63f9c154519359b7438d48e2,0,0,8,2026-09-16T18:06:09.078Z,0,7,1,8,0,0,8,0,0,6a9efe3e96c54e28dc2b1f10,Soil Health Card RKVY,660f941a5c8405ca8375c7c6,TAMIL NADU,63f9be9f519359b7438d08bb,2026-09-16T18:08:21.181Z,Kappiyarai B,932149,63f9c162519359b7438d4a2e
3,5,0,8,8,0,0,8,0,8,0,2,6,0,8,1,7,THACKALAI,6194,6492fcb2680216eb6c9409cd,2026-09-07T18:11:10.093Z,2026-27,KANNIYAKUMARI,63f9c154519359b7438d48e2,0,3,5,2026-09-16T18:06:09.078Z,0,8,0,3,0,5,8,0,0,6a9efe3e96c54e28dc2b1f11,Soil Health Card RKVY,660f941a5c8405ca8375c7c6,TAMIL NADU,63f9be9f519359b7438d08bb,2026-09-16T18:08:21.181Z,Thackalai,643130,63f9c162519359b7438d4a3d
1,0,0,1,1,0,0,1,0,1,0,1,0,0,1,0,1,THACKALAI,6194,6492fcb2680216eb6c9409cd,2026-09-07T18:11:10.093Z,2026-27,KANNIYAKUMARI,63f9c154519359b7438d48e2,0,1,0,2026-09-16T18:06:09.078Z,0,1,0,0,0,1,1,0,0,6a9efe3e96c54e28dc2b1f12,Soil Health Card RKVY,660f941a5c8405ca8375c7c6,TAMIL NADU,63f9be9f519359b7438d08bb,2026-09-16T18:08:21.181Z,Chadayamangalam,932176,63f9c163519359b7438d4a56
0,3,0,3,3,0,0,3,0,3,0,2,1,2,1,1,2,THACKALAI,6194,6492fcb2680216eb6c9409cd,2026-09-07T18:11:10.093Z,2026-27,KANNIYAKUMARI,63f9c154519359b7438d48e2,0,2,1,2026-09-16T18:06:09.078Z,0,3,0,3,0,0,3,0,0,6a9efe3e96c54e28dc2b1f13,Soil Health Card RKVY,660f941a5c8405ca8375c7c6,TAMIL NADU,63f9be9f519359b7438d08bb,2026-09-16T18:08:21.181Z,Maruthoorkurichi,932158,63f9c164519359b7438d4a60
2,6,0,8,8,0,0,8,0,8,0,1,7,3,5,3,5,THACKALAI,6194,6492fcb2680216eb6c9409cd,2026-09-07T18:11:10.093Z,2026-27,KANNIYAKUMARI,63f9c154519359b7438d48e2,1,0,7,2026-09-16T18:06:09.078Z,0,8,0,6,0,2,8,0,0,6a9efe3e96c54e28dc2b1f14,Soil Health Card RKVY,660f941a5c8405ca8375c7c6,TAMIL NADU,63f9be9f519359b7438d08bb,2026-09-16T18:08:21.181Z,Velimalai,932282,63f9c164519359b7438d4a6a
6,3,0,9,9,0,0,9,0,9,1,3,5,0,9,0,9,THACKALAI,6194,6492fcb2680216eb6c9409cd,2026-09-07T18:11:10.093Z,2026-27,KANNIYAKUMARI,63f9c154519359b7438d48e2,0,6,3,2026-09-16T18:06:09.078Z,0,7,2,9,0,0,9,0,0,6a9efe3e96c54e28dc2b1f15,Soil Health Card RKVY,660f941a5c8405ca8375c7c6,TAMIL NADU,63f9be9f519359b7438d08bb,2026-09-16T18:08:21.181Z,Thiruvithancode,932263,63f9c165519359b7438d4a88
3,1,0,4,4,0,0,4,0,4,0,3,1,0,4,0,4,THACKALAI,6194,6492fcb2680216eb6c9409cd,2026-09-07T18:11:10.093Z,2026-27,KANNIYAKUMARI,63f9c154519359b7438d48e2,2,0,2,2026-09-16T18:06:09.078Z,0,4,0,0,0,4,4,0,0,6a9efe3e96c54e28dc2b1f16,Soil Health Card RKVY,660f941a5c8405ca8375c7c6,TAMIL NADU,63f9be9f519359b7438d08bb,2026-09-16T18:08:21.181Z,Eraniel,932209,63f9c168519359b7438d4aab
2,0,0,2,2,0,0,2,0,2,0,1,1,0,2,0,2,THACKALAI,6194,6492fcb2680216eb6c9409cd,2026-09-07T18:11:10.093Z,2026-27,KANNIYAKUMARI,63f9c154519359b7438d48e2,1,1,0,2026-09-16T18:06:09.078Z,0,1,1,0,0,2,2,0,0,6a9efe3e96c54e28dc2b1f17,Soil Health Card RKVY,660f941a5c8405ca8375c7c6,TAMIL NADU,63f9be9f519359b7438d08bb,2026-09-16T18:08:21.181Z,Nullivilai B,932214,63f9c168519359b7438d4ab0
3,0,0,3,3,0,0,3,0,3,0,3,0,1,2,1,2,MUNCHIRA,6192,6492fcb2680216eb6c9409d1,2026-09-09T18:08:01.605Z,2026-27,KANNIYAKUMARI,63f9c154519359b7438d48e2,0,0,3,2026-09-16T18:06:09.078Z,0,3,0,2,0,1,3,0,0,6aa1a081a9301e4c4acd10db,Soil Health Card RKVY,660f941a5c8405ca8375c7c6,TAMIL NADU,63f9be9f519359b7438d08bb,2026-09-16T18:08:21.181Z,Ezhudesam C ,932385,63f9c183519359b7438d4d33
9,3,0,12,12,0,0,12,0,12,0,12,0,5,7,7,5,MUNCHIRA,6192,6492fcb2680216eb6c9409d1,2026-09-09T18:08:01.605Z,2026-27,KANNIYAKUMARI,63f9c154519359b7438d48e2,0,0,12,2026-09-16T18:06:09.078Z,0,12,0,5,0,7,12,0,0,6aa1a081a9301e4c4acd10dc,Soil Health Card RKVY,660f941a5c8405ca8375c7c6,TAMIL NADU,63f9be9f519359b7438d08bb,2026-09-16T18:08:21.181Z,Painkulam,932386,63f9c183519359b7438d4d38
1,0,0,1,1,0,0,1,0,1,0,1,0,1,0,1,0,MUNCHIRA,6192,6492fcb2680216eb6c9409d1,2026-09-10T18:12:36.878Z,2026-27,KANNIYAKUMARI,63f9c154519359b7438d48e2,0,0,1,2026-09-16T18:06:09.078Z,0,1,0,0,0,1,1,0,0,6aa2f314dfa3538f38d2650d,Soil Health Card RKVY,660f941a5c8405ca8375c7c6,TAMIL NADU,63f9be9f519359b7438d08bb,2026-09-16T18:08:21.181Z,Arudesam,932393,63f9c183519359b7438d4d3d
6,0,0,6,6,0,0,6,0,6,0,6,0,2,4,6,0,MUNCHIRA,6192,6492fcb2680216eb6c9409d1,2026-09-09T18:08:01.605Z,2026-27,KANNIYAKUMARI,63f9c154519359b7438d48e2,2,0,4,2026-09-16T18:06:09.078Z,0,6,0,2,0,4,6,0,0,6aa1a081a9301e4c4acd10dd,Soil Health Card RKVY,660f941a5c8405ca8375c7c6,TAMIL NADU,63f9be9f519359b7438d08bb,2026-09-16T18:08:21.181Z,Athencode,932523,63f9c184519359b7438d4d47
12,0,0,12,12,0,0,12,0,12,0,12,0,3,9,10,2,MUNCHIRA,6192,6492fcb2680216eb6c9409d1,2026-09-09T18:08:01.605Z,2026-27,KANNIYAKUMARI,63f9c154519359b7438d48e2,0,0,12,2026-09-16T18:06:09.078Z,0,12,0,10,0,2,12,0,0,6aa1a081a9301e4c4acd10de,Soil Health Card RKVY,660f941a5c8405ca8375c7c6,TAMIL NADU,63f9be9f519359b7438d08bb,2026-09-16T18:08:21.181Z,kollencode A,932368,63f9c184519359b7438d4d4c
5,0,0,5,5,0,0,5,0,5,0,5,0,1,4,5,0,MUNCHIRA,6192,6492fcb2680216eb6c9409d1,2026-09-09T18:08:01.605Z,2026-27,KANNIYAKUMARI,63f9c154519359b7438d48e2,1,0,4,2026-09-16T18:06:09.078Z,0,5,0,2,0,3,5,0,0,6aa1a081a9301e4c4acd10df,Soil Health Card RKVY,660f941a5c8405ca8375c7c6,TAMIL NADU,63f9be9f519359b7438d08bb,2026-09-16T18:08:21.181Z,Kulapuram,932521,63f9c185519359b7438d4d60
0,1,0,1,1,0,0,1,0,1,0,1,0,1,0,0,1,MUNCHIRA,6192,6492fcb2680216eb6c9409d1,2026-09-09T18:08:01.605Z,2026-27,KANNIYAKUMARI,63f9c154519359b7438d48e2,0,0,1,2026-09-16T18:06:09.078Z,0,1,0,0,0,1,1,0,0,6aa1a081a9301e4c4acd10e0,Soil Health Card RKVY,660f941a5c8405ca8375c7c6,TAMIL NADU,63f9be9f519359b7438d08bb,2026-09-16T18:08:21.181Z,Kollencode B,932373,63f9c186519359b7438d4d79
7,1,0,8,8,0,0,8,0,8,0,8,0,2,6,8,0,MUNCHIRA,6192,6492fcb2680216eb6c9409d1,2026-09-09T18:08:01.605Z,2026-27,KANNIYAKUMARI,63f9c154519359b7438d48e2,0,0,8,2026-09-16T18:06:09.078Z,0,8,0,7,0,1,8,0,0,6aa1a081a9301e4c4acd10e1,Soil Health Card RKVY,660f941a5c8405ca8375c7c6,TAMIL NADU,63f9be9f519359b7438d08bb,2026-09-16T18:08:21.181Z,Munchirai,932394,63f9c186519359b7438d4d8d
1,0,0,1,1,0,0,1,0,1,0,1,0,1,0,1,0,MUNCHIRA,6192,6492fcb2680216eb6c9409d1,2026-09-09T18:08:01.605Z,2026-27,KANNIYAKUMARI,63f9c154519359b7438d48e2,1,0,0,2026-09-16T18:06:09.078Z,0,1,0,1,0,0,1,0,0,6aa1a081a9301e4c4acd10e2,Soil Health Card RKVY,660f941a5c8405ca8375c7c6,TAMIL NADU,63f9be9f519359b7438d08bb,2026-09-16T18:08:21.181Z,Adaikkakuzhi,932397,63f9c187519359b7438d4d92
1,0,0,1,1,0,0,1,0,1,0,1,0,0,1,1,0,MUNCHIRA,6192,6492fcb2680216eb6c9409d1,2026-09-09T18:08:01.605Z,2026-27,KANNIYAKUMARI,63f9c154519359b7438d48e2,0,0,1,2026-09-16T18:06:09.078Z,0,1,0,1,0,0,1,0,0,6aa1a081a9301e4c4acd10e3,Soil Health Card RKVY,660f941a5c8405ca8375c7c6,TAMIL NADU,63f9be9f519359b7438d08bb,2026-09-16T18:08:21.181Z,Choozhal (CT),643112,63f9c188519359b7438d4dab
1,0,0,1,1,0,0,1,0,1,0,1,0,1,0,1,0,MUNCHIRA,6192,6492fcb2680216eb6c9409d1,2026-09-09T18:08:01.605Z,2026-27,KANNIYAKUMARI,63f9c154519359b7438d48e2,0,0,1,2026-09-16T18:06:09.078Z,0,1,0,0,0,1,1,0,0,6aa1a081a9301e4c4acd10e4,Soil Health Card RKVY,660f941a5c8405ca8375c7c6,TAMIL NADU,63f9be9f519359b7438d08bb,2026-09-16T18:08:21.181Z,Choozhal,932374,63f9c188519359b7438d4db0
9,2,0,11,11,0,0,11,0,11,0,11,0,4,7,7,4,MUNCHIRA,6192,6492fcb2680216eb6c9409d1,2026-09-09T18:08:01.606Z,2026-27,KANNIYAKUMARI,63f9c154519359b7438d48e2,1,0,10,2026-09-16T18:06:09.078Z,0,11,0,6,0,5,11,0,0,6aa1a081a9301e4c4acd10e5,Soil Health Card RKVY,660f941a5c8405ca8375c7c6,TAMIL NADU,63f9be9f519359b7438d08bb,2026-09-16T18:08:21.181Z,Thengapattanam,932390,63f9c188519359b7438d4dbf
3,1,0,4,4,0,0,4,0,4,0,4,0,0,4,4,0,MUNCHIRA,6192,6492fcb2680216eb6c9409d1,2026-09-09T18:08:01.606Z,2026-27,KANNIYAKUMARI,63f9c154519359b7438d48e2,1,0,3,2026-09-16T18:06:09.078Z,0,4,0,2,0,2,4,0,0,6aa1a081a9301e4c4acd10e6,Soil Health Card RKVY,660f941a5c8405ca8375c7c6,TAMIL NADU,63f9be9f519359b7438d08bb,2026-09-16T18:08:21.181Z,Kulappuram (CT),643108,63f9c189519359b7438d4dc9
4,0,0,4,4,0,0,4,0,4,0,0,4,1,3,0,4,THIRUVATTAR,6195,6492fcb2680216eb6c9409d5,2026-08-17T17:52:49.838Z,2026-27,KANNIYAKUMARI,63f9c154519359b7438d48e2,3,0,1,2026-09-16T18:06:09.078Z,0,4,0,0,0,4,4,0,0,6a834a71f6e224ac5e5eab08,Soil Health Card RKVY,660f941a5c8405ca8375c7c6,TAMIL NADU,63f9be9f519359b7438d08bb,2026-09-16T18:08:21.181Z,Veeyanoor B,932275,63f9c17c519359b7438d4c96
9,3,1,11,12,0,0,12,0,12,1,5,6,1,11,0,12,THIRUVATTAR,6195,6492fcb2680216eb6c9409d5,2026-08-17T17:52:49.838Z,2026-27,KANNIYAKUMARI,63f9c154519359b7438d48e2,10,0,2,2026-09-16T18:06:09.078Z,0,10,2,2,0,10,8,0,4,6a834a71f6e224ac5e5eab09,Soil Health Card RKVY,660f941a5c8405ca8375c7c6,TAMIL NADU,63f9be9f519359b7438d08bb,2026-09-16T18:08:21.181Z,Cherukole,932162,63f9c17f519359b7438d4cd2
0,1,0,1,1,0,0,1,0,1,0,0,1,0,1,0,1,THIRUVATTAR,6195,6492fcb2680216eb6c9409d5,2026-08-17T17:52:49.838Z,2026-27,KANNIYAKUMARI,63f9c154519359b7438d48e2,0,0,1,2026-09-16T18:06:09.078Z,0,1,0,0,0,1,1,0,0,6a834a71f6e224ac5e5eab0a,Soil Health Card RKVY,660f941a5c8405ca8375c7c6,TAMIL NADU,63f9be9f519359b7438d08bb,2026-09-16T18:08:21.181Z,Thumbacode B,932290,63f9c17f519359b7438d4cd7
20,2,0,22,22,0,0,22,0,22,5,6,11,4,18,0,22,THIRUVATTAR,6195,6492fcb2680216eb6c9409d5,2026-08-17T17:52:49.838Z,2026-27,KANNIYAKUMARI,63f9c154519359b7438d48e2,16,0,6,2026-09-16T18:06:09.078Z,0,17,5,0,0,22,20,0,2,6a834a71f6e224ac5e5eab0b,Soil Health Card RKVY,660f941a5c8405ca8375c7c6,TAMIL NADU,63f9be9f519359b7438d08bb,2026-09-16T18:08:21.181Z,Thumbacode A,932288,63f9c17f519359b7438d4ce1
6,2,0,8,8,0,0,8,0,8,2,4,2,1,7,0,8,THIRUVATTAR,6195,6492fcb2680216eb6c9409d5,2026-08-17T17:52:49.838Z,2026-27,KANNIYAKUMARI,63f9c154519359b7438d48e2,6,0,2,2026-09-16T18:06:09.078Z,0,6,2,1,0,7,8,0,0,6a834a71f6e224ac5e5eab0c,Soil Health Card RKVY,660f941a5c8405ca8375c7c6,TAMIL NADU,63f9be9f519359b7438d08bb,2026-09-16T18:08:21.181Z,Yettacode,932163,63f9c181519359b7438d4d09
6,6,0,12,12,0,0,12,0,12,1,7,4,2,10,0,12,THIRUVATTAR,6195,6492fcb2680216eb6c9409d5,2026-08-17T17:52:49.838Z,2026-27,KANNIYAKUMARI,63f9c154519359b7438d48e2,8,1,3,2026-09-16T18:06:09.078Z,0,11,1,0,0,12,11,0,1,6a834a71f6e224ac5e5eab0d,Soil Health Card RKVY,660f941a5c8405ca8375c7c6,TAMIL NADU,63f9be9f519359b7438d08bb,2026-09-16T18:08:21.181Z,Attoor,932159,63f9c181519359b7438d4d13
2,1,0,3,3,0,0,3,0,3,0,0,3,0,3,0,3,THIRUVATTAR,6195,6492fcb2680216eb6c9409d5,2026-08-17T17:52:49.838Z,2026-27,KANNIYAKUMARI,63f9c154519359b7438d48e2,2,0,1,2026-09-16T18:06:09.078Z,0,1,2,0,0,3,3,0,0,6a834a71f6e224ac5e5eab0e,Soil Health Card RKVY,660f941a5c8405ca8375c7c6,TAMIL NADU,63f9be9f519359b7438d08bb,2026-09-16T18:08:21.181Z,Thiruvattar,932190,63f9c182519359b7438d4d18
4,0,0,4,4,0,0,4,0,4,0,3,1,0,4,0,4,THIRUVATTAR,6195,6492fcb2680216eb6c9409d5,2026-08-17T17:52:49.838Z,2026-27,KANNIYAKUMARI,63f9c154519359b7438d48e2,3,0,1,2026-09-16T18:06:09.078Z,0,3,1,0,0,4,4,0,0,6a834a71f6e224ac5e5eab0f,Soil Health Card RKVY,660f941a5c8405ca8375c7c6,TAMIL NADU,63f9be9f519359b7438d08bb,2026-09-16T18:08:21.181Z,Kannanoor,932279,63f9c182519359b7438d4d1d
0,1,0,1,1,0,0,1,0,1,0,0,1,0,1,0,1,THIRUVATTAR,6195,6492fcb2680216eb6c9409d5,2026-08-17T17:52:49.838Z,2026-27,KANNIYAKUMARI,63f9c154519359b7438d48e2,0,0,1,2026-09-16T18:06:09.078Z,0,1,0,0,0,1,1,0,0,6a834a71f6e224ac5e5eab10,Soil Health Card RKVY,660f941a5c8405ca8375c7c6,TAMIL NADU,63f9be9f519359b7438d08bb,2026-09-16T18:08:21.181Z,Veeyanoor A,932273,63f9c182519359b7438d4d27
4,1,0,5,5,0,0,5,0,5,0,5,0,1,4,5,0,THOVALA,6196,6492fcb2680216eb6c9409d7,2026-09-10T18:12:36.876Z,2026-27,KANNIYAKUMARI,63f9c154519359b7438d48e2,1,0,4,2026-09-16T18:06:09.078Z,0,5,0,0,0,5,5,0,0,6aa2f314dfa3538f38d26504,Soil Health Card RKVY,660f941a5c8405ca8375c7c6,TAMIL NADU,63f9be9f519359b7438d08bb,2026-09-16T18:08:21.181Z,Veeramarthandanputhur,932134,63f9c169519359b7438d4ad0
4,0,0,4,4,0,0,4,0,4,0,4,0,0,4,4,0,THOVALA,6196,6492fcb2680216eb6c9409d7,2026-09-10T18:12:36.876Z,2026-27,KANNIYAKUMARI,63f9c154519359b7438d48e2,0,0,4,2026-09-16T18:06:09.078Z,0,4,0,0,0,4,4,0,0,6aa2f314dfa3538f38d26505,Soil Health Card RKVY,660f941a5c8405ca8375c7c6,TAMIL NADU,63f9be9f519359b7438d08bb,2026-09-16T18:08:21.181Z,Thazhakudy,932129,63f9c16a519359b7438d4ae4
2,1,0,3,3,0,0,3,0,3,0,3,0,0,3,3,0,THOVALA,6196,6492fcb2680216eb6c9409d7,2026-09-10T18:12:36.876Z,2026-27,KANNIYAKUMARI,63f9c154519359b7438d48e2,1,0,2,2026-09-16T18:06:09.078Z,0,3,0,0,0,3,3,0,0,6aa2f314dfa3538f38d26506,Soil Health Card RKVY,660f941a5c8405ca8375c7c6,TAMIL NADU,63f9be9f519359b7438d08bb,2026-09-16T18:08:21.181Z,Erachakulam,643152,63f9c16c519359b7438d4b16
3,2,0,5,5,0,0,5,0,5,0,5,0,2,3,5,0,THOVALA,6196,6492fcb2680216eb6c9409d7,2026-09-10T18:12:36.876Z,2026-27,KANNIYAKUMARI,63f9c154519359b7438d48e2,0,0,5,2026-09-16T18:06:09.078Z,0,5,0,0,0,5,5,0,0,6aa2f314dfa3538f38d26507,Soil Health Card RKVY,660f941a5c8405ca8375c7c6,TAMIL NADU,63f9be9f519359b7438d08bb,2026-09-16T18:08:21.181Z,Chenbagaramanputhur,932130,63f9c16d519359b7438d4b2f
1,0,0,1,1,0,0,1,0,1,0,1,0,0,1,1,0,THOVALA,6196,6492fcb2680216eb6c9409d7,2026-09-10T18:12:36.876Z,2026-27,KANNIYAKUMARI,63f9c154519359b7438d48e2,0,0,1,2026-09-16T18:06:09.078Z,0,1,0,0,0,1,1,0,0,6aa2f314dfa3538f38d26508,Soil Health Card RKVY,660f941a5c8405ca8375c7c6,TAMIL NADU,63f9be9f519359b7438d08bb,2026-09-16T18:08:21.181Z,Madavalayam,932132,63f9c16e519359b7438d4b39
3,1,0,4,4,0,0,4,0,4,0,4,0,0,4,1,3,THOVALA,6196,6492fcb2680216eb6c9409d7,2026-09-10T18:12:36.876Z,2026-27,KANNIYAKUMARI,63f9c154519359b7438d48e2,0,0,4,2026-09-16T18:06:09.078Z,0,4,0,0,0,4,4,0,0,6aa2f314dfa3538f38d26509,Soil Health Card RKVY,660f941a5c8405ca8375c7c6,TAMIL NADU,63f9be9f519359b7438d08bb,2026-09-16T18:08:21.181Z,Thirupathisaram,643153,63f9c16f519359b7438d4b52
7,0,0,7,7,0,0,7,0,7,0,7,0,0,7,3,4,MELPURAM,6191,6492fcb2680216eb6c9409d9,2026-08-17T17:52:49.837Z,2026-27,KANNIYAKUMARI,63f9c154519359b7438d48e2,4,0,3,2026-09-16T18:06:09.078Z,0,7,0,0,0,7,7,0,0,6a834a71f6e224ac5e5eaaf7,Soil Health Card RKVY,660f941a5c8405ca8375c7c6,TAMIL NADU,63f9be9f519359b7438d08bb,2026-09-16T18:08:21.181Z,Kadayal,932484,63f9c154519359b7438d48e7
2,0,0,2,2,0,0,2,0,2,0,2,0,0,2,0,2,MELPURAM,6191,6492fcb2680216eb6c9409d9,2026-08-17T17:52:49.837Z,2026-27,KANNIYAKUMARI,63f9c154519359b7438d48e2,2,0,0,2026-09-16T18:06:09.078Z,0,2,0,0,0,2,2,0,0,6a834a71f6e224ac5e5eaaf8,Soil Health Card RKVY,660f941a5c8405ca8375c7c6,TAMIL NADU,63f9be9f519359b7438d08bb,2026-09-16T18:08:21.181Z,Palugal,932423,63f9c154519359b7438d48f1
2,1,0,3,3,0,0,3,0,3,0,3,0,1,2,0,3,MELPURAM,6191,6492fcb2680216eb6c9409d9,2026-08-17T17:52:49.837Z,2026-27,KANNIYAKUMARI,63f9c154519359b7438d48e2,1,0,2,2026-09-16T18:06:09.078Z,0,3,0,0,0,3,3,0,0,6a834a71f6e224ac5e5eaaf9,Soil Health Card RKVY,660f941a5c8405ca8375c7c6,TAMIL NADU,63f9be9f519359b7438d08bb,2026-09-16T18:08:21.181Z,Devicode,932427,63f9c155519359b7438d4905
1,0,0,1,1,0,0,1,0,1,0,1,0,0,1,1,0,MELPURAM,6191,6492fcb2680216eb6c9409d9,2026-08-17T17:52:49.837Z,2026-27,KANNIYAKUMARI,63f9c154519359b7438d48e2,0,0,1,2026-09-16T18:06:09.078Z,0,1,0,0,0,1,1,0,0,6a834a71f6e224ac5e5eaafa,Soil Health Card RKVY,660f941a5c8405ca8375c7c6,TAMIL NADU,63f9be9f519359b7438d08bb,2026-09-16T18:08:21.181Z,Vilavancode,932411,63f9c156519359b7438d491e
4,0,0,4,4,0,0,4,0,4,0,4,0,1,3,0,4,MELPURAM,6191,6492fcb2680216eb6c9409d9,2026-08-17T17:52:49.837Z,2026-27,KANNIYAKUMARI,63f9c154519359b7438d48e2,1,0,3,2026-09-16T18:06:09.078Z,0,4,0,1,0,3,4,0,0,6a834a71f6e224ac5e5eaafb,Soil Health Card RKVY,660f941a5c8405ca8375c7c6,TAMIL NADU,63f9be9f519359b7438d08bb,2026-09-16T18:08:21.181Z,Edaicode,643094,63f9c157519359b7438d493c
1,1,0,2,2,0,0,2,0,2,0,2,0,1,1,1,1,MELPURAM,6191,6492fcb2680216eb6c9409d9,2026-08-17T17:52:49.837Z,2026-27,KANNIYAKUMARI,63f9c154519359b7438d48e2,0,0,2,2026-09-16T18:06:09.078Z,0,2,0,0,0,2,2,0,0,6a834a71f6e224ac5e5eaafc,Soil Health Card RKVY,660f941a5c8405ca8375c7c6,TAMIL NADU,63f9be9f519359b7438d08bb,2026-09-16T18:08:21.181Z,Pacode B,932410,63f9c158519359b7438d4950
4,1,0,5,5,0,0,5,0,5,0,5,0,0,5,3,2,MELPURAM,6191,6492fcb2680216eb6c9409d9,2026-08-17T17:52:49.837Z,2026-27,KANNIYAKUMARI,63f9c154519359b7438d48e2,0,0,5,2026-09-16T18:06:09.078Z,0,5,0,0,0,5,5,0,0,6a834a71f6e224ac5e5eaafd,Soil Health Card RKVY,660f941a5c8405ca8375c7c6,TAMIL NADU,63f9be9f519359b7438d08bb,2026-09-16T18:08:21.181Z,Malaiyadi,932425,63f9c159519359b7438d495a
7,0,0,7,7,0,0,7,0,7,0,7,0,1,6,2,5,MELPURAM,6191,6492fcb2680216eb6c9409d9,2026-08-17T17:52:49.837Z,2026-27,KANNIYAKUMARI,63f9c154519359b7438d48e2,2,0,5,2026-09-16T18:06:09.078Z,0,7,0,3,0,4,7,0,0,6a834a71f6e224ac5e5eaafe,Soil Health Card RKVY,660f941a5c8405ca8375c7c6,TAMIL NADU,63f9be9f519359b7438d08bb,2026-09-16T18:08:21.181Z,Mancode,932537,63f9c159519359b7438d4964
2,0,0,2,2,0,0,2,0,2,0,2,0,0,2,0,2,MELPURAM,6191,6492fcb2680216eb6c9409d9,2026-08-17T17:52:49.837Z,2026-27,KANNIYAKUMARI,63f9c154519359b7438d48e2,1,0,1,2026-09-16T18:06:09.078Z,0,2,0,0,0,2,1,0,1,6a834a71f6e224ac5e5eaaff,Soil Health Card RKVY,660f941a5c8405ca8375c7c6,TAMIL NADU,63f9be9f519359b7438d08bb,2026-09-16T18:08:21.181Z,Anducode A,932525,63f9c159519359b7438d4969
1,0,0,1,1,0,0,1,0,1,0,1,0,0,1,0,1,MELPURAM,6191,6492fcb2680216eb6c9409d9,2026-08-17T17:52:49.837Z,2026-27,KANNIYAKUMARI,63f9c154519359b7438d48e2,0,0,1,2026-09-16T18:06:09.078Z,0,1,0,0,0,1,1,0,0,6a834a71f6e224ac5e5eab00,Soil Health Card RKVY,660f941a5c8405ca8375c7c6,TAMIL NADU,63f9be9f519359b7438d08bb,2026-09-16T18:08:21.181Z,Vellamcode,932530,63f9c159519359b7438d496e
4,0,0,4,4,0,0,4,0,4,0,4,0,1,3,2,2,MELPURAM,6191,6492fcb2680216eb6c9409d9,2026-08-17T17:52:49.838Z,2026-27,KANNIYAKUMARI,63f9c154519359b7438d48e2,1,0,3,2026-09-16T18:06:09.078Z,0,4,0,2,0,2,4,0,0,6a834a71f6e224ac5e5eab01,Soil Health Card RKVY,660f941a5c8405ca8375c7c6,TAMIL NADU,63f9be9f519359b7438d08bb,2026-09-16T18:08:21.181Z,Pacode A,932405,63f9c15a519359b7438d4987
1,0,0,1,1,0,0,1,0,1,0,1,0,0,1,0,1,MELPURAM,6191,6492fcb2680216eb6c9409d9,2026-08-17T17:52:49.838Z,2026-27,KANNIYAKUMARI,63f9c154519359b7438d48e2,1,0,0,2026-09-16T18:06:09.078Z,0,1,0,1,0,0,1,0,0,6a834a71f6e224ac5e5eab02,Soil Health Card RKVY,660f941a5c8405ca8375c7c6,TAMIL NADU,63f9be9f519359b7438d08bb,2026-09-16T18:08:21.181Z,Muzhucode,932533,63f9c15c519359b7438d49a5
1,0,0,1,1,0,0,1,0,1,0,1,0,0,1,0,1,MELPURAM,6191,6492fcb2680216eb6c9409d9,2026-08-17T17:52:49.838Z,2026-27,KANNIYAKUMARI,63f9c154519359b7438d48e2,0,0,1,2026-09-16T18:06:09.078Z,0,1,0,1,0,0,1,0,0,6a834a71f6e224ac5e5eab03,Soil Health Card RKVY,660f941a5c8405ca8375c7c6,TAMIL NADU,63f9be9f519359b7438d08bb,2026-09-16T18:08:21.181Z,Anducode B,932527,63f9c15c519359b7438d49aa
2,0,2,0,2,0,0,2,0,2,0,2,0,0,2,2,0,KADAVUR,6199,6492fcb3680216eb6c9409df,2026-09-15T18:09:34.202Z,2026-27,KARUR,63f9c18b519359b7438d4e04,2,0,0,2026-09-16T18:06:09.078Z,0,2,0,0,0,2,1,0,1,6aa989de05ad99588db77b00,Soil Health Card RKVY,660f941a5c8405ca8375c7c6,TAMIL NADU,63f9be9f519359b7438d08bb,2026-09-16T18:08:21.181Z,Pannapatti,635649,63f9c1a8519359b7438d50c3
1,0,0,1,1,0,1,0,0,1,0,0,1,0,1,0,1,KADAVUR,6199,6492fcb3680216eb6c9409df,2026-09-15T18:09:34.202Z,2026-27,KARUR,63f9c18b519359b7438d4e04,1,0,0,2026-09-16T18:06:09.078Z,0,1,0,0,0,1,1,0,0,6aa989de05ad99588db77b01,Soil Health Card RKVY,660f941a5c8405ca8375c7c6,TAMIL NADU,63f9be9f519359b7438d08bb,2026-09-16T18:08:21.181Z,Keeranur,635651,63f9c1a9519359b7438d50cd
1,0,0,1,1,0,1,0,0,1,0,1,0,0,1,0,1,KADAVUR,6199,6492fcb3680216eb6c9409df,2026-09-15T18:09:34.202Z,2026-27,KARUR,63f9c18b519359b7438d4e04,1,0,0,2026-09-16T18:06:09.078Z,0,1,0,0,0,1,1,0,0,6aa989de05ad99588db77b02,Soil Health Card RKVY,660f941a5c8405ca8375c7c6,TAMIL NADU,63f9be9f519359b7438d08bb,2026-09-16T18:08:21.181Z,Vadavambadi,635647,63f9c1aa519359b7438d50dc
7,0,0,7,7,0,7,0,0,7,0,7,0,0,7,6,1,KADAVUR,6199,6492fcb3680216eb6c9409df,2026-09-15T18:09:34.202Z,2026-27,KARUR,63f9c18b519359b7438d4e04,7,0,0,2026-09-16T18:06:09.078Z,0,7,0,0,0,7,0,5,2,6aa989de05ad99588db77b03,Soil Health Card RKVY,660f941a5c8405ca8375c7c6,TAMIL NADU,63f9be9f519359b7438d08bb,2026-09-16T18:08:21.181Z,Mullippadi,635661,63f9c1aa519359b7438d50e1
2,2,0,4,4,0,2,2,0,4,0,3,1,0,4,4,0,KADAVUR,6199,6492fcb3680216eb6c9409df,2026-09-15T18:09:34.202Z,2026-27,KARUR,63f9c18b519359b7438d4e04,3,0,1,2026-09-16T18:06:09.078Z,0,4,0,0,0,4,0,2,2,6aa989de05ad99588db77b04,Soil Health Card RKVY,660f941a5c8405ca8375c7c6,TAMIL NADU,63f9be9f519359b7438d08bb,2026-09-16T18:08:21.181Z,Palaviduthi,635660,63f9c1aa519359b7438d50e6
8,3,1,10,11,0,1,10,0,11,0,11,0,0,11,10,1,KADAVUR,6199,6492fcb3680216eb6c9409df,2026-09-15T18:09:34.203Z,2026-27,KARUR,63f9c18b519359b7438d4e04,9,0,2,2026-09-16T18:06:09.078Z,0,11,0,0,0,11,6,1,4,6aa989de05ad99588db77b05,Soil Health Card RKVY,660f941a5c8405ca8375c7c6,TAMIL NADU,63f9be9f519359b7438d08bb,2026-09-16T18:08:21.181Z,Vellapatti,635650,63f9c1aa519359b7438d50f0
4,0,0,4,4,0,2,2,0,4,0,3,1,0,4,3,1,KADAVUR,6199,6492fcb3680216eb6c9409df,2026-09-15T18:09:34.203Z,2026-27,KARUR,63f9c18b519359b7438d4e04,4,0,0,2026-09-16T18:06:09.078Z,0,4,0,0,0,4,4,0,0,6aa989de05ad99588db77b06,Soil Health Card RKVY,660f941a5c8405ca8375c7c6,TAMIL NADU,63f9be9f519359b7438d08bb,2026-09-16T18:08:21.181Z,Melappaguthi,635654,63f9c1ac519359b7438d510e
0,10,0,10,10,0,0,10,4,6,0,8,2,0,10,4,6,THALLY,6212,6492fcb3680216eb6c9409eb,2026-08-24T17:50:38.303Z,2026-27,KRISHNAGIRI,63f9c1b6519359b7438d520b,8,0,2,2026-09-16T18:06:09.078Z,0,10,0,0,0,10,9,1,0,6a8c846e2ce21ef285530e0e,Soil Health Card RKVY,660f941a5c8405ca8375c7c6,TAMIL NADU,63f9be9f519359b7438d08bb,2026-09-16T18:08:21.181Z,Thalli,644062,63f9c1f1519359b7438d575d
0,5,0,5,5,0,0,5,5,0,1,4,0,0,5,3,2,THALLY,6212,6492fcb3680216eb6c9409eb,2026-08-24T17:50:38.303Z,2026-27,KRISHNAGIRI,63f9c1b6519359b7438d520b,3,0,2,2026-09-16T18:06:09.078Z,0,5,0,0,0,5,5,0,0,6a8c846e2ce21ef285530e0f,Soil Health Card RKVY,660f941a5c8405ca8375c7c6,TAMIL NADU,63f9be9f519359b7438d08bb,2026-09-16T18:08:21.181Z,Unisenatham,644038,63f9c1f3519359b7438d577b
0,4,0,4,4,0,0,4,0,4,0,4,0,0,4,0,4,THALLY,6212,6492fcb3680216eb6c9409eb,2026-08-20T17:50:36.008Z,2026-27,KRISHNAGIRI,63f9c1b6519359b7438d520b,2,0,2,2026-09-16T18:06:09.078Z,0,4,0,0,0,4,4,0,0,6a873e6c8241b4e3ac630535,Soil Health Card RKVY,660f941a5c8405ca8375c7c6,TAMIL NADU,63f9be9f519359b7438d08bb,2026-09-16T18:08:21.181Z,Kakkadasam,644042,63f9c1f5519359b7438d57ad
0,10,0,10,10,0,0,10,0,10,0,8,2,0,10,3,7,THALLY,6212,6492fcb3680216eb6c9409eb,2026-08-25T17:49:02.134Z,2026-27,KRISHNAGIRI,63f9c1b6519359b7438d520b,0,3,7,2026-09-16T18:06:09.078Z,0,10,0,0,0,10,10,0,0,6a8dd58e23717158623c4fbe,Soil Health Card RKVY,660f941a5c8405ca8375c7c6,TAMIL NADU,63f9be9f519359b7438d08bb,2026-09-16T18:08:21.181Z,Devaganapalli,644032,63f9c1f6519359b7438d57cb
0,5,0,5,5,0,0,5,5,0,0,5,0,0,5,0,5,THALLY,6212,6492fcb3680216eb6c9409eb,2026-08-24T17:50:38.303Z,2026-27,KRISHNAGIRI,63f9c1b6519359b7438d520b,4,0,1,2026-09-16T18:06:09.078Z,0,5,0,0,0,5,5,0,0,6a8c846e2ce21ef285530e10,Soil Health Card RKVY,660f941a5c8405ca8375c7c6,TAMIL NADU,63f9be9f519359b7438d08bb,2026-09-16T18:08:21.181Z,Andevanapalli,644075,63f9c1fd519359b7438d5875
0,6,0,6,6,0,0,6,2,4,0,5,1,0,6,0,6,THALLY,6212,6492fcb3680216eb6c9409eb,2026-08-20T17:50:36.008Z,2026-27,KRISHNAGIRI,63f9c1b6519359b7438d520b,4,0,2,2026-09-16T18:06:09.078Z,0,6,0,0,0,6,6,0,0,6a873e6c8241b4e3ac630536,Soil Health Card RKVY,660f941a5c8405ca8375c7c6,TAMIL NADU,63f9be9f519359b7438d08bb,2026-09-16T18:08:21.181Z,Anniyalam,644005,63f9c200519359b7438d58ac
0,12,0,12,12,0,0,12,11,1,0,10,2,0,12,5,7,THALLY,6212,6492fcb3680216eb6c9409eb,2026-08-25T17:49:02.134Z,2026-27,KRISHNAGIRI,63f9c1b6519359b7438d520b,0,1,11,2026-09-16T18:06:09.078Z,0,12,0,0,0,12,8,0,4,6a8dd58e23717158623c4fbf,Soil Health Card RKVY,660f941a5c8405ca8375c7c6,TAMIL NADU,63f9be9f519359b7438d08bb,2026-09-16T18:08:21.181Z,Belagundapalli,644000,63f9c201519359b7438d58c5
29,0,8,21,29,0,29,0,6,23,3,10,16,0,29,27,2,BARGUR,6205,6492fcb3680216eb6c9409ed,2026-08-21T17:49:37.054Z,2026-27,KRISHNAGIRI,63f9c1b6519359b7438d520b,5,6,18,2026-09-16T18:06:09.078Z,0,29,0,0,7,22,11,6,12,6a888fb1c4bf95656e88a784,Soil Health Card RKVY,660f941a5c8405ca8375c7c6,TAMIL NADU,63f9be9f519359b7438d08bb,2026-09-16T18:08:21.181Z,Soolamalai,643958,63f9c1df519359b7438d55da
30,0,18,12,30,0,28,1,21,9,2,19,9,0,30,29,0,BARGUR,6205,6492fcb3680216eb6c9409ed,2026-08-21T17:49:37.055Z,2026-27,KRISHNAGIRI,63f9c1b6519359b7438d520b,9,2,19,2026-09-16T18:06:09.078Z,0,30,0,0,6,24,2,13,15,6a888fb1c4bf95656e88a78a,Soil Health Card RKVY,660f941a5c8405ca8375c7c6,TAMIL NADU,63f9be9f519359b7438d08bb,2026-09-16T18:08:21.181Z,Jagadevipalayam,643960,63f9c234519359b7438d5d8a
1,0,0,1,1,0,1,0,1,0,0,0,1,0,1,1,0,BARGUR,6205,6492fcb3680216eb6c9409ed,2026-08-21T17:49:37.055Z,2026-27,KRISHNAGIRI,63f9c1b6519359b7438d520b,0,0,1,2026-09-16T18:06:09.078Z,0,1,0,0,0,1,1,0,0,6a888fb1c4bf95656e88a78b,Soil Health Card RKVY,660f941a5c8405ca8375c7c6,TAMIL NADU,63f9be9f519359b7438d08bb,2026-09-16T18:08:21.181Z,Achamangalam,643938,63f9c235519359b7438d5d9e
7,3,0,10,10,0,0,10,4,6,0,10,0,0,10,6,4,MATHUR,6210,6492fcb3680216eb6c9409ef,2026-08-21T17:49:37.055Z,2026-27,KRISHNAGIRI,63f9c1b6519359b7438d520b,9,0,1,2026-09-16T18:06:09.078Z,0,10,0,0,2,8,0,3,7,6a888fb1c4bf95656e88a788,Soil Health Card RKVY,660f941a5c8405ca8375c7c6,TAMIL NADU,63f9be9f519359b7438d08bb,2026-09-16T18:08:21.181Z,Gendigampatti,644133,63f9c205519359b7438d5921
0,10,0,10,10,0,0,10,6,4,0,10,0,0,10,0,10,MATHUR,6210,6492fcb3680216eb6c9409ef,2026-08-20T17:50:36.008Z,2026-27,KRISHNAGIRI,63f9c1b6519359b7438d520b,0,3,7,2026-09-16T18:06:09.078Z,0,10,0,1,0,9,0,6,4,6a873e6c8241b4e3ac63053a,Soil Health Card RKVY,660f941a5c8405ca8375c7c6,TAMIL NADU,63f9be9f519359b7438d08bb,2026-09-16T18:08:21.181Z,Veerachikupam,644255,63f9c218519359b7438d5afe
6,4,0,10,10,0,0,10,5,5,0,10,0,0,10,0,10,MATHUR,6210,6492fcb3680216eb6c9409ef,2026-08-21T17:49:37.055Z,2026-27,KRISHNAGIRI,63f9c1b6519359b7438d520b,9,1,0,2026-09-16T18:06:09.078Z,0,10,0,0,3,7,1,3,6,6a888fb1c4bf95656e88a789,Soil Health Card RKVY,660f941a5c8405ca8375c7c6,TAMIL NADU,63f9be9f519359b7438d08bb,2026-09-16T18:08:21.181Z,Reddipatti,644260,63f9c21a519359b7438d5b2b
0,10,1,9,10,0,0,10,0,10,0,8,2,0,10,4,6,MATHUR,6210,6492fcb3680216eb6c9409ef,2026-08-25T17:49:02.135Z,2026-27,KRISHNAGIRI,63f9c1b6519359b7438d520b,6,0,4,2026-09-16T18:06:09.078Z,0,10,0,0,2,8,0,10,0,6a8dd58e23717158623c4fc3,Soil Health Card RKVY,660f941a5c8405ca8375c7c6,TAMIL NADU,63f9be9f519359b7438d08bb,2026-09-16T18:08:21.181Z,Kamakshipatti,644167,63f9c226519359b7438d5c43
16,0,7,9,16,0,16,0,9,7,1,13,2,0,16,8,8,VEPPANAPALLI,6214,6492fcb3680216eb6c9409f1,2026-08-27T17:52:33.483Z,2026-27,KRISHNAGIRI,63f9c1b6519359b7438d520b,0,15,1,2026-09-16T18:06:09.078Z,0,16,0,0,1,15,8,2,6,6a90796166839ee331802e80,Soil Health Card RKVY,660f941a5c8405ca8375c7c6,TAMIL NADU,63f9be9f519359b7438d08bb,2026-09-16T18:08:21.181Z,Kurubarapalli,643927,63f9c1d1519359b7438d5495
10,0,1,9,10,0,10,0,8,2,1,7,2,0,10,2,8,VEPPANAPALLI,6214,6492fcb3680216eb6c9409f1,2026-08-27T17:52:33.483Z,2026-27,KRISHNAGIRI,63f9c1b6519359b7438d520b,6,2,2,2026-09-16T18:06:09.078Z,0,10,0,0,0,10,10,0,0,6a90796166839ee331802e81,Soil Health Card RKVY,660f941a5c8405ca8375c7c6,TAMIL NADU,63f9be9f519359b7438d08bb,2026-09-16T18:08:21.181Z,Billanakuppam,643923,63f9c1d2519359b7438d54a9
8,0,0,8,8,0,7,1,0,8,0,8,0,0,8,6,2,VEPPANAPALLI,6214,6492fcb3680216eb6c9409f1,2026-08-27T17:52:33.483Z,2026-27,KRISHNAGIRI,63f9c1b6519359b7438d520b,0,7,1,2026-09-16T18:06:09.078Z,0,8,0,0,0,8,8,0,0,6a90796166839ee331802e82,Soil Health Card RKVY,660f941a5c8405ca8375c7c6,TAMIL NADU,63f9be9f519359b7438d08bb,2026-09-16T18:08:21.181Z,Kundarapalli,643922,63f9c1d2519359b7438d54ae
1,0,0,1,1,0,1,0,0,1,0,1,0,0,1,1,0,VEPPANAPALLI,6214,6492fcb3680216eb6c9409f1,2026-08-21T17:49:37.054Z,2026-27,KRISHNAGIRI,63f9c1b6519359b7438d520b,1,0,0,2026-09-16T18:06:09.078Z,0,1,0,0,0,1,0,0,1,6a888fb1c4bf95656e88a783,Soil Health Card RKVY,660f941a5c8405ca8375c7c6,TAMIL NADU,63f9be9f519359b7438d08bb,2026-09-16T18:08:21.181Z,Kuppachiparai,643905,63f9c1d3519359b7438d54c7
13,0,3,10,13,0,13,0,0,13,1,7,5,0,13,12,1,VEPPANAPALLI,6214,6492fcb3680216eb6c9409f1,2026-08-24T17:50:38.302Z,2026-27,KRISHNAGIRI,63f9c1b6519359b7438d520b,9,4,0,2026-09-16T18:06:09.078Z,0,13,0,1,0,12,11,0,2,6a8c846e2ce21ef285530e0a,Soil Health Card RKVY,660f941a5c8405ca8375c7c6,TAMIL NADU,63f9be9f519359b7438d08bb,2026-09-16T18:08:21.181Z,Naduvanapalli,643891,63f9c1d4519359b7438d54e0
41,0,9,32,41,0,39,2,4,37,2,25,14,0,41,37,4,VEPPANAPALLI,6214,6492fcb3680216eb6c9409f1,2026-08-21T17:49:37.055Z,2026-27,KRISHNAGIRI,63f9c1b6519359b7438d520b,25,5,11,2026-09-16T18:06:09.078Z,0,41,0,0,0,41,13,2,26,6a888fb1c4bf95656e88a785,Soil Health Card RKVY,660f941a5c8405ca8375c7c6,TAMIL NADU,63f9be9f519359b7438d08bb,2026-09-16T18:08:21.181Z,Marachandiram,643909,63f9c1e4519359b7438d562a
3,0,2,1,3,0,3,0,1,2,0,1,2,0,3,3,0,VEPPANAPALLI,6214,6492fcb3680216eb6c9409f1,2026-08-21T17:49:37.055Z,2026-27,KRISHNAGIRI,63f9c1b6519359b7438d520b,1,0,2,2026-09-16T18:06:09.078Z,0,3,0,0,0,3,2,0,1,6a888fb1c4bf95656e88a786,Soil Health Card RKVY,660f941a5c8405ca8375c7c6,TAMIL NADU,63f9be9f519359b7438d08bb,2026-09-16T18:08:21.181Z,Lakkabathalapalli,643908,63f9c1e5519359b7438d562f
16,0,3,13,16,0,15,1,12,4,2,11,3,0,16,1,15,VEPPANAPALLI,6214,6492fcb3680216eb6c9409f1,2026-08-27T17:52:33.484Z,2026-27,KRISHNAGIRI,63f9c1b6519359b7438d520b,8,1,7,2026-09-16T18:06:09.078Z,0,16,0,0,0,16,16,0,0,6a90796166839ee331802e83,Soil Health Card RKVY,660f941a5c8405ca8375c7c6,TAMIL NADU,63f9be9f519359b7438d08bb,2026-09-16T18:08:21.181Z,Beemandapalli,643906,63f9c1e5519359b7438d5634
2,0,1,1,2,0,2,0,0,2,0,0,2,0,2,2,0,VEPPANAPALLI,6214,6492fcb3680216eb6c9409f1,2026-08-21T17:49:37.055Z,2026-27,KRISHNAGIRI,63f9c1b6519359b7438d520b,2,0,0,2026-09-16T18:06:09.078Z,0,2,0,0,0,2,0,1,1,6a888fb1c4bf95656e88a787,Soil Health Card RKVY,660f941a5c8405ca8375c7c6,TAMIL NADU,63f9be9f519359b7438d08bb,2026-09-16T18:08:21.181Z,Nachikuppam,643877,63f9c1e7519359b7438d5670
0,8,0,8,8,0,0,8,3,5,0,8,0,0,8,6,2,KELAMANGALAM,6208,6492fcb3680216eb6c9409f3,2026-08-24T17:50:38.302Z,2026-27,KRISHNAGIRI,63f9c1b6519359b7438d520b,0,0,8,2026-09-16T18:06:09.078Z,0,8,0,0,0,8,0,2,6,6a8c846e2ce21ef285530e0b,Soil Health Card RKVY,660f941a5c8405ca8375c7c6,TAMIL NADU,63f9be9f519359b7438d08bb,2026-09-16T18:08:21.181Z,Rathnagiri,644051,63f9c1ee519359b7438d570d
0,9,0,9,9,0,0,9,0,9,0,8,1,0,9,6,3,KELAMANGALAM,6208,6492fcb3680216eb6c9409f3,2026-08-17T17:52:49.838Z,2026-27,KRISHNAGIRI,63f9c1b6519359b7438d520b,0,2,7,2026-09-16T18:06:09.078Z,0,9,0,0,0,9,0,9,0,6a834a71f6e224ac5e5eab11,Soil Health Card RKVY,660f941a5c8405ca8375c7c6,TAMIL NADU,63f9be9f519359b7438d08bb,2026-09-16T18:08:21.181Z,Bithireddi,644045,63f9c1ef519359b7438d5712
0,9,2,7,9,0,0,9,4,5,0,8,1,0,9,6,3,KELAMANGALAM,6208,6492fcb3680216eb6c9409f3,2026-08-24T17:50:38.303Z,2026-27,KRISHNAGIRI,63f9c1b6519359b7438d520b,0,8,1,2026-09-16T18:06:09.078Z,0,9,0,0,0,9,0,5,4,6a8c846e2ce21ef285530e0c,Soil Health Card RKVY,660f941a5c8405ca8375c7c6,TAMIL NADU,63f9be9f519359b7438d08bb,2026-09-16T18:08:21.181Z,Santhanapalli,644052,63f9c1f0519359b7438d5735
0,9,0,9,9,0,0,9,4,5,0,9,0,0,9,4,5,KELAMANGALAM,6208,6492fcb3680216eb6c9409f3,2026-08-24T17:50:38.303Z,2026-27,KRISHNAGIRI,63f9c1b6519359b7438d520b,8,0,1,2026-09-16T18:06:09.078Z,0,9,0,0,0,9,0,4,5,6a8c846e2ce21ef285530e0d,Soil Health Card RKVY,660f941a5c8405ca8375c7c6,TAMIL NADU,63f9be9f519359b7438d08bb,2026-09-16T18:08:21.181Z,Erudukotta,644076,63f9c1f1519359b7438d5744
0,8,0,8,8,0,0,8,1,7,0,7,1,0,8,4,4,KELAMANGALAM,6208,6492fcb3680216eb6c9409f3,2026-08-17T17:52:49.838Z,2026-27,KRISHNAGIRI,63f9c1b6519359b7438d520b,0,2,6,2026-09-16T18:06:09.078Z,0,8,0,7,0,1,3,0,5,6a834a71f6e224ac5e5eab12,Soil Health Card RKVY,660f941a5c8405ca8375c7c6,TAMIL NADU,63f9be9f519359b7438d08bb,2026-09-16T18:08:21.181Z,Jakkeri,644027,63f9c1f6519359b7438d57da
0,2,0,2,2,0,0,2,0,2,0,2,0,0,2,1,1,KELAMANGALAM,6208,6492fcb3680216eb6c9409f3,2026-08-27T17:52:33.485Z,2026-27,KRISHNAGIRI,63f9c1b6519359b7438d520b,0,0,2,2026-09-16T18:06:09.078Z,0,2,0,0,0,2,0,2,0,6a90796166839ee331802e84,Soil Health Card RKVY,660f941a5c8405ca8375c7c6,TAMIL NADU,63f9be9f519359b7438d08bb,2026-09-16T18:08:21.181Z,Udedurgam,644016,63f9c1f8519359b7438d57fd
0,2,0,2,2,0,0,2,0,2,0,1,1,0,2,2,0,KELAMANGALAM,6208,6492fcb3680216eb6c9409f3,2026-08-27T17:52:33.485Z,2026-27,KRISHNAGIRI,63f9c1b6519359b7438d520b,0,0,2,2026-09-16T18:06:09.078Z,0,2,0,0,0,2,0,1,1,6a90796166839ee331802e85,Soil Health Card RKVY,660f941a5c8405ca8375c7c6,TAMIL NADU,63f9be9f519359b7438d08bb,2026-09-16T18:08:21.181Z,Muthanhalli,644018,63f9c1f8519359b7438d5807
0,8,0,8,8,0,0,8,0,8,0,7,1,0,8,3,5,KELAMANGALAM,6208,6492fcb3680216eb6c9409f3,2026-08-27T17:52:33.485Z,2026-27,KRISHNAGIRI,63f9c1b6519359b7438d520b,2,0,6,2026-09-16T18:06:09.078Z,0,8,0,0,0,8,1,6,1,6a90796166839ee331802e86,Soil Health Card RKVY,660f941a5c8405ca8375c7c6,TAMIL NADU,63f9be9f519359b7438d08bb,2026-09-16T18:08:21.181Z,Nellur,644025,63f9c1fe519359b7438d588e
0,1,0,1,1,0,1,0,1,0,0,1,0,0,1,0,1,KELAMANGALAM,6208,6492fcb3680216eb6c9409f3,2026-08-18T17:51:55.011Z,2026-27,KRISHNAGIRI,63f9c1b6519359b7438d520b,0,1,0,2026-09-16T18:06:09.078Z,0,1,0,0,0,1,0,0,1,6a849bbb4086310a56a6c489,Soil Health Card RKVY,660f941a5c8405ca8375c7c6,TAMIL NADU,63f9be9f519359b7438d08bb,2026-09-16T18:08:21.181Z,Pachapanatti,644026,63f9c1ff519359b7438d5893
0,6,0,6,6,0,0,6,2,4,0,4,2,0,6,2,4,KELAMANGALAM,6208,6492fcb3680216eb6c9409f3,2026-08-27T17:52:33.485Z,2026-27,KRISHNAGIRI,63f9c1b6519359b7438d520b,1,0,5,2026-09-16T18:06:09.078Z,0,6,0,0,0,6,0,4,2,6a90796166839ee331802e87,Soil Health Card RKVY,660f941a5c8405ca8375c7c6,TAMIL NADU,63f9be9f519359b7438d08bb,2026-09-16T18:08:21.181Z,Bodichipalli,644014,63f9c1ff519359b7438d58a7
12,0,0,12,12,0,10,2,2,10,2,8,2,0,12,8,4,HOSUR,6206,6492fcb3680216eb6c9409f5,2026-08-24T17:50:38.301Z,2026-27,KRISHNAGIRI,63f9c1b6519359b7438d520b,5,1,6,2026-09-16T18:06:09.078Z,0,12,0,0,0,12,12,0,0,6a8c846e2ce21ef285530e04,Soil Health Card RKVY,660f941a5c8405ca8375c7c6,TAMIL NADU,63f9be9f519359b7438d08bb,2026-09-16T18:08:21.181Z,Muthuganapalli,643818,63f9c1b6519359b7438d5210
2,0,0,2,2,0,1,1,0,2,0,1,1,0,2,2,0,HOSUR,6206,6492fcb3680216eb6c9409f5,2026-08-24T17:50:38.301Z,2026-27,KRISHNAGIRI,63f9c1b6519359b7438d520b,0,0,2,2026-09-16T18:06:09.078Z,0,2,0,0,0,2,2,0,0,6a8c846e2ce21ef285530e05,Soil Health Card RKVY,660f941a5c8405ca8375c7c6,TAMIL NADU,63f9be9f519359b7438d08bb,2026-09-16T18:08:21.181Z,Thorapalli Agraharam,643794,63f9c1b7519359b7438d5229
2,0,0,2,2,0,2,0,0,2,0,2,0,0,2,2,0,HOSUR,6206,6492fcb3680216eb6c9409f5,2026-08-24T17:50:38.301Z,2026-27,KRISHNAGIRI,63f9c1b6519359b7438d520b,1,0,1,2026-09-16T18:06:09.078Z,0,2,0,0,0,2,2,0,0,6a8c846e2ce21ef285530e06,Soil Health Card RKVY,660f941a5c8405ca8375c7c6,TAMIL NADU,63f9be9f519359b7438d08bb,2026-09-16T18:08:21.181Z,Onalvadi,643815,63f9c1b8519359b7438d5238
5,0,1,4,5,0,5,0,0,5,1,2,0,0,5,5,0,HOSUR,6206,6492fcb3680216eb6c9409f5,2026-08-24T17:50:38.302Z,2026-27,KRISHNAGIRI,63f9c1b6519359b7438d520b,2,0,3,2026-09-16T18:06:09.078Z,0,5,0,0,0,5,4,0,1,6a8c846e2ce21ef285530e07,Soil Health Card RKVY,660f941a5c8405ca8375c7c6,TAMIL NADU,63f9be9f519359b7438d08bb,2026-09-16T18:08:21.181Z,Achettipalli,643816,63f9c1c1519359b7438d530f
1,0,0,1,1,0,1,0,0,1,1,0,0,0,1,1,0,HOSUR,6206,6492fcb3680216eb6c9409f5,2026-08-24T17:50:38.302Z,2026-27,KRISHNAGIRI,63f9c1b6519359b7438d520b,0,0,1,2026-09-16T18:06:09.078Z,0,1,0,0,0,1,1,0,0,6a8c846e2ce21ef285530e08,Soil Health Card RKVY,660f941a5c8405ca8375c7c6,TAMIL NADU,63f9be9f519359b7438d08bb,2026-09-16T18:08:21.181Z,Panchakshipuram,643838,63f9c1c3519359b7438d532d
12,0,6,6,12,0,11,1,1,11,4,5,3,0,12,12,0,HOSUR,6206,6492fcb3680216eb6c9409f5,2026-08-24T17:50:38.302Z,2026-27,KRISHNAGIRI,63f9c1b6519359b7438d520b,2,0,10,2026-09-16T18:06:09.078Z,0,12,0,0,0,12,12,0,0,6a8c846e2ce21ef285530e09,Soil Health Card RKVY,660f941a5c8405ca8375c7c6,TAMIL NADU,63f9be9f519359b7438d08bb,2026-09-16T18:08:21.181Z,Avalapalli,933534,63f9c1c3519359b7438d5337
1,0,0,1,1,0,1,0,1,0,0,1,0,0,1,0,1,SHOOLAGIRI,6211,6492fcb3680216eb6c9409f7,2026-08-27T17:52:33.482Z,2026-27,KRISHNAGIRI,63f9c1b6519359b7438d520b,0,1,0,2026-09-16T18:06:09.078Z,0,1,0,0,0,1,0,0,1,6a90796166839ee331802e7f,Soil Health Card RKVY,660f941a5c8405ca8375c7c6,TAMIL NADU,63f9be9f519359b7438d08bb,2026-09-16T18:08:21.181Z,Moranapalli,643793,63f9c1b7519359b7438d5224
3,0,1,2,3,0,2,1,2,1,1,2,0,0,3,2,1,SHOOLAGIRI,6211,6492fcb3680216eb6c9409f7,2026-08-20T17:50:36.007Z,2026-27,KRISHNAGIRI,63f9c1b6519359b7438d520b,2,0,1,2026-09-16T18:06:09.078Z,0,3,0,0,0,3,1,1,1,6a873e6c8241b4e3ac63052f,Soil Health Card RKVY,660f941a5c8405ca8375c7c6,TAMIL NADU,63f9be9f519359b7438d08bb,2026-09-16T18:08:21.181Z,A.Settipalli,643783,63f9c1bd519359b7438d52b5
2,0,0,2,2,0,2,0,2,0,0,2,0,0,2,0,2,SHOOLAGIRI,6211,6492fcb3680216eb6c9409f7,2026-08-28T17:53:48.062Z,2026-27,KRISHNAGIRI,63f9c1b6519359b7438d520b,0,0,2,2026-09-16T18:06:09.078Z,0,2,0,0,0,2,2,0,0,6a91cb2c5c17f4f3a547d9ac,Soil Health Card RKVY,660f941a5c8405ca8375c7c6,TAMIL NADU,63f9be9f519359b7438d08bb,2026-09-16T18:08:21.181Z,Madhinayanapalayam,932147,63f9c237519359b7438d5dd7
6,0,3,3,6,0,6,0,1,5,1,4,1,0,6,6,0,SHOOLAGIRI,6211,6492fcb3680216eb6c9409f7,2026-08-20T17:50:36.008Z,2026-27,KRISHNAGIRI,63f9c1b6519359b7438d520b,1,0,5,2026-09-16T18:06:09.078Z,0,6,0,0,0,6,1,5,0,6a873e6c8241b4e3ac63053c,Soil Health Card RKVY,660f941a5c8405ca8375c7c6,TAMIL NADU,63f9be9f519359b7438d08bb,2026-09-16T18:08:21.181Z,Pattagurubarapalli (P),932298,63f9c238519359b7438d5df5
2,0,0,2,2,0,0,2,0,2,0,1,1,0,2,2,0,SHOOLAGIRI,6211,6492fcb3680216eb6c9409f7,2026-08-20T17:50:36.008Z,2026-27,KRISHNAGIRI,63f9c1b6519359b7438d520b,1,0,1,2026-09-16T18:06:09.078Z,0,2,0,0,0,2,0,1,1,6a873e6c8241b4e3ac63053d,Soil Health Card RKVY,660f941a5c8405ca8375c7c6,TAMIL NADU,63f9be9f519359b7438d08bb,2026-09-16T18:08:21.181Z,Thiyagarsanapalli,643812,63f9c239519359b7438d5e18
1,0,1,0,1,0,1,0,0,1,0,1,0,0,1,1,0,SHOOLAGIRI,6211,6492fcb3680216eb6c9409f7,2026-08-20T17:50:36.008Z,2026-27,KRISHNAGIRI,63f9c1b6519359b7438d520b,0,0,1,2026-09-16T18:06:09.078Z,0,1,0,0,0,1,0,1,0,6a873e6c8241b4e3ac63053e,Soil Health Card RKVY,660f941a5c8405ca8375c7c6,TAMIL NADU,63f9be9f519359b7438d08bb,2026-09-16T18:08:21.181Z,Kodiga Timmanapalli,643779,63f9c23a519359b7438d5e1d
4,0,3,1,4,0,3,1,4,0,1,1,2,0,4,4,0,SHOOLAGIRI,6211,6492fcb3680216eb6c9409f7,2026-08-20T17:50:36.008Z,2026-27,KRISHNAGIRI,63f9c1b6519359b7438d520b,1,0,3,2026-09-16T18:06:09.078Z,0,4,0,0,0,4,3,1,0,6a873e6c8241b4e3ac63053f,Soil Health Card RKVY,660f941a5c8405ca8375c7c6,TAMIL NADU,63f9be9f519359b7438d08bb,2026-09-16T18:08:21.181Z,Enusonai,643823,63f9c23a519359b7438d5e22
9,0,0,9,9,0,9,0,9,0,1,5,3,0,9,1,8,SHOOLAGIRI,6211,6492fcb3680216eb6c9409f7,2026-08-20T17:50:36.008Z,2026-27,KRISHNAGIRI,63f9c1b6519359b7438d520b,4,0,5,2026-09-16T18:06:09.078Z,0,9,0,0,0,9,4,4,1,6a873e6c8241b4e3ac630540,Soil Health Card RKVY,660f941a5c8405ca8375c7c6,TAMIL NADU,63f9be9f519359b7438d08bb,2026-09-16T18:08:21.181Z,Mallasandiram,643828,63f9c23a519359b7438d5e2c
1,0,0,1,1,0,1,0,1,0,0,1,0,0,1,1,0,SHOOLAGIRI,6211,6492fcb3680216eb6c9409f7,2026-08-20T17:50:36.008Z,2026-27,KRISHNAGIRI,63f9c1b6519359b7438d520b,1,0,0,2026-09-16T18:06:09.078Z,0,1,0,0,0,1,0,0,1,6a873e6c8241b4e3ac630541,Soil Health Card RKVY,660f941a5c8405ca8375c7c6,TAMIL NADU,63f9be9f519359b7438d08bb,2026-09-16T18:08:21.181Z,Peddasigarlapalli,643744,63f9c23b519359b7438d5e36
5,0,0,5,5,0,4,1,4,1,0,2,3,0,5,1,4,SHOOLAGIRI,6211,6492fcb3680216eb6c9409f7,2026-08-20T17:50:36.008Z,2026-27,KRISHNAGIRI,63f9c1b6519359b7438d520b,2,0,3,2026-09-16T18:06:09.078Z,0,5,0,0,0,5,4,0,1,6a873e6c8241b4e3ac630542,Soil Health Card RKVY,660f941a5c8405ca8375c7c6,TAMIL NADU,63f9be9f519359b7438d08bb,2026-09-16T18:08:21.181Z,Errandapalli,643827,63f9c23b519359b7438d5e3b
3,0,0,3,3,0,0,3,0,3,1,1,1,0,3,2,1,SHOOLAGIRI,6211,6492fcb3680216eb6c9409f7,2026-08-20T17:50:36.008Z,2026-27,KRISHNAGIRI,63f9c1b6519359b7438d520b,1,0,2,2026-09-16T18:06:09.078Z,0,3,0,0,0,3,2,0,1,6a873e6c8241b4e3ac630543,Soil Health Card RKVY,660f941a5c8405ca8375c7c6,TAMIL NADU,63f9be9f519359b7438d08bb,2026-09-16T18:08:21.181Z,Basthalapalli,643803,63f9c23c519359b7438d5e4f
7,0,1,6,7,0,2,5,0,7,1,2,4,0,7,6,1,SHOOLAGIRI,6211,6492fcb3680216eb6c9409f7,2026-08-20T17:50:36.009Z,2026-27,KRISHNAGIRI,63f9c1b6519359b7438d520b,2,1,4,2026-09-16T18:06:09.078Z,0,7,0,0,0,7,4,2,1,6a873e6c8241b4e3ac630544,Soil Health Card RKVY,660f941a5c8405ca8375c7c6,TAMIL NADU,63f9be9f519359b7438d08bb,2026-09-16T18:08:21.181Z,Chennapalli,643824,63f9c23c519359b7438d5e5e
2,0,0,2,2,0,2,0,2,0,0,2,0,0,2,0,2,SHOOLAGIRI,6211,6492fcb3680216eb6c9409f7,2026-08-20T17:50:36.009Z,2026-27,KRISHNAGIRI,63f9c1b6519359b7438d520b,1,1,0,2026-09-16T18:06:09.078Z,0,2,0,0,0,2,0,2,0,6a873e6c8241b4e3ac630545,Soil Health Card RKVY,660f941a5c8405ca8375c7c6,TAMIL NADU,63f9be9f519359b7438d08bb,2026-09-16T18:08:21.181Z,Subbagiri,643814,63f9c23d519359b7438d5e68
1,0,0,1,1,0,0,1,0,1,0,1,0,0,1,1,0,SHOOLAGIRI,6211,6492fcb3680216eb6c9409f7,2026-08-20T17:50:36.009Z,2026-27,KRISHNAGIRI,63f9c1b6519359b7438d520b,0,0,1,2026-09-16T18:06:09.078Z,0,1,0,0,0,1,0,1,0,6a873e6c8241b4e3ac630546,Soil Health Card RKVY,660f941a5c8405ca8375c7c6,TAMIL NADU,63f9be9f519359b7438d08bb,2026-09-16T18:08:21.181Z,Podur,643780,63f9c23d519359b7438d5e6d
13,0,9,4,13,0,13,0,2,11,1,6,6,0,13,12,1,SHOOLAGIRI,6211,6492fcb3680216eb6c9409f7,2026-08-20T17:50:36.009Z,2026-27,KRISHNAGIRI,63f9c1b6519359b7438d520b,0,0,13,2026-09-16T18:06:09.078Z,0,13,0,0,0,13,9,1,3,6a873e6c8241b4e3ac630547,Soil Health Card RKVY,660f941a5c8405ca8375c7c6,TAMIL NADU,63f9be9f519359b7438d08bb,2026-09-16T18:08:21.181Z,Marandapalli,643797,63f9c23d519359b7438d5e77
2,0,0,2,2,0,2,0,2,0,0,1,1,0,2,0,2,SHOOLAGIRI,6211,6492fcb3680216eb6c9409f7,2026-08-20T17:50:36.009Z,2026-27,KRISHNAGIRI,63f9c1b6519359b7438d520b,0,0,2,2026-09-16T18:06:09.078Z,0,2,0,0,0,2,1,1,0,6a873e6c8241b4e3ac630548,Soil Health Card RKVY,660f941a5c8405ca8375c7c6,TAMIL NADU,63f9be9f519359b7438d08bb,2026-09-16T18:08:21.181Z,Mettubandapalli,643831,63f9c23e519359b7438d5e81
6,0,1,5,6,0,2,4,2,4,0,5,1,0,6,4,2,SHOOLAGIRI,6211,6492fcb3680216eb6c9409f7,2026-08-20T17:50:36.009Z,2026-27,KRISHNAGIRI,63f9c1b6519359b7438d520b,4,0,2,2026-09-16T18:06:09.078Z,0,6,0,0,0,6,1,1,4,6a873e6c8241b4e3ac630549,Soil Health Card RKVY,660f941a5c8405ca8375c7c6,TAMIL NADU,63f9be9f519359b7438d08bb,2026-09-16T18:08:21.181Z,Hosapalli,643842,63f9c23f519359b7438d5e9f
2,0,0,2,2,0,2,0,2,0,0,2,0,0,2,1,1,SHOOLAGIRI,6211,6492fcb3680216eb6c9409f7,2026-08-20T17:50:36.009Z,2026-27,KRISHNAGIRI,63f9c1b6519359b7438d520b,1,0,1,2026-09-16T18:06:09.078Z,0,2,0,0,0,2,1,1,0,6a873e6c8241b4e3ac63054a,Soil Health Card RKVY,660f941a5c8405ca8375c7c6,TAMIL NADU,63f9be9f519359b7438d08bb,2026-09-16T18:08:21.181Z,Immidinayaganapalli,643832,63f9c240519359b7438d5eb8
8,0,0,8,8,0,8,0,8,0,1,6,1,0,8,1,7,SHOOLAGIRI,6211,6492fcb3680216eb6c9409f7,2026-08-20T17:50:36.009Z,2026-27,KRISHNAGIRI,63f9c1b6519359b7438d520b,3,3,2,2026-09-16T18:06:09.078Z,0,8,0,0,0,8,2,5,1,6a873e6c8241b4e3ac63054b,Soil Health Card RKVY,660f941a5c8405ca8375c7c6,TAMIL NADU,63f9be9f519359b7438d08bb,2026-09-16T18:08:21.181Z,Halekotta,643821,63f9c242519359b7438d5ee0
2,0,0,2,2,0,2,0,2,0,0,2,0,0,2,0,2,SHOOLAGIRI,6211,6492fcb3680216eb6c9409f7,2026-08-20T17:50:36.009Z,2026-27,KRISHNAGIRI,63f9c1b6519359b7438d520b,1,1,0,2026-09-16T18:06:09.078Z,0,2,0,0,0,2,0,2,0,6a873e6c8241b4e3ac63054c,Soil Health Card RKVY,660f941a5c8405ca8375c7c6,TAMIL NADU,63f9be9f519359b7438d08bb,2026-09-16T18:08:21.181Z,Addakurukki,643795,63f9c242519359b7438d5ee5
1,0,0,1,1,0,1,0,1,0,0,1,0,0,1,0,1,SHOOLAGIRI,6211,6492fcb3680216eb6c9409f7,2026-08-20T17:50:36.009Z,2026-27,KRISHNAGIRI,63f9c1b6519359b7438d520b,1,0,0,2026-09-16T18:06:09.078Z,0,1,0,0,0,1,0,0,1,6a873e6c8241b4e3ac63054d,Soil Health Card RKVY,660f941a5c8405ca8375c7c6,TAMIL NADU,63f9be9f519359b7438d08bb,2026-09-16T18:08:21.181Z,Devarekuttapalli,643825,63f9c242519359b7438d5eea
5,0,2,3,5,0,5,0,1,4,1,3,1,0,5,4,1,SHOOLAGIRI,6211,6492fcb3680216eb6c9409f7,2026-08-20T17:50:36.009Z,2026-27,KRISHNAGIRI,63f9c1b6519359b7438d520b,0,0,5,2026-09-16T18:06:09.078Z,0,5,0,0,0,5,3,2,0,6a873e6c8241b4e3ac63054e,Soil Health Card RKVY,660f941a5c8405ca8375c7c6,TAMIL NADU,63f9be9f519359b7438d08bb,2026-09-16T18:08:21.181Z,Pattakurubarapalli,643778,63f9c242519359b7438d5eef
4,0,0,4,4,0,4,0,4,0,0,3,1,0,4,0,4,SHOOLAGIRI,6211,6492fcb3680216eb6c9409f7,2026-08-27T17:52:33.488Z,2026-27,KRISHNAGIRI,63f9c1b6519359b7438d520b,0,3,1,2026-09-16T18:06:09.078Z,0,4,0,0,0,4,0,0,4,6a90796166839ee331802e88,Soil Health Card RKVY,660f941a5c8405ca8375c7c6,TAMIL NADU,63f9be9f519359b7438d08bb,2026-09-16T18:08:21.181Z,Doripalli,643777,63f9c243519359b7438d5ef9
1,0,0,1,1,0,1,0,0,1,1,0,0,0,1,1,0,SHOOLAGIRI,6211,6492fcb3680216eb6c9409f7,2026-08-27T17:52:33.488Z,2026-27,KRISHNAGIRI,63f9c1b6519359b7438d520b,0,0,1,2026-09-16T18:06:09.078Z,0,1,0,0,0,1,1,0,0,6a90796166839ee331802e89,Soil Health Card RKVY,660f941a5c8405ca8375c7c6,TAMIL NADU,63f9be9f519359b7438d08bb,2026-09-16T18:08:21.181Z,Chembarasanapalli,643782,63f9c243519359b7438d5f08
4,0,0,4,4,0,4,0,4,0,0,2,2,0,4,0,4,SHOOLAGIRI,6211,6492fcb3680216eb6c9409f7,2026-08-27T17:52:33.488Z,2026-27,KRISHNAGIRI,63f9c1b6519359b7438d520b,0,2,2,2026-09-16T18:06:09.078Z,0,4,0,0,0,4,4,0,0,6a90796166839ee331802e8a,Soil Health Card RKVY,660f941a5c8405ca8375c7c6,TAMIL NADU,63f9be9f519359b7438d08bb,2026-09-16T18:08:21.181Z,Bikkanapalli,643846,63f9c245519359b7438d5f30
3,0,0,3,3,0,3,0,3,0,2,1,0,0,3,0,3,SHOOLAGIRI,6211,6492fcb3680216eb6c9409f7,2026-08-20T17:50:36.009Z,2026-27,KRISHNAGIRI,63f9c1b6519359b7438d520b,0,2,1,2026-09-16T18:06:09.078Z,0,3,0,0,0,3,2,1,0,6a873e6c8241b4e3ac63054f,Soil Health Card RKVY,660f941a5c8405ca8375c7c6,TAMIL NADU,63f9be9f519359b7438d08bb,2026-09-16T18:08:21.181Z,Kamandoddi,643813,63f9c246519359b7438d5f49
1,0,0,1,1,0,1,0,1,0,0,1,0,0,1,0,1,SHOOLAGIRI,6211,6492fcb3680216eb6c9409f7,2026-08-20T17:50:36.009Z,2026-27,KRISHNAGIRI,63f9c1b6519359b7438d520b,1,0,0,2026-09-16T18:06:09.078Z,0,1,0,0,0,1,0,1,0,6a873e6c8241b4e3ac630550,Soil Health Card RKVY,660f941a5c8405ca8375c7c6,TAMIL NADU,63f9be9f519359b7438d08bb,2026-09-16T18:08:21.181Z,Balagondarayanadurgam,643829,63f9c248519359b7438d5f76
10,0,0,10,10,0,8,2,8,2,0,5,5,0,10,2,8,SHOOLAGIRI,6211,6492fcb3680216eb6c9409f7,2026-08-20T17:50:36.009Z,2026-27,KRISHNAGIRI,63f9c1b6519359b7438d520b,1,1,8,2026-09-16T18:06:09.078Z,0,10,0,0,0,10,10,0,0,6a873e6c8241b4e3ac630551,Soil Health Card RKVY,660f941a5c8405ca8375c7c6,TAMIL NADU,63f9be9f519359b7438d08bb,2026-09-16T18:08:21.181Z,Kalingavaram,643781,63f9c248519359b7438d5f85
1,0,0,1,1,0,0,1,0,1,0,1,0,0,1,1,0,SHOOLAGIRI,6211,6492fcb3680216eb6c9409f7,2026-08-20T17:50:36.009Z,2026-27,KRISHNAGIRI,63f9c1b6519359b7438d520b,0,1,0,2026-09-16T18:06:09.078Z,0,1,0,0,0,1,0,1,0,6a873e6c8241b4e3ac630552,Soil Health Card RKVY,660f941a5c8405ca8375c7c6,TAMIL NADU,63f9be9f519359b7438d08bb,2026-09-16T18:08:21.181Z,Chinnakudibala,643830,63f9c249519359b7438d5f8a
14,0,5,9,14,0,14,0,7,7,0,13,1,0,14,11,3,KRISHNAGIRI,6209,6492fcb4680216eb6c9409f9,2026-08-20T17:50:36.007Z,2026-27,KRISHNAGIRI,63f9c1b6519359b7438d520b,1,0,13,2026-09-16T18:06:09.078Z,0,14,0,0,3,11,14,0,0,6a873e6c8241b4e3ac630530,Soil Health Card RKVY,660f941a5c8405ca8375c7c6,TAMIL NADU,63f9be9f519359b7438d08bb,2026-09-16T18:08:21.181Z,Kammaampalli,643932,63f9c1d0519359b7438d547c
2,0,2,0,2,0,2,0,1,1,0,2,0,0,2,2,0,KRISHNAGIRI,6209,6492fcb4680216eb6c9409f9,2026-08-20T17:50:36.007Z,2026-27,KRISHNAGIRI,63f9c1b6519359b7438d520b,0,0,2,2026-09-16T18:06:09.078Z,0,2,0,0,1,1,2,0,0,6a873e6c8241b4e3ac630531,Soil Health Card RKVY,660f941a5c8405ca8375c7c6,TAMIL NADU,63f9be9f519359b7438d08bb,2026-09-16T18:08:21.181Z,Kathinayanapalli,643931,63f9c1d0519359b7438d5481
1,0,0,1,1,0,1,0,1,0,0,1,0,0,1,0,1,KRISHNAGIRI,6209,6492fcb4680216eb6c9409f9,2026-08-20T17:50:36.007Z,2026-27,KRISHNAGIRI,63f9c1b6519359b7438d520b,0,0,1,2026-09-16T18:06:09.078Z,0,1,0,0,1,0,1,0,0,6a873e6c8241b4e3ac630532,Soil Health Card RKVY,660f941a5c8405ca8375c7c6,TAMIL NADU,63f9be9f519359b7438d08bb,2026-09-16T18:08:21.181Z,Kothigutalapalli,643919,63f9c1d3519359b7438d54b8
3,0,0,3,3,0,3,0,2,1,0,3,0,0,3,2,1,KRISHNAGIRI,6209,6492fcb4680216eb6c9409f9,2026-08-20T17:50:36.007Z,2026-27,KRISHNAGIRI,63f9c1b6519359b7438d520b,2,0,1,2026-09-16T18:06:09.078Z,0,3,0,0,1,2,3,0,0,6a873e6c8241b4e3ac630533,Soil Health Card RKVY,660f941a5c8405ca8375c7c6,TAMIL NADU,63f9be9f519359b7438d08bb,2026-09-16T18:08:21.181Z,Krishnagiri,933619,63f9c1d9519359b7438d5558
20,0,0,20,20,0,12,8,8,12,0,17,3,0,20,19,1,KRISHNAGIRI,6209,6492fcb4680216eb6c9409f9,2026-08-25T17:49:02.133Z,2026-27,KRISHNAGIRI,63f9c1b6519359b7438d520b,0,19,1,2026-09-16T18:06:09.078Z,0,20,0,0,0,20,18,0,2,6a8dd58e23717158623c4fbd,Soil Health Card RKVY,660f941a5c8405ca8375c7c6,TAMIL NADU,63f9be9f519359b7438d08bb,2026-09-16T18:08:21.181Z,Agaram,643952,63f9c1e2519359b7438d55ee
20,0,5,15,20,0,19,0,18,2,0,19,1,0,20,18,1,KRISHNAGIRI,6209,6492fcb4680216eb6c9409f9,2026-08-20T17:50:36.008Z,2026-27,KRISHNAGIRI,63f9c1b6519359b7438d520b,0,16,4,2026-09-16T18:06:09.078Z,0,20,0,0,0,20,20,0,0,6a873e6c8241b4e3ac630534,Soil Health Card RKVY,660f941a5c8405ca8375c7c6,TAMIL NADU,63f9be9f519359b7438d08bb,2026-09-16T18:08:21.181Z,Peddatalapalli,643942,63f9c1e3519359b7438d5607
0,10,0,10,10,0,0,10,0,10,0,10,0,0,10,4,6,KAVERIPATTINAM,6207,6492fcb4680216eb6c9409fb,2026-08-25T17:49:02.133Z,2026-27,KRISHNAGIRI,63f9c1b6519359b7438d520b,4,0,6,2026-09-16T18:06:09.078Z,0,10,0,0,0,10,6,1,3,6a8dd58e23717158623c4fba,Soil Health Card RKVY,660f941a5c8405ca8375c7c6,TAMIL NADU,63f9be9f519359b7438d08bb,2026-09-16T18:08:21.181Z,Paiyur,643985,63f9c1dc519359b7438d5599
0,5,0,5,5,0,0,5,0,5,0,5,0,0,5,1,4,KAVERIPATTINAM,6207,6492fcb4680216eb6c9409fb,2026-08-25T17:49:02.133Z,2026-27,KRISHNAGIRI,63f9c1b6519359b7438d520b,0,1,4,2026-09-16T18:06:09.078Z,0,5,0,0,1,4,1,1,3,6a8dd58e23717158623c4fbb,Soil Health Card RKVY,660f941a5c8405ca8375c7c6,TAMIL NADU,63f9be9f519359b7438d08bb,2026-09-16T18:08:21.181Z,Timmapuram,643971,63f9c1de519359b7438d55c6
0,5,0,5,5,0,0,5,0,5,0,5,0,0,5,2,3,KAVERIPATTINAM,6207,6492fcb4680216eb6c9409fb,2026-08-25T17:49:02.133Z,2026-27,KRISHNAGIRI,63f9c1b6519359b7438d520b,0,1,4,2026-09-16T18:06:09.078Z,0,5,0,0,0,5,0,1,4,6a8dd58e23717158623c4fbc,Soil Health Card RKVY,660f941a5c8405ca8375c7c6,TAMIL NADU,63f9be9f519359b7438d08bb,2026-09-16T18:08:21.181Z,Sundekuppam,643970,63f9c1de519359b7438d55cb
0,6,0,6,6,0,0,6,0,6,0,6,0,0,6,3,3,KAVERIPATTINAM,6207,6492fcb4680216eb6c9409fb,2026-08-20T17:50:36.008Z,2026-27,KRISHNAGIRI,63f9c1b6519359b7438d520b,0,0,6,2026-09-16T18:06:09.078Z,0,6,0,0,0,6,0,6,0,6a873e6c8241b4e3ac630537,Soil Health Card RKVY,660f941a5c8405ca8375c7c6,TAMIL NADU,63f9be9f519359b7438d08bb,2026-09-16T18:08:21.181Z,Keelkuppam,644147,63f9c203519359b7438d58f4
0,4,0,4,4,0,0,4,0,4,0,3,1,0,4,0,4,KAVERIPATTINAM,6207,6492fcb4680216eb6c9409fb,2026-08-20T17:50:36.008Z,2026-27,KRISHNAGIRI,63f9c1b6519359b7438d520b,0,0,4,2026-09-16T18:06:09.078Z,0,4,0,0,0,4,0,4,0,6a873e6c8241b4e3ac630538,Soil Health Card RKVY,660f941a5c8405ca8375c7c6,TAMIL NADU,63f9be9f519359b7438d08bb,2026-09-16T18:08:21.181Z,Barur,644148,63f9c204519359b7438d590d
0,9,1,8,9,0,0,9,9,0,0,8,1,1,8,6,3,KAVERIPATTINAM,6207,6492fcb4680216eb6c9409fb,2026-08-24T17:50:38.303Z,2026-27,KRISHNAGIRI,63f9c1b6519359b7438d520b,0,2,7,2026-09-16T18:06:09.078Z,0,9,0,0,0,9,0,9,0,6a8c846e2ce21ef285530e11,Soil Health Card RKVY,660f941a5c8405ca8375c7c6,TAMIL NADU,63f9be9f519359b7438d08bb,2026-09-16T18:08:21.181Z,Veeramalai,644136,63f9c208519359b7438d5976
0,5,0,5,5,0,0,5,0,5,0,5,0,0,5,0,5,UTHANGARAI,6213,6492fcb4680216eb6c9409fd,2026-08-24T17:50:38.303Z,2026-27,KRISHNAGIRI,63f9c1b6519359b7438d520b,0,0,5,2026-09-16T18:06:09.078Z,0,5,0,0,1,4,1,0,4,6a8c846e2ce21ef285530e12,Soil Health Card RKVY,660f941a5c8405ca8375c7c6,TAMIL NADU,63f9be9f519359b7438d08bb,2026-09-16T18:08:21.181Z,Keelkuppam,644299,63f9c20f519359b7438d5a1d
0,5,0,5,5,0,0,5,1,4,0,3,2,0,5,1,4,UTHANGARAI,6213,6492fcb4680216eb6c9409fd,2026-08-20T17:50:36.008Z,2026-27,KRISHNAGIRI,63f9c1b6519359b7438d520b,3,0,2,2026-09-16T18:06:09.078Z,0,5,0,0,0,5,5,0,0,6a873e6c8241b4e3ac630539,Soil Health Card RKVY,660f941a5c8405ca8375c7c6,TAMIL NADU,63f9be9f519359b7438d08bb,2026-09-16T18:08:21.181Z,Gendiganur,644284,63f9c20f519359b7438d5a2c
0,1,0,1,1,0,0,1,0,1,0,0,1,0,1,1,0,UTHANGARAI,6213,6492fcb4680216eb6c9409fd,2026-08-25T17:49:02.135Z,2026-27,KRISHNAGIRI,63f9c1b6519359b7438d520b,0,0,1,2026-09-16T18:06:09.078Z,0,1,0,0,0,1,0,1,0,6a8dd58e23717158623c4fc0,Soil Health Card RKVY,660f941a5c8405ca8375c7c6,TAMIL NADU,63f9be9f519359b7438d08bb,2026-09-16T18:08:21.181Z,Karumandapathi,644165,63f9c21b519359b7438d5b44
0,5,0,5,5,0,0,5,0,5,0,5,0,0,5,1,4,UTHANGARAI,6213,6492fcb4680216eb6c9409fd,2026-08-24T17:50:38.304Z,2026-27,KRISHNAGIRI,63f9c1b6519359b7438d520b,0,1,4,2026-09-16T18:06:09.078Z,0,5,0,0,0,5,0,0,5,6a8c846e2ce21ef285530e13,Soil Health Card RKVY,660f941a5c8405ca8375c7c6,TAMIL NADU,63f9be9f519359b7438d08bb,2026-09-16T18:08:21.181Z,Moongileri,644328,63f9c222519359b7438d5bdf
0,2,0,2,2,0,0,2,0,2,0,2,0,0,2,0,2,UTHANGARAI,6213,6492fcb4680216eb6c9409fd,2026-08-25T17:49:02.135Z,2026-27,KRISHNAGIRI,63f9c1b6519359b7438d520b,0,1,1,2026-09-16T18:06:09.078Z,0,2,0,0,0,2,0,1,1,6a8dd58e23717158623c4fc1,Soil Health Card RKVY,660f941a5c8405ca8375c7c6,TAMIL NADU,63f9be9f519359b7438d08bb,2026-09-16T18:08:21.181Z,Muthampatti,644161,63f9c225519359b7438d5c2a
0,7,0,7,7,0,2,5,4,3,0,6,1,0,7,1,6,UTHANGARAI,6213,6492fcb4680216eb6c9409fd,2026-08-25T17:49:02.135Z,2026-27,KRISHNAGIRI,63f9c1b6519359b7438d520b,0,3,4,2026-09-16T18:06:09.078Z,0,7,0,0,0,7,0,7,0,6a8dd58e23717158623c4fc2,Soil Health Card RKVY,660f941a5c8405ca8375c7c6,TAMIL NADU,63f9be9f519359b7438d08bb,2026-09-16T18:08:21.181Z,Elachyur,644166,63f9c226519359b7438d5c3e
0,5,0,5,5,0,0,5,4,1,0,2,3,0,5,2,3,UTHANGARAI,6213,6492fcb4680216eb6c9409fd,2026-08-20T17:50:36.008Z,2026-27,KRISHNAGIRI,63f9c1b6519359b7438d520b,2,0,3,2026-09-16T18:06:09.078Z,0,5,0,0,0,5,5,0,0,6a873e6c8241b4e3ac63053b,Soil Health Card RKVY,660f941a5c8405ca8375c7c6,TAMIL NADU,63f9be9f519359b7438d08bb,2026-09-16T18:08:21.181Z,Naickanur,644285,63f9c229519359b7438d5c8e
27,23,0,50,50,0,0,50,0,50,0,18,32,39,11,0,50,MADURAI EAST,6219,6492fcb4680216eb6c940a01,2026-09-16T18:08:24.830Z,2026-27,MADURAI,63f9c24d519359b7438d5fe5,13,0,37,2026-09-16T18:06:09.078Z,0,50,0,0,0,50,46,0,4,6aaadb18815951ad19d1c51a,Soil Health Card RKVY,660f941a5c8405ca8375c7c6,TAMIL NADU,63f9be9f519359b7438d08bb,2026-09-16T18:08:24.830Z,Mangulam BIT 2,933686,63f9c2b8519359b7438d6980
4,6,1,9,10,0,4,6,0,10,0,4,6,8,2,10,0,MADURAI EAST,6219,6492fcb4680216eb6c940a01,2026-09-15T18:09:34.208Z,2026-27,MADURAI,63f9c24d519359b7438d5fe5,7,0,3,2026-09-16T18:06:09.078Z,0,10,0,0,0,10,8,0,2,6aa989de05ad99588db77b0c,Soil Health Card RKVY,660f941a5c8405ca8375c7c6,TAMIL NADU,63f9be9f519359b7438d08bb,2026-09-16T18:08:21.181Z,Idayapatti,640676,63f9c2c2519359b7438d6a6b
4,9,0,13,13,0,4,9,1,12,0,4,9,8,5,13,0,MADURAI EAST,6219,6492fcb4680216eb6c940a01,2026-09-15T18:09:34.208Z,2026-27,MADURAI,63f9c24d519359b7438d5fe5,0,13,0,2026-09-16T18:06:09.078Z,0,13,0,0,0,13,0,13,0,6aa989de05ad99588db77b0d,Soil Health Card RKVY,660f941a5c8405ca8375c7c6,TAMIL NADU,63f9be9f519359b7438d08bb,2026-09-16T18:08:21.181Z,Rajakur,640662,63f9c2c3519359b7438d6a84
5,7,2,10,12,0,9,3,0,12,1,1,10,8,4,11,1,MADURAI EAST,6219,6492fcb4680216eb6c940a01,2026-09-15T18:09:34.208Z,2026-27,MADURAI,63f9c24d519359b7438d5fe5,10,0,2,2026-09-16T18:06:09.078Z,0,12,0,0,0,12,11,0,1,6aa989de05ad99588db77b0e,Soil Health Card RKVY,660f941a5c8405ca8375c7c6,TAMIL NADU,63f9be9f519359b7438d08bb,2026-09-16T18:08:21.181Z,Sivalingam,640654,63f9c2c3519359b7438d6a8e
6,9,2,13,15,0,14,1,0,15,1,0,14,10,5,5,10,MADURAI EAST,6219,6492fcb4680216eb6c940a01,2026-09-15T18:09:34.208Z,2026-27,MADURAI,63f9c24d519359b7438d5fe5,15,0,0,2026-09-16T18:06:09.078Z,0,15,0,0,0,15,15,0,0,6aa989de05ad99588db77b0f,Soil Health Card RKVY,660f941a5c8405ca8375c7c6,TAMIL NADU,63f9be9f519359b7438d08bb,2026-09-16T18:08:21.181Z,Thirukanai,640645,63f9c2c4519359b7438d6a98
38,32,0,70,70,0,16,54,0,70,3,6,61,50,20,16,54,MELUR,6221,6492fcb4680216eb6c940a07,2026-09-15T18:09:34.207Z,2026-27,MADURAI,63f9c24d519359b7438d5fe5,61,0,9,2026-09-16T18:06:09.078Z,0,70,0,0,0,70,70,0,0,6aa989de05ad99588db77b07,Soil Health Card RKVY,660f941a5c8405ca8375c7c6,TAMIL NADU,63f9be9f519359b7438d08bb,2026-09-16T18:08:21.181Z,Thanaiyamangalam,640525,63f9c252519359b7438d6053
13,10,0,23,23,0,7,16,0,23,0,2,21,17,6,2,21,MELUR,6221,6492fcb4680216eb6c940a07,2026-09-15T18:09:34.208Z,2026-27,MADURAI,63f9c24d519359b7438d5fe5,22,0,1,2026-09-16T18:06:09.078Z,0,23,0,0,0,23,23,0,0,6aa989de05ad99588db77b08,Soil Health Card RKVY,660f941a5c8405ca8375c7c6,TAMIL NADU,63f9be9f519359b7438d08bb,2026-09-16T18:08:21.181Z,Pudusukkampatti,640520,63f9c257519359b7438d60d0
0,1,0,1,1,0,0,1,0,1,0,0,1,1,0,0,1,MELUR,6221,6492fcb4680216eb6c940a07,2026-09-15T18:09:34.208Z,2026-27,MADURAI,63f9c24d519359b7438d5fe5,1,0,0,2026-09-16T18:06:09.078Z,0,1,0,0,0,1,1,0,0,6aa989de05ad99588db77b09,Soil Health Card RKVY,660f941a5c8405ca8375c7c6,TAMIL NADU,63f9be9f519359b7438d08bb,2026-09-16T18:08:21.181Z,Kallampatti,640528,63f9c25a519359b7438d6120
12,12,0,24,24,0,16,8,0,24,1,0,23,18,6,19,5,MELUR,6221,6492fcb4680216eb6c940a07,2026-09-15T18:09:34.208Z,2026-27,MADURAI,63f9c24d519359b7438d5fe5,24,0,0,2026-09-16T18:06:09.078Z,0,24,0,0,0,24,24,0,0,6aa989de05ad99588db77b0a,Soil Health Card RKVY,660f941a5c8405ca8375c7c6,TAMIL NADU,63f9be9f519359b7438d08bb,2026-09-16T18:08:21.181Z,Surakkundu,640527,63f9c25b519359b7438d612f
2,0,0,2,2,0,1,1,0,2,0,0,2,1,1,2,0,MELUR,6221,6492fcb4680216eb6c940a07,2026-09-15T18:09:34.208Z,2026-27,MADURAI,63f9c24d519359b7438d5fe5,2,0,0,2026-09-16T18:06:09.078Z,0,2,0,0,0,2,2,0,0,6aa989de05ad99588db77b0b,Soil Health Card RKVY,660f941a5c8405ca8375c7c6,TAMIL NADU,63f9be9f519359b7438d08bb,2026-09-16T18:08:21.181Z,Melur,933575,63f9c25e519359b7438d6161
65,45,0,110,110,0,2,108,2,108,0,59,51,83,27,18,92,KOTTAMPATTI,6218,6492fcb4680216eb6c940a09,2026-09-11T18:14:53.278Z,2026-27,MADURAI,63f9c24d519359b7438d5fe5,100,3,7,2026-09-16T18:06:09.078Z,0,110,0,1,1,108,101,1,8,6aa4451dbe4706ff667e9531,Soil Health Card RKVY,660f941a5c8405ca8375c7c6,TAMIL NADU,63f9be9f519359b7438d08bb,2026-09-16T18:08:21.181Z,Melavalavu,640505,63f9c252519359b7438d605d
46,29,0,75,75,0,21,54,0,75,0,47,28,46,29,23,52,ALANGANALLUR,6215,6492fcb5680216eb6c940a15,2026-09-03T18:08:02.692Z,2026-27,MADURAI,63f9c24d519359b7438d5fe5,75,0,0,2026-09-16T18:06:09.078Z,0,75,0,0,0,75,74,0,1,6a99b7820649dfa6ff11f3b8,Soil Health Card RKVY,660f941a5c8405ca8375c7c6,TAMIL NADU,63f9be9f519359b7438d08bb,2026-09-16T18:08:21.181Z,Alanganallur,933744,63f9c283519359b7438d64c6
0,2,0,2,2,0,2,0,0,2,0,2,0,2,0,0,2,MOHANUR,6244,6492fcb6680216eb6c940a37,2026-09-16T18:08:24.830Z,2026-27,NAMAKKAL,63f9c314519359b7438d7227,2,0,0,2026-09-16T18:06:09.078Z,0,2,0,0,0,2,2,0,0,6aaadb18815951ad19d1c51b,Soil Health Card RKVY,660f941a5c8405ca8375c7c6,TAMIL NADU,63f9be9f519359b7438d08bb,2026-09-16T18:08:24.830Z,Oruvandur,634693,63f9c374519359b7438d7b27
0,12,2,10,12,0,12,0,12,0,0,12,0,10,2,12,0,NAMAKKAL,6246,6492fcb6680216eb6c940a3b,2026-09-10T18:12:36.884Z,2026-27,NAMAKKAL,63f9c314519359b7438d7227,12,0,0,2026-09-16T18:06:09.078Z,0,12,0,0,0,12,3,7,2,6aa2f314dfa3538f38d2650e,Soil Health Card RKVY,660f941a5c8405ca8375c7c6,TAMIL NADU,63f9be9f519359b7438d08bb,2026-09-16T18:08:21.181Z,Periya Goundampalayam ,931976,63f9c33f519359b7438d7645
20,0,0,20,20,0,20,0,5,15,0,20,0,2,18,20,0,VEPPUR,6263,6492fcb7680216eb6c940a4f,2026-09-16T18:08:24.830Z,2026-27,PERAMBALUR,63f9c378519359b7438d7b94,3,0,17,2026-09-16T18:06:09.078Z,0,20,0,0,0,20,0,0,20,6aaadb18815951ad19d1c51c,Soil Health Card RKVY,660f941a5c8405ca8375c7c6,TAMIL NADU,63f9be9f519359b7438d08bb,2026-09-16T18:08:24.830Z,Peramathur (South),636235,63f9c397519359b7438d7e54
75,0,0,75,75,0,75,0,0,75,0,75,0,75,0,75,0,VEPPUR,6263,6492fcb7680216eb6c940a4f,2026-09-09T18:08:01.611Z,2026-27,PERAMBALUR,63f9c378519359b7438d7b94,73,0,2,2026-09-16T18:06:09.078Z,0,75,0,0,0,75,1,13,61,6aa1a081a9301e4c4acd10e7,Soil Health Card RKVY,660f941a5c8405ca8375c7c6,TAMIL NADU,63f9be9f519359b7438d08bb,2026-09-16T18:08:21.181Z,Perumathur (North),636231,63f9c398519359b7438d7e6d
1,0,0,1,1,0,1,0,0,1,0,1,0,0,1,1,0,ANNAVASAL,6264,6492fcb8680216eb6c940a61,2026-09-16T18:08:24.830Z,2026-27,PUDUKKOTTAI,63f9c39d519359b7438d7eda,1,0,0,2026-09-16T18:06:09.078Z,0,1,0,0,0,1,1,0,0,6aaadb18815951ad19d1c51d,Soil Health Card RKVY,660f941a5c8405ca8375c7c6,TAMIL NADU,63f9be9f519359b7438d08bb,2026-09-16T18:08:24.830Z,Talinji,639265,63f9c3a0519359b7438d7f2a
15,10,0,25,25,0,20,5,1,24,0,25,0,14,11,18,7,ANNAVASAL,6264,6492fcb8680216eb6c940a61,2026-09-16T18:08:24.830Z,2026-27,PUDUKKOTTAI,63f9c39d519359b7438d7eda,13,0,12,2026-09-16T18:06:09.078Z,0,25,0,0,0,25,25,0,0,6aaadb18815951ad19d1c51e,Soil Health Card RKVY,660f941a5c8405ca8375c7c6,TAMIL NADU,63f9be9f519359b7438d08bb,2026-09-16T18:08:24.830Z,Ennai,639251,63f9c3a4519359b7438d7f84
1,0,0,1,1,0,0,1,0,1,0,1,0,1,0,1,0,ANNAVASAL,6264,6492fcb8680216eb6c940a61,2026-09-16T18:08:24.831Z,2026-27,PUDUKKOTTAI,63f9c39d519359b7438d7eda,1,0,0,2026-09-16T18:06:09.078Z,0,1,0,0,0,1,1,0,0,6aaadb18815951ad19d1c51f,Soil Health Card RKVY,660f941a5c8405ca8375c7c6,TAMIL NADU,63f9be9f519359b7438d08bb,2026-09-16T18:08:24.831Z,Ayingudi,639288,63f9c3a8519359b7438d7fe8
8,5,0,13,13,0,13,0,0,13,0,13,0,9,4,11,2,ANNAVASAL,6264,6492fcb8680216eb6c940a61,2026-09-16T18:08:24.831Z,2026-27,PUDUKKOTTAI,63f9c39d519359b7438d7eda,7,0,6,2026-09-16T18:06:09.078Z,0,13,0,0,0,13,13,0,0,6aaadb18815951ad19d1c520,Soil Health Card RKVY,660f941a5c8405ca8375c7c6,TAMIL NADU,63f9be9f519359b7438d08bb,2026-09-16T18:08:24.831Z,Kothirapatti,639244,63f9c3a9519359b7438d7ff7
68,42,0,110,110,0,75,35,0,110,0,105,5,83,27,0,110,KAMUDI,6279,6492fcb9680216eb6c940a71,2026-09-08T18:04:10.737Z,2026-27,RAMANATHAPURAM,63f9c441519359b7438d8e0d,110,0,0,2026-09-16T18:06:09.078Z,0,110,0,0,9,101,0,42,68,6aa04e1a4fbfe3b4fac524e8,Soil Health Card RKVY,660f941a5c8405ca8375c7c6,TAMIL NADU,63f9be9f519359b7438d08bb,2026-09-16T18:08:21.181Z,Sadayanendal,642014,63f9c470519359b7438d9269
44,173,13,205,214,4,176,42,79,139,0,218,0,206,12,107,111,KAMUDI,6279,6492fcb9680216eb6c940a71,2026-09-15T18:09:34.212Z,2026-27,RAMANATHAPURAM,63f9c441519359b7438d8e0d,218,0,0,2026-09-16T18:06:09.078Z,0,218,0,3,0,215,76,68,74,6aa989de05ad99588db77b12,Soil Health Card RKVY,660f941a5c8405ca8375c7c6,TAMIL NADU,63f9be9f519359b7438d08bb,2026-09-16T18:08:21.181Z,Natham,642013,63f9c470519359b7438d926e
100,36,0,136,136,0,76,60,0,136,0,109,27,36,100,5,131,KAMUDI,6279,6492fcb9680216eb6c940a71,2026-09-15T18:09:34.212Z,2026-27,RAMANATHAPURAM,63f9c441519359b7438d8e0d,136,0,0,2026-09-16T18:06:09.078Z,0,136,0,0,0,136,0,71,65,6aa989de05ad99588db77b13,Soil Health Card RKVY,660f941a5c8405ca8375c7c6,TAMIL NADU,63f9be9f519359b7438d08bb,2026-09-16T18:08:21.181Z,A.Tharaikkudi,642006,63f9c470519359b7438d9278
0,247,19,228,247,0,214,33,48,199,0,247,0,147,100,65,182,KAMUDI,6279,6492fcb9680216eb6c940a71,2026-09-02T18:08:59.143Z,2026-27,RAMANATHAPURAM,63f9c441519359b7438d8e0d,247,0,0,2026-09-16T18:06:09.078Z,0,247,0,0,0,247,60,79,108,6a98663bc6fb74a8ae65b3fe,Soil Health Card RKVY,660f941a5c8405ca8375c7c6,TAMIL NADU,63f9be9f519359b7438d08bb,2026-09-16T18:08:21.181Z,Maraikkulam,642017,63f9c475519359b7438d92d7
68,7,0,75,75,0,0,75,0,75,0,75,0,0,75,74,1,NAINARKOIL,6282,6492fcb9680216eb6c940a77,2026-07-01T17:48:12.879Z,2026-27,RAMANATHAPURAM,63f9c441519359b7438d8e0d,75,0,0,2026-09-16T18:06:09.078Z,0,74,1,0,0,75,1,74,0,6a4552dcfde36702e7099b57,Soil Health Card RKVY,660f941a5c8405ca8375c7c6,TAMIL NADU,63f9be9f519359b7438d08bb,2026-09-16T18:08:21.181Z,P.Kodikulam,641911,63f9c453519359b7438d8fcc
23,2,0,25,25,0,0,25,0,25,0,25,0,0,25,25,0,NAINARKOIL,6282,6492fcb9680216eb6c940a77,2026-06-25T17:58:03.459Z,2026-27,RAMANATHAPURAM,63f9c441519359b7438d8e0d,25,0,0,2026-09-16T18:06:09.078Z,0,25,0,0,0,25,0,25,0,6a3d6c2b25e2d44604426c4c,Soil Health Card RKVY,660f941a5c8405ca8375c7c6,TAMIL NADU,63f9be9f519359b7438d08bb,2026-09-16T18:08:21.181Z,Manakudi,641885,63f9c456519359b7438d9008
42,18,0,60,60,0,15,45,0,60,0,60,0,2,58,44,16,NAINARKOIL,6282,6492fcb9680216eb6c940a77,2026-07-15T17:50:52.199Z,2026-27,RAMANATHAPURAM,63f9c441519359b7438d8e0d,60,0,0,2026-09-16T18:06:09.078Z,0,60,0,0,0,60,0,59,1,6a57c87cd5731d6bd6441394,Soil Health Card RKVY,660f941a5c8405ca8375c7c6,TAMIL NADU,63f9be9f519359b7438d08bb,2026-09-16T18:08:21.181Z,Kiliyur,641915,63f9c45e519359b7438d90c6
28,12,0,40,40,0,20,20,0,40,0,40,0,0,40,20,20,NAINARKOIL,6282,6492fcb9680216eb6c940a77,2026-07-15T17:50:52.199Z,2026-27,RAMANATHAPURAM,63f9c441519359b7438d8e0d,40,0,0,2026-09-16T18:06:09.078Z,0,40,0,0,0,40,0,40,0,6a57c87cd5731d6bd6441395,Soil Health Card RKVY,660f941a5c8405ca8375c7c6,TAMIL NADU,63f9be9f519359b7438d08bb,2026-09-16T18:08:21.181Z,Kottakudi,641884,63f9c45f519359b7438d90e4
27,3,0,30,30,0,0,30,0,30,0,30,0,0,30,30,0,NAINARKOIL,6282,6492fcb9680216eb6c940a77,2026-06-25T17:58:03.675Z,2026-27,RAMANATHAPURAM,63f9c441519359b7438d8e0d,30,0,0,2026-09-16T18:06:09.078Z,0,30,0,0,0,30,0,30,0,6a3d6c2b25e2d44604426cf9,Soil Health Card RKVY,660f941a5c8405ca8375c7c6,TAMIL NADU,63f9be9f519359b7438d08bb,2026-09-16T18:08:21.181Z,Sethukal,641888,63f9c460519359b7438d90f3
0,10,0,10,9,1,9,1,5,5,0,10,0,10,0,2,8,BOGALUR,6277,6492fcb9680216eb6c940a79,2026-09-15T18:09:34.209Z,2026-27,RAMANATHAPURAM,63f9c441519359b7438d8e0d,10,0,0,2026-09-16T18:06:09.078Z,0,10,0,0,0,10,0,4,6,6aa989de05ad99588db77b10,Soil Health Card RKVY,660f941a5c8405ca8375c7c6,TAMIL NADU,63f9be9f519359b7438d08bb,2026-09-16T18:08:21.181Z,Ariyakudi,641947,63f9c44f519359b7438d8f77
40,19,0,59,59,0,2,57,0,59,0,59,0,1,58,59,0,BOGALUR,6277,6492fcb9680216eb6c940a79,2026-07-28T18:06:04.937Z,2026-27,RAMANATHAPURAM,63f9c441519359b7438d8e0d,59,0,0,2026-09-16T18:06:09.078Z,0,59,0,0,0,59,1,58,0,6a68ef8c1a76497cd6b2160c,Soil Health Card RKVY,660f941a5c8405ca8375c7c6,TAMIL NADU,63f9be9f519359b7438d08bb,2026-09-16T18:08:21.181Z,Bogalur,641944,63f9c455519359b7438d8fef
71,28,0,99,99,0,0,99,0,99,0,99,0,0,99,99,0,BOGALUR,6277,6492fcb9680216eb6c940a79,2026-07-28T18:06:04.937Z,2026-27,RAMANATHAPURAM,63f9c441519359b7438d8e0d,99,0,0,2026-09-16T18:06:09.078Z,0,99,0,0,0,99,0,99,0,6a68ef8c1a76497cd6b2160d,Soil Health Card RKVY,660f941a5c8405ca8375c7c6,TAMIL NADU,63f9be9f519359b7438d08bb,2026-09-16T18:08:21.181Z,Keelakottai,641946,63f9c458519359b7438d9049
17,23,0,40,40,0,0,40,0,40,0,40,0,0,40,40,0,BOGALUR,6277,6492fcb9680216eb6c940a79,2026-07-28T18:06:04.938Z,2026-27,RAMANATHAPURAM,63f9c441519359b7438d8e0d,40,0,0,2026-09-16T18:06:09.078Z,0,40,0,0,0,40,5,20,15,6a68ef8c1a76497cd6b2160e,Soil Health Card RKVY,660f941a5c8405ca8375c7c6,TAMIL NADU,63f9be9f519359b7438d08bb,2026-09-16T18:08:21.181Z,Theeyanur,641949,63f9c459519359b7438d905d
126,0,1,125,126,0,126,0,0,126,0,126,0,17,109,123,3,PARAMAKKUDI,6283,6492fcb9680216eb6c940a7b,2026-09-16T18:08:24.831Z,2026-27,RAMANATHAPURAM,63f9c441519359b7438d8e0d,126,0,0,2026-09-16T18:06:09.078Z,0,126,0,0,0,126,0,126,0,6aaadb18815951ad19d1c521,Soil Health Card RKVY,660f941a5c8405ca8375c7c6,TAMIL NADU,63f9be9f519359b7438d08bb,2026-09-16T18:08:24.831Z,Tholur,641927,63f9c450519359b7438d8f86
14,11,0,25,25,0,0,25,0,25,0,25,0,0,25,25,0,PARAMAKKUDI,6283,6492fcb9680216eb6c940a7b,2026-07-14T17:49:03.622Z,2026-27,RAMANATHAPURAM,63f9c441519359b7438d8e0d,25,0,0,2026-09-16T18:06:09.078Z,0,25,0,0,0,25,0,25,0,6a56768f2aa07b7905039c4c,Soil Health Card RKVY,660f941a5c8405ca8375c7c6,TAMIL NADU,63f9be9f519359b7438d08bb,2026-09-16T18:08:21.181Z,Mosukkudi,641897,63f9c453519359b7438d8fd1
114,28,0,142,139,3,5,137,0,142,0,142,0,38,104,31,111,PARAMAKKUDI,6283,6492fcb9680216eb6c940a7b,2026-07-15T17:50:52.199Z,2026-27,RAMANATHAPURAM,63f9c441519359b7438d8e0d,142,0,0,2026-09-16T18:06:09.078Z,0,142,0,0,2,140,0,25,117,6a57c87cd5731d6bd6441393,Soil Health Card RKVY,660f941a5c8405ca8375c7c6,TAMIL NADU,63f9be9f519359b7438d08bb,2026-09-16T18:08:21.181Z,Melayakudi,641905,63f9c453519359b7438d8fd6
20,0,0,20,20,0,11,9,0,20,0,20,0,4,16,8,12,PARAMAKKUDI,6283,6492fcb9680216eb6c940a7b,2026-09-02T18:08:59.142Z,2026-27,RAMANATHAPURAM,63f9c441519359b7438d8e0d,20,0,0,2026-09-16T18:06:09.078Z,0,20,0,0,0,20,0,11,9,6a98663bc6fb74a8ae65b3fa,Soil Health Card RKVY,660f941a5c8405ca8375c7c6,TAMIL NADU,63f9be9f519359b7438d08bb,2026-09-16T18:08:21.181Z,Koonankulam,641898,63f9c453519359b7438d8fdb
40,0,0,40,40,0,0,40,0,40,0,40,0,0,40,38,2,PARAMAKKUDI,6283,6492fcb9680216eb6c940a7b,2026-09-01T17:56:44.435Z,2026-27,RAMANATHAPURAM,63f9c441519359b7438d8e0d,38,2,0,2026-09-16T18:06:09.078Z,0,40,0,0,0,40,0,0,40,6a9711dc0fb5ed24f8eeec47,Soil Health Card RKVY,660f941a5c8405ca8375c7c6,TAMIL NADU,63f9be9f519359b7438d08bb,2026-09-16T18:08:21.181Z,Madanthai,641904,63f9c454519359b7438d8fe0
60,0,0,60,60,0,58,2,43,17,0,60,0,34,26,60,0,PARAMAKKUDI,6283,6492fcb9680216eb6c940a7b,2026-09-09T18:08:01.611Z,2026-27,RAMANATHAPURAM,63f9c441519359b7438d8e0d,60,0,0,2026-09-16T18:06:09.078Z,1,59,0,0,0,60,0,58,2,6aa1a081a9301e4c4acd10e8,Soil Health Card RKVY,660f941a5c8405ca8375c7c6,TAMIL NADU,63f9be9f519359b7438d08bb,2026-09-16T18:08:21.181Z,S.Andakkudi,641894,63f9c455519359b7438d8ffe
0,2,0,2,2,0,2,0,0,2,0,2,0,0,2,2,0,PARAMAKKUDI,6283,6492fcb9680216eb6c940a7b,2026-09-16T18:08:24.832Z,2026-27,RAMANATHAPURAM,63f9c441519359b7438d8e0d,2,0,0,2026-09-16T18:06:09.078Z,0,2,0,0,0,2,0,2,0,6aaadb18815951ad19d1c522,Soil Health Card RKVY,660f941a5c8405ca8375c7c6,TAMIL NADU,63f9be9f519359b7438d08bb,2026-09-16T18:08:24.832Z,Kattuparmakudi,641879,63f9c457519359b7438d902b
0,50,5,45,50,0,27,23,10,40,0,31,19,0,50,22,28,PARAMAKKUDI,6283,6492fcb9680216eb6c940a7b,2026-09-11T18:14:53.279Z,2026-27,RAMANATHAPURAM,63f9c441519359b7438d8e0d,50,0,0,2026-09-16T18:06:09.078Z,0,50,0,0,0,50,50,0,0,6aa4451dbe4706ff667e9532,Soil Health Card RKVY,660f941a5c8405ca8375c7c6,TAMIL NADU,63f9be9f519359b7438d08bb,2026-09-16T18:08:21.181Z,Poduvakudi,641878,63f9c458519359b7438d903a
71,9,0,80,80,0,13,67,24,56,0,79,1,26,54,27,53,PARAMAKKUDI,6283,6492fcb9680216eb6c940a7b,2026-09-02T18:08:59.143Z,2026-27,RAMANATHAPURAM,63f9c441519359b7438d8e0d,80,0,0,2026-09-16T18:06:09.078Z,0,80,0,2,1,77,0,13,67,6a98663bc6fb74a8ae65b3fb,Soil Health Card RKVY,660f941a5c8405ca8375c7c6,TAMIL NADU,63f9be9f519359b7438d08bb,2026-09-16T18:08:21.181Z,Kottankulam - - 641876,641876,63f9c458519359b7438d9044
2,22,0,24,24,0,24,0,0,24,0,24,0,13,11,21,3,PARAMAKKUDI,6283,6492fcb9680216eb6c940a7b,2026-09-16T18:08:24.832Z,2026-27,RAMANATHAPURAM,63f9c441519359b7438d8e0d,24,0,0,2026-09-16T18:06:09.078Z,0,24,0,0,1,23,0,18,6,6aaadb18815951ad19d1c523,Soil Health Card RKVY,660f941a5c8405ca8375c7c6,TAMIL NADU,63f9be9f519359b7438d08bb,2026-09-16T18:08:24.832Z,Pambur,641929,63f9c45d519359b7438d90ad
12,100,1,111,112,0,112,0,1,111,0,73,39,43,69,92,20,PARAMAKKUDI,6283,6492fcb9680216eb6c940a7b,2026-09-10T18:12:36.885Z,2026-27,RAMANATHAPURAM,63f9c441519359b7438d8e0d,112,0,0,2026-09-16T18:06:09.078Z,0,112,0,0,0,112,22,12,78,6aa2f314dfa3538f38d2650f,Soil Health Card RKVY,660f941a5c8405ca8375c7c6,TAMIL NADU,63f9be9f519359b7438d08bb,2026-09-16T18:08:21.181Z,Vilatnur,641926,63f9c45d519359b7438d90b2
0,24,0,24,24,0,24,0,0,24,0,23,1,16,8,18,6,PARAMAKKUDI,6283,6492fcb9680216eb6c940a7b,2026-09-10T18:12:36.885Z,2026-27,RAMANATHAPURAM,63f9c441519359b7438d8e0d,24,0,0,2026-09-16T18:06:09.078Z,0,24,0,0,3,21,0,20,4,6aa2f314dfa3538f38d26510,Soil Health Card RKVY,660f941a5c8405ca8375c7c6,TAMIL NADU,63f9be9f519359b7438d08bb,2026-09-16T18:08:21.181Z,Thenpoduvakudi,641928,63f9c45d519359b7438d90b7
72,7,0,79,79,0,0,79,0,79,0,79,0,25,54,27,52,PARAMAKKUDI,6283,6492fcb9680216eb6c940a7b,2026-09-02T18:08:59.143Z,2026-27,RAMANATHAPURAM,63f9c441519359b7438d8e0d,79,0,0,2026-09-16T18:06:09.078Z,0,79,0,3,0,76,0,1,78,6a98663bc6fb74a8ae65b3fc,Soil Health Card RKVY,660f941a5c8405ca8375c7c6,TAMIL NADU,63f9be9f519359b7438d08bb,2026-09-16T18:08:21.181Z,Kulandapuri Arungulam,641896,63f9c45e519359b7438d90d0
94,6,0,100,100,0,100,0,0,100,0,100,0,0,100,31,69,PARAMAKKUDI,6283,6492fcb9680216eb6c940a7b,2026-09-02T18:08:59.143Z,2026-27,RAMANATHAPURAM,63f9c441519359b7438d8e0d,98,2,0,2026-09-16T18:06:09.078Z,0,100,0,0,0,100,5,28,67,6a98663bc6fb74a8ae65b3fd,Soil Health Card RKVY,660f941a5c8405ca8375c7c6,TAMIL NADU,63f9be9f519359b7438d08bb,2026-09-16T18:08:21.181Z,Valangudi,641903,63f9c45e519359b7438d90d5
2,0,0,2,2,0,1,1,0,2,0,2,0,1,1,1,1,PARAMAKKUDI,6283,6492fcb9680216eb6c940a7b,2026-09-09T18:08:01.612Z,2026-27,RAMANATHAPURAM,63f9c441519359b7438d8e0d,2,0,0,2026-09-16T18:06:09.078Z,0,2,0,0,0,2,0,1,1,6aa1a081a9301e4c4acd10e9,Soil Health Card RKVY,660f941a5c8405ca8375c7c6,TAMIL NADU,63f9be9f519359b7438d08bb,2026-09-16T18:08:21.181Z,Perungarai,641874,63f9c460519359b7438d90f8
131,19,0,150,148,2,38,112,8,142,0,150,0,60,90,59,91,PARAMAKKUDI,6283,6492fcb9680216eb6c940a7b,2026-09-08T18:04:10.736Z,2026-27,RAMANATHAPURAM,63f9c441519359b7438d8e0d,149,1,0,2026-09-16T18:06:09.078Z,0,150,0,0,3,147,0,0,150,6aa04e1a4fbfe3b4fac524e7,Soil Health Card RKVY,660f941a5c8405ca8375c7c6,TAMIL NADU,63f9be9f519359b7438d08bb,2026-09-16T18:08:21.181Z,Kamutnakudi,641877,63f9c460519359b7438d9102
90,10,0,100,96,4,61,39,27,73,0,100,0,38,62,41,59,PARAMAKKUDI,6283,6492fcb9680216eb6c940a7b,2026-09-15T18:09:34.211Z,2026-27,RAMANATHAPURAM,63f9c441519359b7438d8e0d,100,0,0,2026-09-16T18:06:09.078Z,0,100,0,0,1,99,0,0,100,6aa989de05ad99588db77b11,Soil Health Card RKVY,660f941a5c8405ca8375c7c6,TAMIL NADU,63f9be9f519359b7438d08bb,2026-09-16T18:08:21.181Z,Soodiyur,641865,63f9c461519359b7438d910c
242,18,0,260,247,13,23,237,0,260,14,200,46,2,258,254,6,RAJASINGAMANGALAM,6284,6492fcb9680216eb6c940a7d,2026-09-03T18:08:02.693Z,2026-27,RAMANATHAPURAM,63f9c441519359b7438d8e0d,260,0,0,2026-09-16T18:06:09.078Z,0,260,0,21,0,239,0,248,12,6a99b7820649dfa6ff11f3b9,Soil Health Card RKVY,660f941a5c8405ca8375c7c6,TAMIL NADU,63f9be9f519359b7438d08bb,2026-09-16T18:08:21.181Z,Gudalur,933582,63f9c48a519359b7438d94ce
21,0,0,21,21,0,6,15,0,21,0,19,2,0,21,9,12,RAJASINGAMANGALAM,6284,6492fcb9680216eb6c940a7d,2026-09-08T18:04:10.737Z,2026-27,RAMANATHAPURAM,63f9c441519359b7438d8e0d,21,0,0,2026-09-16T18:06:09.078Z,0,21,0,21,0,0,13,0,8,6aa04e1a4fbfe3b4fac524e9,Soil Health Card RKVY,660f941a5c8405ca8375c7c6,TAMIL NADU,63f9be9f519359b7438d08bb,2026-09-16T18:08:21.181Z,Anayarkottai,641822,63f9c492519359b7438d958c
84,16,0,100,100,0,0,100,0,100,0,100,0,0,100,99,1,RAMANATHAPURAM,6285,6492fcb9680216eb6c940a7f,2026-08-03T17:49:24.434Z,2026-27,RAMANATHAPURAM,63f9c441519359b7438d8e0d,100,0,0,2026-09-16T18:06:09.078Z,0,100,0,0,0,100,0,100,0,6a70d4a49922d3c3a0c03c3a,Soil Health Card RKVY,660f941a5c8405ca8375c7c6,TAMIL NADU,63f9be9f519359b7438d08bb,2026-09-16T18:08:21.181Z,Pullangudi,642107,63f9c487519359b7438d9484
70,30,0,100,99,1,0,100,1,99,0,100,0,0,100,100,0,RAMANATHAPURAM,6285,6492fcb9680216eb6c940a7f,2026-08-18T17:51:55.012Z,2026-27,RAMANATHAPURAM,63f9c441519359b7438d8e0d,100,0,0,2026-09-16T18:06:09.078Z,0,100,0,0,0,100,0,100,0,6a849bbb4086310a56a6c48c,Soil Health Card RKVY,660f941a5c8405ca8375c7c6,TAMIL NADU,63f9be9f519359b7438d08bb,2026-09-16T18:08:21.181Z,Kooriyur,642124,63f9c488519359b7438d9498
28,7,0,35,35,0,0,35,0,35,0,35,0,0,35,35,0,RAMANATHAPURAM,6285,6492fcb9680216eb6c940a7f,2026-08-03T17:49:24.434Z,2026-27,RAMANATHAPURAM,63f9c441519359b7438d8e0d,35,0,0,2026-09-16T18:06:09.078Z,0,35,0,0,0,35,0,35,0,6a70d4a49922d3c3a0c03c3b,Soil Health Card RKVY,660f941a5c8405ca8375c7c6,TAMIL NADU,63f9be9f519359b7438d08bb,2026-09-16T18:08:21.181Z,Kumariyendal,642104,63f9c489519359b7438d94b1
41,15,1,55,56,0,0,56,0,56,0,56,0,0,56,56,0,RAMANATHAPURAM,6285,6492fcb9680216eb6c940a7f,2026-08-18T17:51:55.012Z,2026-27,RAMANATHAPURAM,63f9c441519359b7438d8e0d,56,0,0,2026-09-16T18:06:09.078Z,0,56,0,0,0,56,0,56,0,6a849bbb4086310a56a6c48d,Soil Health Card RKVY,660f941a5c8405ca8375c7c6,TAMIL NADU,63f9be9f519359b7438d08bb,2026-09-16T18:08:21.181Z,Karendal,642106,63f9c489519359b7438d94b6
21,62,0,83,83,0,1,82,0,83,0,83,0,0,83,83,0,TIRUVADANAI,6287,6492fcb9680216eb6c940a83,2026-08-04T17:50:37.734Z,2026-27,RAMANATHAPURAM,63f9c441519359b7438d8e0d,83,0,0,2026-09-16T18:06:09.078Z,0,83,0,0,0,83,83,0,0,6a72266d707b2ec6eb4935e6,Soil Health Card RKVY,660f941a5c8405ca8375c7c6,TAMIL NADU,63f9be9f519359b7438d08bb,2026-09-16T18:08:21.181Z,Karungalagudi,641811,63f9c441519359b7438d8e12
81,19,0,100,100,0,0,100,0,100,0,100,0,0,100,100,0,TIRUVADANAI,6287,6492fcb9680216eb6c940a83,2026-08-18T17:51:55.011Z,2026-27,RAMANATHAPURAM,63f9c441519359b7438d8e0d,90,0,10,2026-09-16T18:06:09.078Z,0,100,0,0,0,100,81,0,19,6a849bbb4086310a56a6c48a,Soil Health Card RKVY,660f941a5c8405ca8375c7c6,TAMIL NADU,63f9be9f519359b7438d08bb,2026-09-16T18:08:21.181Z,Kulathur,641829,63f9c443519359b7438d8e49
2,98,0,100,78,22,3,97,0,100,0,100,0,3,97,100,0,TIRUVADANAI,6287,6492fcb9680216eb6c940a83,2026-08-03T17:49:24.433Z,2026-27,RAMANATHAPURAM,63f9c441519359b7438d8e0d,97,1,2,2026-09-16T18:06:09.078Z,0,100,0,72,3,25,96,1,3,6a70d4a49922d3c3a0c03c39,Soil Health Card RKVY,660f941a5c8405ca8375c7c6,TAMIL NADU,63f9be9f519359b7438d08bb,2026-09-16T18:08:21.181Z,Attur,641777,63f9c446519359b7438d8e8a
4,80,0,84,60,24,2,82,0,84,0,84,0,0,84,84,0,TIRUVADANAI,6287,6492fcb9680216eb6c940a83,2026-08-13T17:49:12.653Z,2026-27,RAMANATHAPURAM,63f9c441519359b7438d8e0d,58,1,25,2026-09-16T18:06:09.078Z,0,84,0,0,0,84,77,0,7,6a7e03985649bb3abb470b7f,Soil Health Card RKVY,660f941a5c8405ca8375c7c6,TAMIL NADU,63f9be9f519359b7438d08bb,2026-09-16T18:08:21.181Z,Kadambur,641769,63f9c447519359b7438d8e9e
15,83,0,98,98,0,0,98,0,98,0,98,0,66,32,97,1,TIRUVADANAI,6287,6492fcb9680216eb6c940a83,2026-07-20T17:48:21.247Z,2026-27,RAMANATHAPURAM,63f9c441519359b7438d8e0d,98,0,0,2026-09-16T18:06:09.078Z,0,98,0,8,0,90,65,0,33,6a5e5f655e1e1d31f8f1f916,Soil Health Card RKVY,660f941a5c8405ca8375c7c6,TAMIL NADU,63f9be9f519359b7438d08bb,2026-09-16T18:08:21.181Z,Sekkanthidal,641814,63f9c449519359b7438d8ed0
1,92,0,93,70,23,0,93,0,93,0,93,0,0,93,93,0,TIRUVADANAI,6287,6492fcb9680216eb6c940a83,2026-07-29T17:44:47.549Z,2026-27,RAMANATHAPURAM,63f9c441519359b7438d8e0d,93,0,0,2026-09-16T18:06:09.078Z,0,93,0,13,0,80,92,1,0,6a6a3c0f7f7a8f4013821d00,Soil Health Card RKVY,660f941a5c8405ca8375c7c6,TAMIL NADU,63f9be9f519359b7438d08bb,2026-09-16T18:08:21.181Z,Kookudi,641773,63f9c44d519359b7438d8f34
1,0,0,1,1,0,0,1,0,1,0,1,0,0,1,1,0,TIRUVADANAI,6287,6492fcb9680216eb6c940a83,2026-08-18T17:51:55.011Z,2026-27,RAMANATHAPURAM,63f9c441519359b7438d8e0d,1,0,0,2026-09-16T18:06:09.078Z,0,1,0,0,0,1,1,0,0,6a849bbb4086310a56a6c48b,Soil Health Card RKVY,660f941a5c8405ca8375c7c6,TAMIL NADU,63f9be9f519359b7438d08bb,2026-09-16T18:08:21.181Z,Palangulam,641768,63f9c44d519359b7438d8f43
21,9,0,30,30,0,30,0,30,0,0,30,0,6,24,3,27,NEMILI,6446,6492fcba680216eb6c940a87,2026-09-11T18:14:53.301Z,2026-27,Ranipet,63f9cd2f519359b7438e5d24,0,9,21,2026-09-16T18:06:09.078Z,0,30,0,0,0,30,16,0,14,6aa4451dbe4706ff667e9543,Soil Health Card RKVY,660f941a5c8405ca8375c7c6,TAMIL NADU,63f9be9f519359b7438d08bb,2026-09-16T18:08:21.181Z,Murungai,630630,63f9cd49519359b7438e5f60
21,13,0,34,34,0,34,0,34,0,0,34,0,5,29,2,32,NEMILI,6446,6492fcba680216eb6c940a87,2026-09-11T18:14:53.301Z,2026-27,Ranipet,63f9cd2f519359b7438e5d24,0,16,18,2026-09-16T18:06:09.078Z,0,34,0,0,0,34,18,1,15,6aa4451dbe4706ff667e9544,Soil Health Card RKVY,660f941a5c8405ca8375c7c6,TAMIL NADU,63f9be9f519359b7438d08bb,2026-09-16T18:08:21.181Z,Arumbakkam,630616,63f9cd66519359b7438e61da
0,15,0,15,14,1,0,15,0,15,0,15,0,6,9,5,10,KONGANAPURAM,6294,6492fcba680216eb6c940a99,2026-08-25T17:49:02.138Z,2026-27,SALEM,63f9c497519359b7438d9614,5,0,10,2026-09-16T18:06:09.078Z,0,15,0,0,0,15,6,0,9,6a8dd58e23717158623c4fc4,Soil Health Card RKVY,660f941a5c8405ca8375c7c6,TAMIL NADU,63f9be9f519359b7438d08bb,2026-09-16T18:08:21.181Z,Koranampatti,633900,63f9c4b2519359b7438d989d
2,10,0,12,12,0,0,12,0,12,0,12,0,7,5,4,8,KONGANAPURAM,6294,6492fcba680216eb6c940a99,2026-08-25T17:49:02.138Z,2026-27,SALEM,63f9c497519359b7438d9614,1,1,10,2026-09-16T18:06:09.078Z,0,12,0,0,0,12,3,2,7,6a8dd58e23717158623c4fc5,Soil Health Card RKVY,660f941a5c8405ca8375c7c6,TAMIL NADU,63f9be9f519359b7438d08bb,2026-09-16T18:08:21.181Z,Vellalapuram,633898,63f9c4b4519359b7438d98c0
0,7,0,7,7,0,0,7,0,7,0,7,0,0,7,0,7,KONGANAPURAM,6294,6492fcba680216eb6c940a99,2026-08-25T17:49:02.138Z,2026-27,SALEM,63f9c497519359b7438d9614,3,0,4,2026-09-16T18:06:09.078Z,0,7,0,0,1,6,5,0,2,6a8dd58e23717158623c4fc6,Soil Health Card RKVY,660f941a5c8405ca8375c7c6,TAMIL NADU,63f9be9f519359b7438d08bb,2026-09-16T18:08:21.181Z,Kachchippalli,633899,63f9c4b6519359b7438d9901
0,4,0,4,4,0,0,4,0,4,0,4,0,2,2,2,2,KONGANAPURAM,6294,6492fcba680216eb6c940a99,2026-08-25T17:49:02.138Z,2026-27,SALEM,63f9c497519359b7438d9614,2,0,2,2026-09-16T18:06:09.078Z,0,4,0,0,1,3,2,0,2,6a8dd58e23717158623c4fc7,Soil Health Card RKVY,660f941a5c8405ca8375c7c6,TAMIL NADU,63f9be9f519359b7438d08bb,2026-09-16T18:08:21.181Z,Konasamudram,633901,63f9c4b7519359b7438d9906
7,40,0,47,47,0,0,47,1,46,0,47,0,7,40,15,32,KOLATHUR,6293,6492fcbb680216eb6c940aa1,2026-08-28T17:53:48.065Z,2026-27,SALEM,63f9c497519359b7438d9614,20,5,22,2026-09-16T18:06:09.078Z,0,47,0,0,0,47,38,0,9,6a91cb2c5c17f4f3a547d9ad,Soil Health Card RKVY,660f941a5c8405ca8375c7c6,TAMIL NADU,63f9be9f519359b7438d08bb,2026-09-16T18:08:21.181Z,Thinnappatti,633756,63f9c497519359b7438d961e
0,8,0,8,8,0,0,8,0,8,0,8,0,2,6,5,3,KOLATHUR,6293,6492fcbb680216eb6c940aa1,2026-08-28T17:53:48.065Z,2026-27,SALEM,63f9c497519359b7438d9614,3,0,5,2026-09-16T18:06:09.078Z,0,8,0,0,0,8,3,0,5,6a91cb2c5c17f4f3a547d9ae,Soil Health Card RKVY,660f941a5c8405ca8375c7c6,TAMIL NADU,63f9be9f519359b7438d08bb,2026-09-16T18:08:21.181Z,Moolakkadu,633771,63f9c49a519359b7438d965f
0,7,0,7,7,0,0,7,0,7,0,7,0,2,5,5,2,KOLATHUR,6293,6492fcbb680216eb6c940aa1,2026-08-04T17:50:37.735Z,2026-27,SALEM,63f9c497519359b7438d9614,5,0,2,2026-09-16T18:06:09.078Z,0,7,0,0,0,7,2,1,4,6a72266d707b2ec6eb4935e7,Soil Health Card RKVY,660f941a5c8405ca8375c7c6,TAMIL NADU,63f9be9f519359b7438d08bb,2026-09-16T18:08:21.181Z,Kolnaikenpatti,633775,63f9c49a519359b7438d9664
6,21,0,27,27,0,0,27,1,26,0,27,0,2,25,3,24,KOLATHUR,6293,6492fcbb680216eb6c940aa1,2026-09-01T17:56:44.436Z,2026-27,SALEM,63f9c497519359b7438d9614,10,3,14,2026-09-16T18:06:09.078Z,0,27,0,0,0,27,20,0,7,6a9711dc0fb5ed24f8eeec48,Soil Health Card RKVY,660f941a5c8405ca8375c7c6,TAMIL NADU,63f9be9f519359b7438d08bb,2026-09-16T18:08:21.181Z,Kannamoochi,633770,63f9c49b519359b7438d9678
0,44,0,44,44,0,0,44,0,44,0,44,0,17,27,13,31,KOLATHUR,6293,6492fcbb680216eb6c940aa1,2026-08-31T17:56:56.031Z,2026-27,SALEM,63f9c497519359b7438d9614,26,0,18,2026-09-16T18:06:09.078Z,0,44,0,0,0,44,43,0,1,6a95c068700f6639f442888f,Soil Health Card RKVY,660f941a5c8405ca8375c7c6,TAMIL NADU,63f9be9f519359b7438d08bb,2026-09-16T18:08:21.181Z,Alamarathupatti,633768,63f9c49c519359b7438d968c
2,14,0,16,16,0,0,16,0,16,0,16,0,6,10,6,10,KOLATHUR,6293,6492fcbb680216eb6c940aa1,2026-08-28T17:53:48.066Z,2026-27,SALEM,63f9c497519359b7438d9614,4,0,12,2026-09-16T18:06:09.078Z,0,16,0,0,0,16,11,0,5,6a91cb2c5c17f4f3a547d9af,Soil Health Card RKVY,660f941a5c8405ca8375c7c6,TAMIL NADU,63f9be9f519359b7438d08bb,2026-09-16T18:08:21.181Z,Kolathur,933059,63f9c49c519359b7438d969b
2,14,0,16,16,0,0,16,0,16,0,16,0,7,9,5,11,KOLATHUR,6293,6492fcbb680216eb6c940aa1,2026-08-28T17:53:48.066Z,2026-27,SALEM,63f9c497519359b7438d9614,8,0,8,2026-09-16T18:06:09.078Z,0,16,0,0,0,16,4,1,11,6a91cb2c5c17f4f3a547d9b0,Soil Health Card RKVY,660f941a5c8405ca8375c7c6,TAMIL NADU,63f9be9f519359b7438d08bb,2026-09-16T18:08:21.181Z,Sampalli,633772,63f9c4a0519359b7438d9704
3,5,0,8,8,0,0,8,0,8,0,8,0,2,6,2,6,KOLATHUR,6293,6492fcbb680216eb6c940aa1,2026-08-28T17:53:48.066Z,2026-27,SALEM,63f9c497519359b7438d9614,5,0,3,2026-09-16T18:06:09.078Z,0,8,0,0,0,8,3,0,5,6a91cb2c5c17f4f3a547d9b1,Soil Health Card RKVY,660f941a5c8405ca8375c7c6,TAMIL NADU,63f9be9f519359b7438d08bb,2026-09-16T18:08:21.181Z,Palamalai,633773,63f9c4a1519359b7438d9709
0,34,0,34,34,0,0,34,0,34,0,34,0,11,23,19,15,KOLATHUR,6293,6492fcbb680216eb6c940aa1,2026-08-04T17:50:37.736Z,2026-27,SALEM,63f9c497519359b7438d9614,17,1,16,2026-09-16T18:06:09.078Z,0,34,0,0,0,34,16,1,17,6a72266d707b2ec6eb4935e8,Soil Health Card RKVY,660f941a5c8405ca8375c7c6,TAMIL NADU,63f9be9f519359b7438d08bb,2026-09-16T18:08:21.181Z,Navappatti,633774,63f9c4a1519359b7438d970e
15,36,0,51,51,0,0,51,1,50,0,51,0,1,50,9,42,KOLATHUR,6293,6492fcbb680216eb6c940aa1,2026-09-02T18:08:59.144Z,2026-27,SALEM,63f9c497519359b7438d9614,13,5,33,2026-09-16T18:06:09.078Z,0,51,0,0,0,51,50,0,1,6a98663bc6fb74a8ae65b3ff,Soil Health Card RKVY,660f941a5c8405ca8375c7c6,TAMIL NADU,63f9be9f519359b7438d08bb,2026-09-16T18:08:21.181Z,Kaveripuram North,633754,63f9c4a1519359b7438d9718
0,4,0,4,4,0,0,4,0,4,0,4,0,2,2,1,3,MECHERI,6296,6492fcbb680216eb6c940aa3,2026-09-15T18:09:34.214Z,2026-27,SALEM,63f9c497519359b7438d9614,0,0,4,2026-09-16T18:06:09.078Z,0,4,0,0,0,4,3,0,1,6aa989de05ad99588db77b17,Soil Health Card RKVY,660f941a5c8405ca8375c7c6,TAMIL NADU,63f9be9f519359b7438d08bb,2026-09-16T18:08:21.181Z,Thethigiripatti,633761,63f9c49b519359b7438d967d
1,3,0,4,4,0,0,4,0,4,0,4,0,2,2,1,3,MECHERI,6296,6492fcbb680216eb6c940aa3,2026-09-15T18:09:34.214Z,2026-27,SALEM,63f9c497519359b7438d9614,1,0,3,2026-09-16T18:06:09.078Z,0,4,0,0,0,4,1,0,3,6aa989de05ad99588db77b18,Soil Health Card RKVY,660f941a5c8405ca8375c7c6,TAMIL NADU,63f9be9f519359b7438d08bb,2026-09-16T18:08:21.181Z,Vellar,633762,63f9c49c519359b7438d9691
0,1,0,1,1,0,0,1,0,1,0,1,0,0,1,1,0,MECHERI,6296,6492fcbb680216eb6c940aa3,2026-09-15T18:09:34.214Z,2026-27,SALEM,63f9c497519359b7438d9614,0,0,1,2026-09-16T18:06:09.078Z,0,1,0,0,0,1,1,0,0,6aa989de05ad99588db77b1b,Soil Health Card RKVY,660f941a5c8405ca8375c7c6,TAMIL NADU,63f9be9f519359b7438d08bb,2026-09-16T18:08:21.181Z,Olaipatti,633784,63f9c49f519359b7438d96d7
0,1,0,1,1,0,0,1,0,1,0,1,0,1,0,0,1,MECHERI,6296,6492fcbb680216eb6c940aa3,2026-09-15T18:09:34.215Z,2026-27,SALEM,63f9c497519359b7438d9614,0,0,1,2026-09-16T18:06:09.078Z,0,1,0,0,0,1,0,0,1,6aa989de05ad99588db77b1c,Soil Health Card RKVY,660f941a5c8405ca8375c7c6,TAMIL NADU,63f9be9f519359b7438d08bb,2026-09-16T18:08:21.181Z,Bukkampatti,633763,63f9c4a0519359b7438d96f5
0,10,0,10,10,0,0,10,0,10,0,10,0,1,9,3,7,NANGAVALLI,6297,6492fcbb680216eb6c940aa5,2026-09-15T18:09:34.213Z,2026-27,SALEM,63f9c497519359b7438d9614,4,0,6,2026-09-16T18:06:09.078Z,0,10,0,0,0,10,10,0,0,6aa989de05ad99588db77b14,Soil Health Card RKVY,660f941a5c8405ca8375c7c6,TAMIL NADU,63f9be9f519359b7438d08bb,2026-09-16T18:08:21.181Z,Gonur West - ,933100,63f9c499519359b7438d963c
5,5,0,10,10,0,0,10,0,10,0,10,0,7,3,4,6,NANGAVALLI,6297,6492fcbb680216eb6c940aa5,2026-09-15T18:09:34.213Z,2026-27,SALEM,63f9c497519359b7438d9614,0,0,10,2026-09-16T18:06:09.078Z,0,10,0,0,0,10,1,3,6,6aa989de05ad99588db77b15,Soil Health Card RKVY,660f941a5c8405ca8375c7c6,TAMIL NADU,63f9be9f519359b7438d08bb,2026-09-16T18:08:21.181Z,Nangavalli - ,933050,63f9c499519359b7438d9641
0,9,0,9,9,0,0,9,0,9,0,9,0,3,6,3,6,NANGAVALLI,6297,6492fcbb680216eb6c940aa5,2026-09-15T18:09:34.213Z,2026-27,SALEM,63f9c497519359b7438d9614,5,0,4,2026-09-16T18:06:09.078Z,0,9,0,0,0,9,9,0,0,6aa989de05ad99588db77b16,Soil Health Card RKVY,660f941a5c8405ca8375c7c6,TAMIL NADU,63f9be9f519359b7438d08bb,2026-09-16T18:08:21.181Z,Veerakkal,633776,63f9c49b519359b7438d9673
0,9,0,9,9,0,0,9,0,9,0,9,0,5,4,7,2,NANGAVALLI,6297,6492fcbb680216eb6c940aa5,2026-09-15T18:09:34.214Z,2026-27,SALEM,63f9c497519359b7438d9614,2,0,7,2026-09-16T18:06:09.078Z,0,9,0,0,0,9,3,0,6,6aa989de05ad99588db77b19,Soil Health Card RKVY,660f941a5c8405ca8375c7c6,TAMIL NADU,63f9be9f519359b7438d08bb,2026-09-16T18:08:21.181Z,Avadattur (CT),633798,63f9c49e519359b7438d96be
6,5,0,11,11,0,0,11,0,11,0,11,0,8,3,5,6,NANGAVALLI,6297,6492fcbb680216eb6c940aa5,2026-09-15T18:09:34.214Z,2026-27,SALEM,63f9c497519359b7438d9614,0,0,11,2026-09-16T18:06:09.078Z,0,11,0,0,0,11,0,4,7,6aa989de05ad99588db77b1a,Soil Health Card RKVY,660f941a5c8405ca8375c7c6,TAMIL NADU,63f9be9f519359b7438d08bb,2026-09-16T18:08:21.181Z,Chinnasoragai,633787,63f9c49e519359b7438d96c8
2,10,0,12,12,0,0,12,0,12,0,12,0,2,10,4,8,VEERAPANDI,6306,6492fcbb680216eb6c940aad,2026-09-09T18:08:01.614Z,2026-27,SALEM,63f9c497519359b7438d9614,6,0,6,2026-09-16T18:06:09.078Z,0,12,0,0,0,12,12,0,0,6aa1a081a9301e4c4acd10ea,Soil Health Card RKVY,660f941a5c8405ca8375c7c6,TAMIL NADU,63f9be9f519359b7438d08bb,2026-09-16T18:08:21.181Z,Keeraipappambadi,633958,63f9c50d519359b7438da111
0,4,0,4,4,0,0,4,0,4,0,4,0,2,2,1,3,VEERAPANDI,6306,6492fcbb680216eb6c940aad,2026-09-09T18:08:01.614Z,2026-27,SALEM,63f9c497519359b7438d9614,1,0,3,2026-09-16T18:06:09.078Z,0,4,0,0,0,4,4,0,0,6aa1a081a9301e4c4acd10eb,Soil Health Card RKVY,660f941a5c8405ca8375c7c6,TAMIL NADU,63f9be9f519359b7438d08bb,2026-09-16T18:08:21.181Z,Nayakkanpatti,633994,63f9c50e519359b7438da12f
0,6,0,6,6,0,0,6,0,6,0,6,0,0,6,1,5,VEERAPANDI,6306,6492fcbb680216eb6c940aad,2026-09-09T18:08:01.614Z,2026-27,SALEM,63f9c497519359b7438d9614,3,0,3,2026-09-16T18:06:09.078Z,0,6,0,0,0,6,6,0,0,6aa1a081a9301e4c4acd10ec,Soil Health Card RKVY,660f941a5c8405ca8375c7c6,TAMIL NADU,63f9be9f519359b7438d08bb,2026-09-16T18:08:21.181Z,Pumandapatti,633987,63f9c50f519359b7438da152
0,3,0,3,3,0,0,3,0,3,0,3,0,0,3,1,2,VEERAPANDI,6306,6492fcbb680216eb6c940aad,2026-09-09T18:08:01.614Z,2026-27,SALEM,63f9c497519359b7438d9614,1,0,2,2026-09-16T18:06:09.078Z,0,3,0,0,0,3,3,0,0,6aa1a081a9301e4c4acd10ed,Soil Health Card RKVY,660f941a5c8405ca8375c7c6,TAMIL NADU,63f9be9f519359b7438d08bb,2026-09-16T18:08:21.181Z,Murungapatti,633993,63f9c510519359b7438da16b
4,4,0,8,8,0,0,8,0,8,0,8,0,0,8,2,6,VEERAPANDI,6306,6492fcbb680216eb6c940aad,2026-09-09T18:08:01.614Z,2026-27,SALEM,63f9c497519359b7438d9614,8,0,0,2026-09-16T18:06:09.078Z,0,8,0,0,0,8,8,0,0,6aa1a081a9301e4c4acd10ee,Soil Health Card RKVY,660f941a5c8405ca8375c7c6,TAMIL NADU,63f9be9f519359b7438d08bb,2026-09-16T18:08:21.181Z,Nallampatti,633995,63f9c510519359b7438da170
3,4,0,7,7,0,0,7,0,7,0,7,0,0,7,2,5,VEERAPANDI,6306,6492fcbb680216eb6c940aad,2026-09-09T18:08:01.614Z,2026-27,SALEM,63f9c497519359b7438d9614,7,0,0,2026-09-16T18:06:09.078Z,0,7,0,0,0,7,7,0,0,6aa1a081a9301e4c4acd10ef,Soil Health Card RKVY,660f941a5c8405ca8375c7c6,TAMIL NADU,63f9be9f519359b7438d08bb,2026-09-16T18:08:21.181Z,Thunbathulipatti,634001,63f9c511519359b7438da17a
0,1,0,1,1,0,0,1,0,1,0,1,0,0,1,0,1,MACDONALDS CHOULTRY,6295,6492fcbb680216eb6c940ab1,2026-08-25T17:49:02.138Z,2026-27,SALEM,63f9c497519359b7438d9614,0,0,1,2026-09-16T18:06:09.078Z,0,1,0,0,0,1,1,0,0,6a8dd58e23717158623c4fc8,Soil Health Card RKVY,660f941a5c8405ca8375c7c6,TAMIL NADU,63f9be9f519359b7438d08bb,2026-09-16T18:08:21.181Z,Vaikuntam,633922,63f9c4b8519359b7438d9924
1,7,0,8,8,0,0,8,0,8,0,8,0,1,7,1,7,MACDONALDS CHOULTRY,6295,6492fcbb680216eb6c940ab1,2026-08-25T17:49:02.138Z,2026-27,SALEM,63f9c497519359b7438d9614,0,0,8,2026-09-16T18:06:09.078Z,0,8,0,0,0,8,8,0,0,6a8dd58e23717158623c4fc9,Soil Health Card RKVY,660f941a5c8405ca8375c7c6,TAMIL NADU,63f9be9f519359b7438d08bb,2026-09-16T18:08:21.181Z,Eranapuram (CT),633957,63f9c4b9519359b7438d994c
0,9,0,9,9,0,0,9,0,9,0,9,0,1,8,6,3,MACDONALDS CHOULTRY,6295,6492fcbb680216eb6c940ab1,2026-08-25T17:49:02.138Z,2026-27,SALEM,63f9c497519359b7438d9614,1,0,8,2026-09-16T18:06:09.078Z,0,9,0,0,0,9,4,0,5,6a8dd58e23717158623c4fca,Soil Health Card RKVY,660f941a5c8405ca8375c7c6,TAMIL NADU,63f9be9f519359b7438d08bb,2026-09-16T18:08:21.181Z,Idanganasalai Bit1,931947,63f9c4ba519359b7438d9956
0,4,0,4,4,0,0,4,0,4,0,4,0,0,4,0,4,MACDONALDS CHOULTRY,6295,6492fcbb680216eb6c940ab1,2026-08-24T17:50:38.306Z,2026-27,SALEM,63f9c497519359b7438d9614,1,0,3,2026-09-16T18:06:09.078Z,0,4,0,0,0,4,2,0,2,6a8c846e2ce21ef285530e14,Soil Health Card RKVY,660f941a5c8405ca8375c7c6,TAMIL NADU,63f9be9f519359b7438d08bb,2026-09-16T18:08:21.181Z,Naduvaneri (CT),633956,63f9c4bf519359b7438d99e7
0,1,0,1,1,0,0,1,0,1,0,1,0,0,1,0,1,MACDONALDS CHOULTRY,6295,6492fcbb680216eb6c940ab1,2026-08-24T17:50:38.306Z,2026-27,SALEM,63f9c497519359b7438d9614,0,0,1,2026-09-16T18:06:09.078Z,0,1,0,0,0,1,0,0,1,6a8c846e2ce21ef285530e15,Soil Health Card RKVY,660f941a5c8405ca8375c7c6,TAMIL NADU,63f9be9f519359b7438d08bb,2026-09-16T18:08:21.181Z,Kandarakulamanickam,633920,63f9c4c1519359b7438d9a05
0,3,0,3,3,0,0,3,0,3,0,3,0,2,1,0,3,MACDONALDS CHOULTRY,6295,6492fcbb680216eb6c940ab1,2026-08-25T17:49:02.138Z,2026-27,SALEM,63f9c497519359b7438d9614,0,0,3,2026-09-16T18:06:09.078Z,0,3,0,0,0,3,0,0,3,6a8dd58e23717158623c4fcb,Soil Health Card RKVY,660f941a5c8405ca8375c7c6,TAMIL NADU,63f9be9f519359b7438d08bb,2026-09-16T18:08:21.181Z,Idanganasalai Bit2,931951,63f9c4c2519359b7438d9a19
36,44,0,80,80,0,15,65,35,45,0,80,0,66,14,66,14,KANNANKUDI,6312,6492fcbc680216eb6c940abd,2026-09-03T18:08:02.695Z,2026-27,SIVAGANGA,63f9c52a519359b7438da3d7,71,0,9,2026-09-16T18:06:09.078Z,0,80,0,4,0,76,4,27,49,6a99b7820649dfa6ff11f3bc,Soil Health Card RKVY,660f941a5c8405ca8375c7c6,TAMIL NADU,63f9be9f519359b7438d08bb,2026-09-16T18:08:21.181Z,Kandiyur,640140,63f9c54c519359b7438da714
13,12,0,24,25,0,0,25,0,25,0,24,1,0,25,25,0,KANNANKUDI,6312,6492fcbc680216eb6c940abd,2026-09-16T18:08:24.836Z,2026-27,SIVAGANGA,63f9c52a519359b7438da3d7,9,1,15,2026-09-16T18:06:09.078Z,0,25,0,0,0,25,0,21,4,6aaadb18815951ad19d1c524,Soil Health Card RKVY,660f941a5c8405ca8375c7c6,TAMIL NADU,63f9be9f519359b7438d08bb,2026-09-16T18:08:24.836Z,Naranamangalam,640139,63f9c54c519359b7438da719
119,34,0,152,153,0,6,147,8,145,0,104,49,77,76,149,4,KANNANKUDI,6312,6492fcbc680216eb6c940abd,2026-09-02T18:08:59.146Z,2026-27,SIVAGANGA,63f9c52a519359b7438da3d7,125,0,28,2026-09-16T18:06:09.078Z,0,153,0,61,0,92,58,20,75,6a98663bc6fb74a8ae65b402,Soil Health Card RKVY,660f941a5c8405ca8375c7c6,TAMIL NADU,63f9be9f519359b7438d08bb,2026-09-16T18:08:21.181Z,Theralappur,640155,63f9c554519359b7438da7c8
0,5,0,5,2,3,0,5,0,5,0,5,0,0,5,5,0,KANNANKUDI,6312,6492fcbc680216eb6c940abd,2026-08-13T17:49:12.654Z,2026-27,SIVAGANGA,63f9c52a519359b7438da3d7,2,0,3,2026-09-16T18:06:09.078Z,0,5,0,0,0,5,3,0,2,6a7e03985649bb3abb470b80,Soil Health Card RKVY,660f941a5c8405ca8375c7c6,TAMIL NADU,63f9be9f519359b7438d08bb,2026-09-16T18:08:21.181Z,Iravucheri,640153,63f9c554519359b7438da7cd
0,50,0,50,50,0,26,24,31,19,0,50,0,42,8,33,17,KANNANKUDI,6312,6492fcbc680216eb6c940abd,2026-09-11T18:14:53.283Z,2026-27,SIVAGANGA,63f9c52a519359b7438da3d7,42,0,8,2026-09-16T18:06:09.078Z,0,50,0,50,0,0,0,23,27,6aa4451dbe4706ff667e9534,Soil Health Card RKVY,660f941a5c8405ca8375c7c6,TAMIL NADU,63f9be9f519359b7438d08bb,2026-09-16T18:08:21.181Z,Kodakkudi,640142,63f9c555519359b7438da7eb
92,95,12,175,187,0,1,186,1,186,1,185,1,2,185,187,0,KALLAL,6311,6492fcbc680216eb6c940abf,2026-08-25T17:49:02.138Z,2026-27,SIVAGANGA,63f9c52a519359b7438da3d7,103,1,83,2026-09-16T18:06:09.078Z,0,142,45,0,0,187,117,27,43,6a8dd58e23717158623c4fcc,Soil Health Card RKVY,660f941a5c8405ca8375c7c6,TAMIL NADU,63f9be9f519359b7438d08bb,2026-09-16T18:08:21.181Z,Keelapattamangalam,640054,63f9c52b519359b7438da3eb
21,76,0,97,96,1,21,76,0,97,3,67,27,0,97,33,64,KALLAL,6311,6492fcbc680216eb6c940abf,2026-09-02T18:08:59.145Z,2026-27,SIVAGANGA,63f9c52a519359b7438da3d7,97,0,0,2026-09-16T18:06:09.078Z,0,97,0,31,0,66,82,0,15,6a98663bc6fb74a8ae65b400,Soil Health Card RKVY,660f941a5c8405ca8375c7c6,TAMIL NADU,63f9be9f519359b7438d08bb,2026-09-16T18:08:21.181Z,Thenkarai,640025,63f9c52d519359b7438da427
52,65,0,117,117,0,0,117,0,117,0,100,17,27,90,2,115,KALLAL,6311,6492fcbc680216eb6c940abf,2026-09-09T18:08:01.615Z,2026-27,SIVAGANGA,63f9c52a519359b7438da3d7,117,0,0,2026-09-16T18:06:09.078Z,1,111,5,117,0,0,114,0,3,6aa1a081a9301e4c4acd10f0,Soil Health Card RKVY,660f941a5c8405ca8375c7c6,TAMIL NADU,63f9be9f519359b7438d08bb,2026-09-16T18:08:21.181Z,Malaikandan,640120,63f9c536519359b7438da50a
0,1,0,1,1,0,0,1,0,1,0,1,0,0,1,0,1,KALLAL,6311,6492fcbc680216eb6c940abf,2026-09-03T18:08:02.695Z,2026-27,SIVAGANGA,63f9c52a519359b7438da3d7,1,0,0,2026-09-16T18:06:09.078Z,0,0,1,1,0,0,1,0,0,6a99b7820649dfa6ff11f3ba,Soil Health Card RKVY,660f941a5c8405ca8375c7c6,TAMIL NADU,63f9be9f519359b7438d08bb,2026-09-16T18:08:21.181Z,Veppankulam,640112,63f9c539519359b7438da541
2,119,0,121,121,0,1,120,0,121,0,115,6,3,118,1,120,KALLAL,6311,6492fcbc680216eb6c940abf,2026-09-07T18:11:10.116Z,2026-27,SIVAGANGA,63f9c52a519359b7438da3d7,121,0,0,2026-09-16T18:06:09.078Z,0,94,27,30,0,91,120,0,1,6a9efe3e96c54e28dc2b1f18,Soil Health Card RKVY,660f941a5c8405ca8375c7c6,TAMIL NADU,63f9be9f519359b7438d08bb,2026-09-16T18:08:21.181Z,Alampattu,640114,63f9c53d519359b7438da5aa
0,96,0,96,96,0,0,96,0,96,2,92,2,0,96,13,83,KALLAL,6311,6492fcbc680216eb6c940abf,2026-09-03T18:08:02.695Z,2026-27,SIVAGANGA,63f9c52a519359b7438da3d7,95,1,0,2026-09-16T18:06:09.078Z,0,71,25,16,0,80,87,0,9,6a99b7820649dfa6ff11f3bb,Soil Health Card RKVY,660f941a5c8405ca8375c7c6,TAMIL NADU,63f9be9f519359b7438d08bb,2026-09-16T18:08:21.181Z,Vetriyur,640121,63f9c53e519359b7438da5b9
5,128,0,133,133,0,0,133,0,133,0,133,0,43,90,91,42,ILAYANKUDI,6309,6492fcbc680216eb6c940ac1,2026-09-11T18:14:53.284Z,2026-27,SIVAGANGA,63f9c52a519359b7438da3d7,133,0,0,2026-09-16T18:06:09.078Z,0,133,0,0,0,133,133,0,0,6aa4451dbe4706ff667e9535,Soil Health Card RKVY,660f941a5c8405ca8375c7c6,TAMIL NADU,63f9be9f519359b7438d08bb,2026-09-16T18:08:21.181Z,Katchathanallur,640478,63f9c56e519359b7438daa35
1,309,0,310,310,0,0,310,0,310,0,310,0,63,247,307,3,ILAYANKUDI,6309,6492fcbc680216eb6c940ac1,2026-09-03T18:08:02.696Z,2026-27,SIVAGANGA,63f9c52a519359b7438da3d7,309,1,0,2026-09-16T18:06:09.078Z,0,310,0,0,0,310,309,1,0,6a99b7820649dfa6ff11f3be,Soil Health Card RKVY,660f941a5c8405ca8375c7c6,TAMIL NADU,63f9be9f519359b7438d08bb,2026-09-16T18:08:21.181Z,Keelayur,640462,63f9c570519359b7438daa5d
6,44,0,50,50,0,0,50,0,50,0,50,0,2,48,49,1,ILAYANKUDI,6309,6492fcbc680216eb6c940ac1,2026-06-23T18:03:36.407Z,2026-27,SIVAGANGA,63f9c52a519359b7438da3d7,28,0,22,2026-09-16T18:06:09.078Z,0,50,0,0,0,50,0,21,29,6a3aca78c085490c83976f12,Soil Health Card RKVY,660f941a5c8405ca8375c7c6,TAMIL NADU,63f9be9f519359b7438d08bb,2026-09-16T18:08:21.181Z,Valayanendal,640458,63f9c570519359b7438daa67
0,50,0,50,50,0,0,50,0,50,0,50,0,0,50,50,0,ILAYANKUDI,6309,6492fcbc680216eb6c940ac1,2026-06-18T18:06:11.663Z,2026-27,SIVAGANGA,63f9c52a519359b7438da3d7,0,0,50,2026-09-16T18:06:09.078Z,0,50,0,0,0,50,1,28,21,6a343393a6092e046bf460c2,Soil Health Card RKVY,660f941a5c8405ca8375c7c6,TAMIL NADU,63f9be9f519359b7438d08bb,2026-09-16T18:08:21.181Z,Nagamuganthankudi,640447,63f9c576519359b7438daaf3
49,51,0,100,82,18,0,100,0,100,0,57,43,70,30,100,0,MANAMADURAI,6313,6492fcbc680216eb6c940ac3,2026-09-02T18:08:59.146Z,2026-27,SIVAGANGA,63f9c52a519359b7438da3d7,92,0,8,2026-09-16T18:06:09.078Z,0,100,0,0,18,82,7,23,70,6a98663bc6fb74a8ae65b403,Soil Health Card RKVY,660f941a5c8405ca8375c7c6,TAMIL NADU,63f9be9f519359b7438d08bb,2026-09-16T18:08:21.181Z,Idaikkattur,640320,63f9c559519359b7438da842
5,50,1,54,55,0,44,11,14,41,0,46,9,12,43,20,35,MANAMADURAI,6313,6492fcbc680216eb6c940ac3,2026-09-09T18:08:01.616Z,2026-27,SIVAGANGA,63f9c52a519359b7438da3d7,53,1,1,2026-09-16T18:06:09.078Z,0,55,0,0,0,55,13,19,23,6aa1a081a9301e4c4acd10f1,Soil Health Card RKVY,660f941a5c8405ca8375c7c6,TAMIL NADU,63f9be9f519359b7438d08bb,2026-09-16T18:08:21.181Z,Vilathur,640406,63f9c567519359b7438da98e
5,20,0,25,25,0,0,25,0,25,0,25,0,0,25,21,4,MANAMADURAI,6313,6492fcbc680216eb6c940ac3,2026-07-02T17:44:48.667Z,2026-27,SIVAGANGA,63f9c52a519359b7438da3d7,23,0,2,2026-09-16T18:06:09.078Z,0,25,0,0,0,25,0,0,25,6a46a39017f1edec937c83b7,Soil Health Card RKVY,660f941a5c8405ca8375c7c6,TAMIL NADU,63f9be9f519359b7438d08bb,2026-09-16T18:08:21.181Z,Arimandapam,640423,63f9c568519359b7438da9ac
58,39,1,96,50,47,0,97,0,97,0,74,23,26,71,97,0,MANAMADURAI,6313,6492fcbc680216eb6c940ac3,2026-09-02T18:08:59.146Z,2026-27,SIVAGANGA,63f9c52a519359b7438da3d7,20,65,12,2026-09-16T18:06:09.078Z,0,97,0,47,5,45,0,77,20,6a98663bc6fb74a8ae65b405,Soil Health Card RKVY,660f941a5c8405ca8375c7c6,TAMIL NADU,63f9be9f519359b7438d08bb,2026-09-16T18:08:21.181Z,Vellikurichi,640390,63f9c568519359b7438da9b6
17,33,0,50,49,1,0,50,0,50,0,50,0,3,47,48,2,MANAMADURAI,6313,6492fcbc680216eb6c940ac3,2026-07-10T17:53:27.923Z,2026-27,SIVAGANGA,63f9c52a519359b7438da3d7,0,0,50,2026-09-16T18:06:09.078Z,0,50,0,40,0,10,34,8,8,6a513197053f8e213366fd51,Soil Health Card RKVY,660f941a5c8405ca8375c7c6,TAMIL NADU,63f9be9f519359b7438d08bb,2026-09-16T18:08:21.181Z,K.K.Pallam,640399,63f9c569519359b7438da9bb
23,66,1,88,89,0,86,3,8,81,0,86,3,5,84,84,5,MANAMADURAI,6313,6492fcbc680216eb6c940ac3,2026-09-02T18:08:59.146Z,2026-27,SIVAGANGA,63f9c52a519359b7438da3d7,78,3,8,2026-09-16T18:06:09.078Z,2,87,0,0,0,89,55,5,29,6a98663bc6fb74a8ae65b406,Soil Health Card RKVY,660f941a5c8405ca8375c7c6,TAMIL NADU,63f9be9f519359b7438d08bb,2026-09-16T18:08:21.181Z,Arasanendal,640415,63f9c56a519359b7438da9cf
8,3,11,0,0,11,0,11,0,11,0,8,3,10,1,11,0,MANAMADURAI,6313,6492fcbc680216eb6c940ac3,2026-09-08T18:04:10.740Z,2026-27,SIVAGANGA,63f9c52a519359b7438da3d7,0,11,0,2026-09-16T18:06:09.078Z,0,11,0,11,0,0,0,11,0,6aa04e1a4fbfe3b4fac524ea,Soil Health Card RKVY,660f941a5c8405ca8375c7c6,TAMIL NADU,63f9be9f519359b7438d08bb,2026-09-16T18:08:21.181Z,T.Pudukottai,640426,63f9c56b519359b7438da9e8
19,56,0,75,74,1,0,75,0,75,0,75,0,2,73,74,1,MANAMADURAI,6313,6492fcbc680216eb6c940ac3,2026-07-04T17:47:42.335Z,2026-27,SIVAGANGA,63f9c52a519359b7438da3d7,31,0,44,2026-09-16T18:06:09.078Z,0,75,0,0,2,73,0,35,40,6a49473ee3a02c7a159855a4,Soil Health Card RKVY,660f941a5c8405ca8375c7c6,TAMIL NADU,63f9be9f519359b7438d08bb,2026-09-16T18:08:21.181Z,Maramvetti karisalkulam,640425,63f9c56b519359b7438da9f7
11,78,7,82,87,2,38,51,8,81,0,60,29,31,58,49,40,MANAMADURAI,6313,6492fcbc680216eb6c940ac3,2026-09-08T18:04:10.740Z,2026-27,SIVAGANGA,63f9c52a519359b7438da3d7,82,2,5,2026-09-16T18:06:09.078Z,0,89,0,0,1,88,25,22,42,6aa04e1a4fbfe3b4fac524eb,Soil Health Card RKVY,660f941a5c8405ca8375c7c6,TAMIL NADU,63f9be9f519359b7438d08bb,2026-09-16T18:08:21.181Z,Kalpiravu,640401,63f9c56c519359b7438daa0b
1,115,6,109,115,1,60,56,2,114,21,1,94,4,112,114,2,MANAMADURAI,6313,6492fcbc680216eb6c940ac3,2026-09-03T18:08:02.696Z,2026-27,SIVAGANGA,63f9c52a519359b7438da3d7,113,0,3,2026-09-16T18:06:09.078Z,0,116,0,0,0,116,50,8,58,6a99b7820649dfa6ff11f3bd,Soil Health Card RKVY,660f941a5c8405ca8375c7c6,TAMIL NADU,63f9be9f519359b7438d08bb,2026-09-16T18:08:21.181Z,Manambakki,640395,63f9c56c519359b7438daa10
0,100,0,100,100,0,0,100,1,99,0,100,0,1,99,100,0,MANAMADURAI,6313,6492fcbc680216eb6c940ac3,2026-07-09T17:50:23.045Z,2026-27,SIVAGANGA,63f9c52a519359b7438da3d7,4,0,96,2026-09-16T18:06:09.078Z,0,100,0,0,0,100,0,30,70,6a4fdf5f073f10ca17afa0b3,Soil Health Card RKVY,660f941a5c8405ca8375c7c6,TAMIL NADU,63f9be9f519359b7438d08bb,2026-09-16T18:08:21.181Z,Milaganoor,640412,63f9c56d519359b7438daa1f
3,113,0,116,116,0,0,116,0,116,0,116,0,21,95,75,41,MANAMADURAI,6313,6492fcbc680216eb6c940ac3,2026-09-10T18:12:36.889Z,2026-27,SIVAGANGA,63f9c52a519359b7438da3d7,116,0,0,2026-09-16T18:06:09.078Z,1,115,0,0,0,116,115,1,0,6aa2f314dfa3538f38d26511,Soil Health Card RKVY,660f941a5c8405ca8375c7c6,TAMIL NADU,63f9be9f519359b7438d08bb,2026-09-16T18:08:21.181Z,Keelanettur,640464,63f9c56f519359b7438daa53
12,18,0,30,30,0,0,30,2,28,0,30,0,0,30,30,0,MANAMADURAI,6313,6492fcbc680216eb6c940ac3,2026-07-20T17:48:21.248Z,2026-27,SIVAGANGA,63f9c52a519359b7438da3d7,0,0,30,2026-09-16T18:06:09.078Z,0,30,0,3,0,27,16,1,13,6a5e5f655e1e1d31f8f1f918,Soil Health Card RKVY,660f941a5c8405ca8375c7c6,TAMIL NADU,63f9be9f519359b7438d08bb,2026-09-16T18:08:21.181Z,Kondagamperungarai,640344,63f9c58f519359b7438dad5b
0,55,0,55,52,3,0,55,0,55,0,55,0,2,53,55,0,KALAIYARKOIL,6310,6492fcbc680216eb6c940ac5,2026-06-30T17:58:10.376Z,2026-27,SIVAGANGA,63f9c52a519359b7438da3d7,1,0,54,2026-09-16T18:06:09.078Z,0,55,0,2,0,53,54,1,0,6a4403b2cd3843ecdb237aa8,Soil Health Card RKVY,660f941a5c8405ca8375c7c6,TAMIL NADU,63f9be9f519359b7438d08bb,2026-09-16T18:08:21.181Z,Purasapattiudayarendal,640331,63f9c58a519359b7438dace8
5,54,0,59,59,0,0,59,0,59,0,59,0,3,56,59,0,KALAIYARKOIL,6310,6492fcbc680216eb6c940ac5,2026-07-02T17:44:47.677Z,2026-27,SIVAGANGA,63f9c52a519359b7438da3d7,0,0,59,2026-09-16T18:06:09.078Z,0,59,0,0,0,59,58,0,1,6a46a38f17f1edec937c80ef,Soil Health Card RKVY,660f941a5c8405ca8375c7c6,TAMIL NADU,63f9be9f519359b7438d08bb,2026-09-16T18:08:21.181Z,Sembanur,640332,63f9c58b519359b7438daced
2,18,0,20,20,0,0,20,0,20,0,20,0,0,20,20,0,KALAIYARKOIL,6310,6492fcbc680216eb6c940ac5,2026-09-09T18:08:01.617Z,2026-27,SIVAGANGA,63f9c52a519359b7438da3d7,12,0,8,2026-09-16T18:06:09.078Z,0,20,0,0,0,20,0,0,20,6aa1a081a9301e4c4acd10f6,Soil Health Card RKVY,660f941a5c8405ca8375c7c6,TAMIL NADU,63f9be9f519359b7438d08bb,2026-09-16T18:08:21.181Z,Oyyavandan,640294,63f9c590519359b7438dad65
3,15,0,18,18,0,0,18,0,18,0,18,0,0,18,18,0,KALAIYARKOIL,6310,6492fcbc680216eb6c940ac5,2026-06-18T18:06:11.316Z,2026-27,SIVAGANGA,63f9c52a519359b7438da3d7,0,0,18,2026-09-16T18:06:09.078Z,0,18,0,0,0,18,0,4,14,6a343393a6092e046bf44160,Soil Health Card RKVY,660f941a5c8405ca8375c7c6,TAMIL NADU,63f9be9f519359b7438d08bb,2026-09-16T18:08:21.181Z,Vettikulam,640313,63f9c591519359b7438dad88
0,17,0,17,17,0,0,17,0,17,0,17,0,0,17,17,0,KALAIYARKOIL,6310,6492fcbc680216eb6c940ac5,2026-06-18T18:06:11.594Z,2026-27,SIVAGANGA,63f9c52a519359b7438da3d7,3,0,14,2026-09-16T18:06:09.078Z,0,17,0,0,0,17,11,0,6,6a343393a6092e046bf45a5d,Soil Health Card RKVY,660f941a5c8405ca8375c7c6,TAMIL NADU,63f9be9f519359b7438d08bb,2026-09-16T18:08:21.181Z,Cholavandan,640306,63f9c593519359b7438dadab
3,47,0,50,50,0,0,50,0,50,0,50,0,0,50,50,0,KALAIYARKOIL,6310,6492fcbc680216eb6c940ac5,2026-06-29T17:55:45.320Z,2026-27,SIVAGANGA,63f9c52a519359b7438da3d7,3,0,47,2026-09-16T18:06:09.078Z,0,50,0,0,0,50,0,20,30,6a42b1a1999af3a8f06353eb,Soil Health Card RKVY,660f941a5c8405ca8375c7c6,TAMIL NADU,63f9be9f519359b7438d08bb,2026-09-16T18:08:21.181Z,Kanjipatti,640307,63f9c594519359b7438dadd3
5,109,0,114,113,1,0,114,0,114,3,107,4,23,91,99,15,SAKKOTTAI,6315,6492fcbc680216eb6c940ac7,2026-09-11T18:14:53.282Z,2026-27,SIVAGANGA,63f9c52a519359b7438da3d7,110,0,4,2026-09-16T18:06:09.078Z,0,99,15,45,0,69,114,0,0,6aa4451dbe4706ff667e9533,Soil Health Card RKVY,660f941a5c8405ca8375c7c6,TAMIL NADU,63f9be9f519359b7438d08bb,2026-09-16T18:08:21.181Z,Jeyankondam,640080,63f9c53a519359b7438da564
124,55,0,180,180,0,180,0,0,180,0,180,0,110,70,179,1,SAKKOTTAI,6315,6492fcbc680216eb6c940ac7,2026-09-02T18:08:59.146Z,2026-27,SIVAGANGA,63f9c52a519359b7438da3d7,0,2,178,2026-09-16T18:06:09.078Z,0,180,0,0,0,180,0,50,130,6a98663bc6fb74a8ae65b401,Soil Health Card RKVY,660f941a5c8405ca8375c7c6,TAMIL NADU,63f9be9f519359b7438d08bb,2026-09-16T18:08:21.181Z,Ariyakkudi,640089,63f9c53c519359b7438da591
1,74,0,75,73,2,0,75,0,75,0,75,0,0,75,74,1,TIRUPPATHUR,6318,6492fcbc680216eb6c940ac9,2026-08-20T17:50:36.010Z,2026-27,SIVAGANGA,63f9c52a519359b7438da3d7,28,0,47,2026-09-16T18:06:09.078Z,0,75,0,0,0,75,0,0,75,6a873e6c8241b4e3ac630553,Soil Health Card RKVY,660f941a5c8405ca8375c7c6,TAMIL NADU,63f9be9f519359b7438d08bb,2026-09-16T18:08:21.181Z,Brahamanampatti,640035,63f9c52a519359b7438da3e1
5,114,0,119,119,0,0,119,0,119,0,119,0,50,69,117,2,TIRUPPATHUR,6318,6492fcbc680216eb6c940ac9,2026-07-30T17:53:48.579Z,2026-27,SIVAGANGA,63f9c52a519359b7438da3d7,0,0,119,2026-09-16T18:06:09.078Z,0,119,0,9,1,109,117,0,2,6a6b8face7baf7911a5200ea,Soil Health Card RKVY,660f941a5c8405ca8375c7c6,TAMIL NADU,63f9be9f519359b7438d08bb,2026-09-16T18:08:21.181Z,Olugumangalam,639993,63f9c52b519359b7438da3e6
13,21,0,34,34,0,0,34,0,34,0,34,0,0,34,34,0,TIRUPPATHUR,6318,6492fcbc680216eb6c940ac9,2026-07-27T17:53:09.584Z,2026-27,SIVAGANGA,63f9c52a519359b7438da3d7,0,0,34,2026-09-16T18:06:09.078Z,0,34,0,0,0,34,13,5,16,6a679b05403b90c4fa25ce5c,Soil Health Card RKVY,660f941a5c8405ca8375c7c6,TAMIL NADU,63f9be9f519359b7438d08bb,2026-09-16T18:08:21.181Z,Alagapuri,640037,63f9c52b519359b7438da3f0
27,194,0,221,201,20,0,221,0,221,1,220,0,1,220,220,1,TIRUPPATHUR,6318,6492fcbc680216eb6c940ac9,2026-08-29T17:52:22.739Z,2026-27,SIVAGANGA,63f9c52a519359b7438da3d7,9,1,211,2026-09-16T18:06:09.078Z,0,221,0,153,0,68,191,0,30,6a931c56dfe37efc9fb7b628,Soil Health Card RKVY,660f941a5c8405ca8375c7c6,TAMIL NADU,63f9be9f519359b7438d08bb,2026-09-16T18:08:21.181Z,Mahibalanapatti,639994,63f9c52c519359b7438da409
2,217,0,219,217,2,0,219,0,219,0,219,0,2,217,196,23,TIRUPPATHUR,6318,6492fcbc680216eb6c940ac9,2026-08-21T17:49:37.058Z,2026-27,SIVAGANGA,63f9c52a519359b7438da3d7,125,3,91,2026-09-16T18:06:09.078Z,0,219,0,1,0,218,15,1,203,6a888fb1c4bf95656e88a78c,Soil Health Card RKVY,660f941a5c8405ca8375c7c6,TAMIL NADU,63f9be9f519359b7438d08bb,2026-09-16T18:08:21.181Z,Vaiakalathur,639996,63f9c52c519359b7438da413
46,260,0,306,305,1,0,306,0,306,0,306,0,36,270,302,4,TIRUPPATHUR,6318,6492fcbc680216eb6c940ac9,2026-07-20T17:48:21.248Z,2026-27,SIVAGANGA,63f9c52a519359b7438da3d7,2,0,304,2026-09-16T18:06:09.078Z,0,306,0,49,0,257,46,93,167,6a5e5f655e1e1d31f8f1f917,Soil Health Card RKVY,660f941a5c8405ca8375c7c6,TAMIL NADU,63f9be9f519359b7438d08bb,2026-09-16T18:08:21.181Z,Nedumaram,640004,63f9c52e519359b7438da440
4,121,0,125,125,0,0,125,0,125,0,125,0,0,125,125,0,TIRUPPATHUR,6318,6492fcbc680216eb6c940ac9,2026-08-10T17:48:51.632Z,2026-27,SIVAGANGA,63f9c52a519359b7438da3d7,71,0,54,2026-09-16T18:06:09.078Z,0,125,0,5,0,120,28,23,74,6a7a0f03d5288ecb5564d0f9,Soil Health Card RKVY,660f941a5c8405ca8375c7c6,TAMIL NADU,63f9be9f519359b7438d08bb,2026-09-16T18:08:21.181Z,Tirukostiyur,640050,63f9c52f519359b7438da44f
9,89,0,98,97,1,0,98,0,98,0,98,0,3,95,98,0,TIRUPPATHUR,6318,6492fcbc680216eb6c940ac9,2026-08-06T17:51:23.188Z,2026-27,SIVAGANGA,63f9c52a519359b7438da3d7,51,0,47,2026-09-16T18:06:09.078Z,0,98,0,0,0,98,0,40,58,6a74c99bcb17f79fd1c8b47f,Soil Health Card RKVY,660f941a5c8405ca8375c7c6,TAMIL NADU,63f9be9f519359b7438d08bb,2026-09-16T18:08:21.181Z,Vedamavali ,640052,63f9c531519359b7438da481
20,105,0,125,125,0,0,125,0,125,0,125,0,2,123,123,2,TIRUPPATHUR,6318,6492fcbc680216eb6c940ac9,2026-07-27T17:53:09.584Z,2026-27,SIVAGANGA,63f9c52a519359b7438da3d7,95,1,29,2026-09-16T18:06:09.078Z,0,125,0,0,0,125,0,53,72,6a679b05403b90c4fa25ce5d,Soil Health Card RKVY,660f941a5c8405ca8375c7c6,TAMIL NADU,63f9be9f519359b7438d08bb,2026-09-16T18:08:21.181Z,Sevur,639986,63f9c535519359b7438da4ef
4,185,0,189,189,0,0,189,0,189,0,189,0,0,189,181,8,TIRUPPUVANAM,6319,6492fcbc680216eb6c940acb,2026-08-31T17:56:56.032Z,2026-27,SIVAGANGA,63f9c52a519359b7438da3d7,121,0,68,2026-09-16T18:06:09.078Z,0,189,0,0,0,189,0,0,189,6a95c068700f6639f4428890,Soil Health Card RKVY,660f941a5c8405ca8375c7c6,TAMIL NADU,63f9be9f519359b7438d08bb,2026-09-16T18:08:21.181Z,Palaiyanur,640386,63f9c57a519359b7438dab4f
0,1,0,1,1,0,0,1,0,1,0,1,0,0,1,1,0,TIRUPPUVANAM,6319,6492fcbc680216eb6c940acb,2026-09-09T18:08:01.616Z,2026-27,SIVAGANGA,63f9c52a519359b7438da3d7,1,0,0,2026-09-16T18:06:09.078Z,0,1,0,0,0,1,0,0,1,6aa1a081a9301e4c4acd10f2,Soil Health Card RKVY,660f941a5c8405ca8375c7c6,TAMIL NADU,63f9be9f519359b7438d08bb,2026-09-16T18:08:21.181Z,Pottapalaiyam,640361,63f9c57b519359b7438dab77
155,2,0,157,157,0,52,105,76,81,0,157,0,37,120,104,53,TIRUPPUVANAM,6319,6492fcbc680216eb6c940acb,2026-09-02T18:08:59.147Z,2026-27,SIVAGANGA,63f9c52a519359b7438da3d7,40,0,117,2026-09-16T18:06:09.078Z,0,157,0,0,0,157,0,22,135,6a98663bc6fb74a8ae65b407,Soil Health Card RKVY,660f941a5c8405ca8375c7c6,TAMIL NADU,63f9be9f519359b7438d08bb,2026-09-16T18:08:21.181Z,Kanoor,640372,63f9c57c519359b7438dab90
1,72,0,73,73,0,0,73,0,73,0,73,0,0,73,73,0,TIRUPPUVANAM,6319,6492fcbc680216eb6c940acb,2026-09-05T18:05:47.127Z,2026-27,SIVAGANGA,63f9c52a519359b7438da3d7,49,0,24,2026-09-16T18:06:09.078Z,0,73,0,0,0,73,1,0,72,6a9c59fb4c7f9e58219799ad,Soil Health Card RKVY,660f941a5c8405ca8375c7c6,TAMIL NADU,63f9be9f519359b7438d08bb,2026-09-16T18:08:21.181Z,Keeladi,640350,63f9c57c519359b7438dab95
4,136,0,140,140,0,0,140,0,140,1,139,0,0,140,132,8,TIRUPPUVANAM,6319,6492fcbc680216eb6c940acb,2026-09-15T18:09:34.219Z,2026-27,SIVAGANGA,63f9c52a519359b7438da3d7,127,1,12,2026-09-16T18:06:09.078Z,0,140,0,0,0,140,0,0,140,6aa989de05ad99588db77b1d,Soil Health Card RKVY,660f941a5c8405ca8375c7c6,TAMIL NADU,63f9be9f519359b7438d08bb,2026-09-16T18:08:21.181Z,Veeranendal,640408,63f9c57d519359b7438dab9a
88,38,2,124,126,0,8,118,8,118,0,126,0,7,119,115,11,TIRUPPUVANAM,6319,6492fcbc680216eb6c940acb,2026-09-02T18:08:59.147Z,2026-27,SIVAGANGA,63f9c52a519359b7438da3d7,35,0,91,2026-09-16T18:06:09.078Z,0,126,0,0,0,126,0,6,120,6a98663bc6fb74a8ae65b408,Soil Health Card RKVY,660f941a5c8405ca8375c7c6,TAMIL NADU,63f9be9f519359b7438d08bb,2026-09-16T18:08:21.181Z,Manalur,640351,63f9c57d519359b7438daba9
89,17,0,106,106,0,10,96,29,77,0,106,0,23,83,81,25,TIRUPPUVANAM,6319,6492fcbc680216eb6c940acb,2026-09-09T18:08:01.617Z,2026-27,SIVAGANGA,63f9c52a519359b7438da3d7,42,0,64,2026-09-16T18:06:09.078Z,0,106,0,0,0,106,0,24,82,6aa1a081a9301e4c4acd10f3,Soil Health Card RKVY,660f941a5c8405ca8375c7c6,TAMIL NADU,63f9be9f519359b7438d08bb,2026-09-16T18:08:21.181Z,Sottathatti,640349,63f9c57e519359b7438dabb8
14,16,0,30,30,0,0,30,0,30,0,30,0,0,30,29,1,TIRUPPUVANAM,6319,6492fcbc680216eb6c940acb,2026-09-09T18:08:01.617Z,2026-27,SIVAGANGA,63f9c52a519359b7438da3d7,25,0,5,2026-09-16T18:06:09.078Z,0,30,0,0,0,30,2,1,27,6aa1a081a9301e4c4acd10f4,Soil Health Card RKVY,660f941a5c8405ca8375c7c6,TAMIL NADU,63f9be9f519359b7438d08bb,2026-09-16T18:08:21.181Z,Valaiyanendal,640368,63f9c57f519359b7438dabd1
113,3,0,116,116,0,31,85,32,84,0,115,1,25,91,98,18,TIRUPPUVANAM,6319,6492fcbc680216eb6c940acb,2026-09-10T18:12:36.890Z,2026-27,SIVAGANGA,63f9c52a519359b7438da3d7,35,0,81,2026-09-16T18:06:09.078Z,0,116,0,0,0,116,0,26,90,6aa2f314dfa3538f38d26512,Soil Health Card RKVY,660f941a5c8405ca8375c7c6,TAMIL NADU,63f9be9f519359b7438d08bb,2026-09-16T18:08:21.181Z,Thiruppachethi South,640375,63f9c580519359b7438dabe0
3,3,0,6,6,0,0,6,0,6,0,6,0,0,6,6,0,TIRUPPUVANAM,6319,6492fcbc680216eb6c940acb,2026-09-09T18:08:01.617Z,2026-27,SIVAGANGA,63f9c52a519359b7438da3d7,6,0,0,2026-09-16T18:06:09.078Z,0,6,0,0,0,6,0,0,6,6aa1a081a9301e4c4acd10f5,Soil Health Card RKVY,660f941a5c8405ca8375c7c6,TAMIL NADU,63f9be9f519359b7438d08bb,2026-09-16T18:08:21.181Z,Pappagudi,640356,63f9c580519359b7438dabea
2,0,0,2,2,0,0,2,0,2,0,2,0,1,1,2,0,S. PUDUR,6314,6492fcbc680216eb6c940acf,2026-09-15T18:09:34.220Z,2026-27,SIVAGANGA,63f9c52a519359b7438da3d7,2,0,0,2026-09-16T18:06:09.078Z,0,2,0,0,0,2,1,0,1,6aa989de05ad99588db77b1e,Soil Health Card RKVY,660f941a5c8405ca8375c7c6,TAMIL NADU,63f9be9f519359b7438d08bb,2026-09-16T18:08:21.181Z,Kilavayal,639970,63f9c585519359b7438dac69
48,0,0,48,48,0,0,48,0,48,0,47,1,30,18,48,0,S. PUDUR,6314,6492fcbc680216eb6c940acf,2026-09-15T18:09:34.220Z,2026-27,SIVAGANGA,63f9c52a519359b7438da3d7,44,0,4,2026-09-16T18:06:09.078Z,0,48,0,0,0,48,28,1,19,6aa989de05ad99588db77b1f,Soil Health Card RKVY,660f941a5c8405ca8375c7c6,TAMIL NADU,63f9be9f519359b7438d08bb,2026-09-16T18:08:21.181Z,Karisalpatti,639969,63f9c586519359b7438dac78
133,186,0,319,319,0,32,287,0,319,1,277,41,133,186,264,55,S. PUDUR,6314,6492fcbc680216eb6c940acf,2026-09-07T18:11:10.118Z,2026-27,SIVAGANGA,63f9c52a519359b7438da3d7,261,15,43,2026-09-16T18:06:09.078Z,0,319,0,0,1,318,209,0,110,6a9efe3e96c54e28dc2b1f19,Soil Health Card RKVY,660f941a5c8405ca8375c7c6,TAMIL NADU,63f9be9f519359b7438d08bb,2026-09-16T18:08:21.181Z,Chettikuruchi,639974,63f9c589519359b7438daccd
22,39,0,61,61,0,2,59,0,61,0,47,14,0,61,25,36,S. PUDUR,6314,6492fcbc680216eb6c940acf,2026-09-15T18:09:34.220Z,2026-27,SIVAGANGA,63f9c52a519359b7438da3d7,60,0,1,2026-09-16T18:06:09.078Z,0,61,0,0,0,61,35,0,26,6aa989de05ad99588db77b20,Soil Health Card RKVY,660f941a5c8405ca8375c7c6,TAMIL NADU,63f9be9f519359b7438d08bb,2026-09-16T18:08:21.181Z,Dharmappatti,639968,63f9c58a519359b7438dacd7
96,124,0,219,218,2,0,220,0,220,0,122,98,0,220,220,0,SIVAGANGA,6317,6492fcbc680216eb6c940ad1,2026-09-02T18:08:59.146Z,2026-27,SIVAGANGA,63f9c52a519359b7438da3d7,198,0,22,2026-09-16T18:06:09.078Z,0,220,0,0,0,220,108,24,88,6a98663bc6fb74a8ae65b404,Soil Health Card RKVY,660f941a5c8405ca8375c7c6,TAMIL NADU,63f9be9f519359b7438d08bb,2026-09-16T18:08:21.181Z,Arasanur,640277,63f9c561519359b7438da90a
6,41,0,47,47,0,0,47,0,47,0,47,0,3,44,47,0,SIVAGANGA,6317,6492fcbc680216eb6c940ad1,2026-06-23T18:03:36.546Z,2026-27,SIVAGANGA,63f9c52a519359b7438da3d7,1,0,46,2026-09-16T18:06:09.078Z,0,47,0,0,0,47,0,10,37,6a3aca78c085490c83976fbb,Soil Health Card RKVY,660f941a5c8405ca8375c7c6,TAMIL NADU,63f9be9f519359b7438d08bb,2026-09-16T18:08:21.181Z,Alavakkottai,640221,63f9c564519359b7438da955
0,2,0,2,2,0,0,2,1,1,0,2,0,2,0,0,2,SANKARANKOVIL,6398,6492fcbd680216eb6c940adb,2026-09-10T18:12:36.905Z,2026-27,TENKASI,63f9cdb7519359b7438e692b,0,0,2,2026-09-16T18:06:09.078Z,0,1,1,0,0,2,0,1,1,6aa2f314dfa3538f38d26518,Soil Health Card RKVY,660f941a5c8405ca8375c7c6,TAMIL NADU,63f9be9f519359b7438d08bb,2026-09-16T18:08:21.181Z,Vadikkottai,642663,63f9cdbf519359b7438e69e1
0,3,0,3,3,0,0,3,3,0,0,2,1,3,0,0,3,SANKARANKOVIL,6398,6492fcbd680216eb6c940adb,2026-09-10T18:12:36.906Z,2026-27,TENKASI,63f9cdb7519359b7438e692b,0,0,3,2026-09-16T18:06:09.078Z,0,3,0,0,0,3,0,0,3,6aa2f314dfa3538f38d26519,Soil Health Card RKVY,660f941a5c8405ca8375c7c6,TAMIL NADU,63f9be9f519359b7438d08bb,2026-09-16T18:08:21.181Z,Kuvalaikkanni,642657,63f9cdbf519359b7438e69f0
0,3,0,3,3,0,0,3,2,1,0,3,0,3,0,0,3,SANKARANKOVIL,6398,6492fcbd680216eb6c940adb,2026-09-10T18:12:36.906Z,2026-27,TENKASI,63f9cdb7519359b7438e692b,0,0,3,2026-09-16T18:06:09.078Z,0,2,1,0,0,3,0,1,2,6aa2f314dfa3538f38d2651a,Soil Health Card RKVY,660f941a5c8405ca8375c7c6,TAMIL NADU,63f9be9f519359b7438d08bb,2026-09-16T18:08:21.181Z,Karivalamvandanallur,642658,63f9cdc0519359b7438e69f5
0,1,0,1,1,0,0,1,1,0,0,1,0,1,0,0,1,SANKARANKOVIL,6398,6492fcbd680216eb6c940adb,2026-09-10T18:12:36.906Z,2026-27,TENKASI,63f9cdb7519359b7438e692b,0,0,1,2026-09-16T18:06:09.078Z,0,1,0,0,0,1,0,0,1,6aa2f314dfa3538f38d2651b,Soil Health Card RKVY,660f941a5c8405ca8375c7c6,TAMIL NADU,63f9be9f519359b7438d08bb,2026-09-16T18:08:21.181Z,Vayali,642659,63f9cdc0519359b7438e69fa
0,4,0,4,4,0,0,4,1,3,0,3,1,3,1,1,3,SANKARANKOVIL,6398,6492fcbd680216eb6c940adb,2026-09-10T18:12:36.906Z,2026-27,TENKASI,63f9cdb7519359b7438e692b,0,1,3,2026-09-16T18:06:09.078Z,0,4,0,0,0,4,0,2,2,6aa2f314dfa3538f38d2651c,Soil Health Card RKVY,660f941a5c8405ca8375c7c6,TAMIL NADU,63f9be9f519359b7438d08bb,2026-09-16T18:08:21.181Z,Perumpathur,642662,63f9cdc0519359b7438e69ff
0,1,0,1,1,0,0,1,0,1,0,1,0,1,0,0,1,SANKARANKOVIL,6398,6492fcbd680216eb6c940adb,2026-09-10T18:12:36.906Z,2026-27,TENKASI,63f9cdb7519359b7438e692b,0,0,1,2026-09-16T18:06:09.078Z,0,1,0,0,0,1,0,0,1,6aa2f314dfa3538f38d2651d,Soil Health Card RKVY,660f941a5c8405ca8375c7c6,TAMIL NADU,63f9be9f519359b7438d08bb,2026-09-16T18:08:21.181Z,Poigai,642688,63f9cdc1519359b7438e6a1d
0,8,0,8,8,0,0,8,5,3,0,8,0,8,0,0,8,SANKARANKOVIL,6398,6492fcbd680216eb6c940adb,2026-09-10T18:12:36.906Z,2026-27,TENKASI,63f9cdb7519359b7438e692b,0,0,8,2026-09-16T18:06:09.078Z,0,8,0,0,0,8,0,3,5,6aa2f314dfa3538f38d2651e,Soil Health Card RKVY,660f941a5c8405ca8375c7c6,TAMIL NADU,63f9be9f519359b7438d08bb,2026-09-16T18:08:21.181Z,Perumalpatti,642639,63f9cdc3519359b7438e6a40
0,8,0,8,8,0,0,8,4,4,0,8,0,6,2,1,7,SANKARANKOVIL,6398,6492fcbd680216eb6c940adb,2026-09-10T18:12:36.906Z,2026-27,TENKASI,63f9cdb7519359b7438e692b,0,0,8,2026-09-16T18:06:09.078Z,0,8,0,0,0,8,0,2,6,6aa2f314dfa3538f38d2651f,Soil Health Card RKVY,660f941a5c8405ca8375c7c6,TAMIL NADU,63f9be9f519359b7438d08bb,2026-09-16T18:08:21.181Z,Pandappuli,642641,63f9cdc3519359b7438e6a45
0,1,0,1,1,0,0,1,1,0,0,1,0,1,0,0,1,SANKARANKOVIL,6398,6492fcbd680216eb6c940adb,2026-09-10T18:12:36.906Z,2026-27,TENKASI,63f9cdb7519359b7438e692b,0,1,0,2026-09-16T18:06:09.078Z,0,1,0,0,0,1,0,1,0,6aa2f314dfa3538f38d26520,Soil Health Card RKVY,660f941a5c8405ca8375c7c6,TAMIL NADU,63f9be9f519359b7438d08bb,2026-09-16T18:08:21.181Z,Ariyanayagipuram,642685,63f9cde5519359b7438e6da1
0,1,0,1,1,0,1,0,1,0,0,1,0,0,1,0,1,MELANEELITHANALLUR,6393,6492fcbd680216eb6c940ae1,2026-06-18T18:06:11.724Z,2026-27,TENKASI,63f9cdb7519359b7438e692b,0,0,1,2026-09-16T18:06:09.078Z,0,0,1,0,0,1,1,0,0,6a343393a6092e046bf46633,Soil Health Card RKVY,660f941a5c8405ca8375c7c6,TAMIL NADU,63f9be9f519359b7438d08bb,2026-09-16T18:08:21.181Z,Keelaneelidanallur,642703,63f9cdbd519359b7438e69c3
1,0,0,1,1,0,0,1,0,1,0,0,1,1,0,0,1,THIRUPPANANDAL,6330,6492fcbe680216eb6c940b01,2026-06-18T18:06:11.536Z,2026-27,THANJAVUR,63f9c597519359b7438dae18,0,0,1,2026-09-16T18:06:09.078Z,0,1,0,0,0,1,0,1,0,6a343393a6092e046bf454d2,Soil Health Card RKVY,660f941a5c8405ca8375c7c6,TAMIL NADU,63f9be9f519359b7438d08bb,2026-09-16T18:08:21.181Z,Vannikudi,638398,63f9c598519359b7438dae27
12,0,1,11,12,0,3,9,5,7,9,2,1,0,12,8,4,COONOOR,6334,6492fcbf680216eb6c940b13,2026-07-27T17:53:09.586Z,2026-27,THE NILGIRIS,63f9c662519359b7438dbfde,12,0,0,2026-09-16T18:06:09.078Z,0,11,1,3,0,9,9,0,3,6a679b05403b90c4fa25ce5e,Soil Health Card RKVY,660f941a5c8405ca8375c7c6,TAMIL NADU,63f9be9f519359b7438d08bb,2026-09-16T18:08:21.181Z,JAGATHALA1 - 931944,931944,63f9c66f519359b7438dc10b
1,0,0,1,1,0,0,1,0,1,0,1,0,0,1,1,0,COONOOR,6334,6492fcbf680216eb6c940b13,2026-09-02T18:08:59.148Z,2026-27,THE NILGIRIS,63f9c662519359b7438dbfde,1,0,0,2026-09-16T18:06:09.078Z,0,1,0,0,0,1,1,0,0,6a98663bc6fb74a8ae65b40b,Soil Health Card RKVY,660f941a5c8405ca8375c7c6,TAMIL NADU,63f9be9f519359b7438d08bb,2026-09-16T18:08:21.181Z,JAGATHALA2 - 931946,931946,63f9c671519359b7438dc142
1,19,0,20,20,0,0,20,0,20,12,4,4,0,20,14,6,COONOOR,6334,6492fcbf680216eb6c940b13,2026-09-01T17:56:44.443Z,2026-27,THE NILGIRIS,63f9c662519359b7438dbfde,20,0,0,2026-09-16T18:06:09.078Z,0,20,0,12,0,8,20,0,0,6a9711dc0fb5ed24f8eeec49,Soil Health Card RKVY,660f941a5c8405ca8375c7c6,TAMIL NADU,63f9be9f519359b7438d08bb,2026-09-16T18:08:21.181Z,KETTI3,931915,63f9c674519359b7438dc18a
48,0,0,48,48,0,1,47,15,33,42,3,3,0,48,9,39,COONOOR,6334,6492fcbf680216eb6c940b13,2026-07-21T17:49:16.836Z,2026-27,THE NILGIRIS,63f9c662519359b7438dbfde,24,1,23,2026-09-16T18:06:09.078Z,0,48,0,3,0,45,32,10,6,6a5fb11c86012d52ad4c741f,Soil Health Card RKVY,660f941a5c8405ca8375c7c6,TAMIL NADU,63f9be9f519359b7438d08bb,2026-09-16T18:08:21.181Z,Hubhathalai,910517,63f9c675519359b7438dc194
2,0,0,2,2,0,2,0,0,2,2,0,0,1,1,1,1,COONOOR,6334,6492fcbf680216eb6c940b13,2026-07-27T17:53:09.586Z,2026-27,THE NILGIRIS,63f9c662519359b7438dbfde,2,0,0,2026-09-16T18:06:09.078Z,0,1,1,0,0,2,2,0,0,6a679b05403b90c4fa25ce5f,Soil Health Card RKVY,660f941a5c8405ca8375c7c6,TAMIL NADU,63f9be9f519359b7438d08bb,2026-09-16T18:08:21.181Z,Yedappalli,635111,63f9c675519359b7438dc199
36,13,0,49,49,0,4,45,2,47,26,20,3,3,46,5,44,COONOOR,6334,6492fcbf680216eb6c940b13,2026-07-08T17:57:19.943Z,2026-27,THE NILGIRIS,63f9c662519359b7438dbfde,49,0,0,2026-09-16T18:06:09.078Z,0,49,0,11,0,38,25,9,15,6a4e8f7f0d6ad0d2fbc52ad7,Soil Health Card RKVY,660f941a5c8405ca8375c7c6,TAMIL NADU,63f9be9f519359b7438d08bb,2026-09-16T18:08:21.181Z,KETTI2,931913,63f9c675519359b7438dc19e
32,0,0,32,32,0,1,31,4,28,9,16,7,19,13,4,28,COONOOR,6334,6492fcbf680216eb6c940b13,2026-07-08T17:57:19.943Z,2026-27,THE NILGIRIS,63f9c662519359b7438dbfde,32,0,0,2026-09-16T18:06:09.078Z,0,15,17,13,0,19,32,0,0,6a4e8f7f0d6ad0d2fbc52ad8,Soil Health Card RKVY,660f941a5c8405ca8375c7c6,TAMIL NADU,63f9be9f519359b7438d08bb,2026-09-16T18:08:21.181Z,KETTI1,931911,63f9c675519359b7438dc1a3
39,11,0,50,50,0,11,39,3,47,31,14,5,0,50,1,49,COONOOR,6334,6492fcbf680216eb6c940b13,2026-07-21T17:49:16.836Z,2026-27,THE NILGIRIS,63f9c662519359b7438dbfde,50,0,0,2026-09-16T18:06:09.078Z,0,50,0,26,0,24,16,9,25,6a5fb11c86012d52ad4c7420,Soil Health Card RKVY,660f941a5c8405ca8375c7c6,TAMIL NADU,63f9be9f519359b7438d08bb,2026-09-16T18:08:21.181Z,ADIGARATTY1,931891,63f9c676519359b7438dc1b2
0,23,7,16,23,0,4,19,21,2,3,10,10,0,23,0,23,COONOOR,6334,6492fcbf680216eb6c940b13,2026-09-01T17:56:44.444Z,2026-27,THE NILGIRIS,63f9c662519359b7438dbfde,23,0,0,2026-09-16T18:06:09.078Z,0,23,0,23,0,0,0,1,22,6a9711dc0fb5ed24f8eeec4a,Soil Health Card RKVY,660f941a5c8405ca8375c7c6,TAMIL NADU,63f9be9f519359b7438d08bb,2026-09-16T18:08:21.181Z,COONOOR RURAL,635113,63f9c677519359b7438dc1c1
3,0,0,3,3,0,0,3,0,3,0,1,2,2,1,0,3,GUDALUR,6335,6492fcbf680216eb6c940b15,2026-07-23T17:53:21.297Z,2026-27,THE NILGIRIS,63f9c662519359b7438dbfde,0,0,3,2026-09-16T18:06:09.078Z,0,3,0,3,0,0,0,3,0,6a6255112bfcdd291f1f1626,Soil Health Card RKVY,660f941a5c8405ca8375c7c6,TAMIL NADU,63f9be9f519359b7438d08bb,2026-09-16T18:08:21.181Z,CHERANGODE1,635083,63f9c664519359b7438dc024
19,0,0,19,19,0,0,19,0,19,0,12,7,2,17,12,7,GUDALUR,6335,6492fcbf680216eb6c940b15,2026-07-23T17:53:21.297Z,2026-27,THE NILGIRIS,63f9c662519359b7438dbfde,2,2,15,2026-09-16T18:06:09.078Z,0,19,0,19,0,0,5,11,3,6a6255112bfcdd291f1f1627,Soil Health Card RKVY,660f941a5c8405ca8375c7c6,TAMIL NADU,63f9be9f519359b7438d08bb,2026-09-16T18:08:21.181Z,CHERUMULLI2,932087,63f9c665519359b7438dc03a
4,0,0,4,4,0,0,4,0,4,0,1,3,0,4,1,3,GUDALUR,6335,6492fcbf680216eb6c940b15,2026-07-23T17:53:21.297Z,2026-27,THE NILGIRIS,63f9c662519359b7438dbfde,0,0,4,2026-09-16T18:06:09.078Z,0,4,0,4,0,0,0,3,1,6a6255112bfcdd291f1f1628,Soil Health Card RKVY,660f941a5c8405ca8375c7c6,TAMIL NADU,63f9be9f519359b7438d08bb,2026-09-16T18:08:21.181Z,CHERUMULLI2-CA,932106,63f9c667519359b7438dc05d
26,0,0,26,26,0,0,26,0,26,0,16,10,2,24,2,24,GUDALUR,6335,6492fcbf680216eb6c940b15,2026-07-23T17:53:21.297Z,2026-27,THE NILGIRIS,63f9c662519359b7438dbfde,13,3,10,2026-09-16T18:06:09.078Z,0,26,0,5,0,21,2,14,10,6a6255112bfcdd291f1f1629,Soil Health Card RKVY,660f941a5c8405ca8375c7c6,TAMIL NADU,63f9be9f519359b7438d08bb,2026-09-16T18:08:21.181Z,CHERUMULLI1,932079,63f9c667519359b7438dc062
3,0,0,3,3,0,0,3,0,3,0,1,2,0,3,0,3,GUDALUR,6335,6492fcbf680216eb6c940b15,2026-09-02T18:08:59.147Z,2026-27,THE NILGIRIS,63f9c662519359b7438dbfde,1,0,2,2026-09-16T18:06:09.078Z,0,3,0,0,0,3,0,1,2,6a98663bc6fb74a8ae65b409,Soil Health Card RKVY,660f941a5c8405ca8375c7c6,TAMIL NADU,63f9be9f519359b7438d08bb,2026-09-16T18:08:21.181Z,Srimadurai,635086,63f9c669519359b7438dc085
48,0,0,48,48,0,0,48,14,34,1,34,13,15,33,1,47,GUDALUR,6335,6492fcbf680216eb6c940b15,2026-07-23T17:53:21.297Z,2026-27,THE NILGIRIS,63f9c662519359b7438dbfde,0,7,41,2026-09-16T18:06:09.078Z,0,47,1,45,0,3,9,28,11,6a6255112bfcdd291f1f162a,Soil Health Card RKVY,660f941a5c8405ca8375c7c6,TAMIL NADU,63f9be9f519359b7438d08bb,2026-09-16T18:08:21.181Z,GUDALUR1,932084,63f9c669519359b7438dc08a
1,0,0,1,1,0,0,1,0,1,0,1,0,0,1,0,1,GUDALUR,6335,6492fcbf680216eb6c940b15,2026-07-23T17:53:21.298Z,2026-27,THE NILGIRIS,63f9c662519359b7438dbfde,0,0,1,2026-09-16T18:06:09.078Z,0,1,0,1,0,0,0,1,0,6a6255112bfcdd291f1f162b,Soil Health Card RKVY,660f941a5c8405ca8375c7c6,TAMIL NADU,63f9be9f519359b7438d08bb,2026-09-16T18:08:21.181Z,GUDALUR2,932092,63f9c66a519359b7438dc094
9,0,0,9,9,0,3,6,1,8,7,0,2,1,8,0,9,KOTAGIRI,6336,6492fcbf680216eb6c940b17,2026-09-02T18:08:59.148Z,2026-27,THE NILGIRIS,63f9c662519359b7438dbfde,9,0,0,2026-09-16T18:06:09.078Z,0,9,0,4,0,5,9,0,0,6a98663bc6fb74a8ae65b40a,Soil Health Card RKVY,660f941a5c8405ca8375c7c6,TAMIL NADU,63f9be9f519359b7438d08bb,2026-09-16T18:08:21.181Z,NEDUGULA2,931975,63f9c66f519359b7438dc106
32,19,0,51,51,0,0,51,0,51,29,13,9,0,51,3,48,KOTAGIRI,6336,6492fcbf680216eb6c940b17,2026-07-24T17:51:46.673Z,2026-27,THE NILGIRIS,63f9c662519359b7438dbfde,48,1,2,2026-09-16T18:06:09.078Z,0,29,22,22,0,29,17,5,29,6a63a6321298ca6884f97dfd,Soil Health Card RKVY,660f941a5c8405ca8375c7c6,TAMIL NADU,63f9be9f519359b7438d08bb,2026-09-16T18:08:21.181Z,NADUHATTY2,931974,63f9c670519359b7438dc129
57,30,0,87,87,0,9,78,1,86,15,44,28,2,85,0,87,KOTAGIRI,6336,6492fcbf680216eb6c940b17,2026-07-21T17:49:16.836Z,2026-27,THE NILGIRIS,63f9c662519359b7438dbfde,86,0,1,2026-09-16T18:06:09.078Z,0,86,1,27,0,60,82,0,5,6a5fb11c86012d52ad4c741e,Soil Health Card RKVY,660f941a5c8405ca8375c7c6,TAMIL NADU,63f9be9f519359b7438d08bb,2026-09-16T18:08:21.181Z,NEDUGULA1,635100,63f9c673519359b7438dc16a
80,0,0,80,80,0,3,77,5,75,1,71,8,4,76,2,78,KOTAGIRI,6336,6492fcbf680216eb6c940b17,2026-08-12T17:53:19.042Z,2026-27,THE NILGIRIS,63f9c662519359b7438dbfde,80,0,0,2026-09-16T18:06:09.078Z,0,80,0,0,0,80,0,61,19,6a7cb30fa35788b129ffe118,Soil Health Card RKVY,660f941a5c8405ca8375c7c6,TAMIL NADU,63f9be9f519359b7438d08bb,2026-09-16T18:08:21.181Z,KOTAGIRI1,635109,63f9c673519359b7438dc174
13,20,0,33,33,0,0,33,2,31,8,23,2,0,33,4,29,KOTAGIRI,6336,6492fcbf680216eb6c940b17,2026-07-24T17:51:46.673Z,2026-27,THE NILGIRIS,63f9c662519359b7438dbfde,33,0,0,2026-09-16T18:06:09.078Z,0,30,3,12,0,21,22,1,10,6a63a6321298ca6884f97dfe,Soil Health Card RKVY,660f941a5c8405ca8375c7c6,TAMIL NADU,63f9be9f519359b7438d08bb,2026-09-16T18:08:21.181Z,NADUHATTY1,635108,63f9c674519359b7438dc179
18,0,0,18,18,0,0,18,0,18,15,1,2,0,18,0,18,UDHAGAMANDALAM,6337,6492fcbf680216eb6c940b19,2026-06-23T18:03:35.922Z,2026-27,THE NILGIRIS,63f9c662519359b7438dbfde,18,0,0,2026-09-16T18:06:09.078Z,0,15,3,0,0,18,14,2,2,6a3aca77c085490c83976d0d,Soil Health Card RKVY,660f941a5c8405ca8375c7c6,TAMIL NADU,63f9be9f519359b7438d08bb,2026-09-16T18:08:21.181Z,NANJANAD2,932018,63f9c66c519359b7438dc0cd
11,0,1,10,11,0,0,11,3,8,0,9,2,2,9,0,11,UDHAGAMANDALAM,6337,6492fcbf680216eb6c940b19,2026-07-09T17:50:23.046Z,2026-27,THE NILGIRIS,63f9c662519359b7438dbfde,11,0,0,2026-09-16T18:06:09.078Z,0,11,0,4,0,7,9,1,1,6a4fdf5f073f10ca17afa0b4,Soil Health Card RKVY,660f941a5c8405ca8375c7c6,TAMIL NADU,63f9be9f519359b7438d08bb,2026-09-16T18:08:21.181Z,KAGGUCHI1,635091,63f9c66d519359b7438dc0e6
47,5,8,44,52,0,17,35,8,44,6,24,22,0,52,6,46,UDHAGAMANDALAM,6337,6492fcbf680216eb6c940b19,2026-06-30T17:58:09.873Z,2026-27,THE NILGIRIS,63f9c662519359b7438dbfde,52,0,0,2026-09-16T18:06:09.078Z,0,47,5,17,0,35,36,1,15,6a4403b1cd3843ecdb2378f7,Soil Health Card RKVY,660f941a5c8405ca8375c7c6,TAMIL NADU,63f9be9f519359b7438d08bb,2026-09-16T18:08:21.181Z,KADANAD1,635088,63f9c66e519359b7438dc0f0
205,19,1,223,224,0,1,223,1,223,210,2,12,9,215,0,224,UDHAGAMANDALAM,6337,6492fcbf680216eb6c940b19,2026-06-25T17:58:03.355Z,2026-27,THE NILGIRIS,63f9c662519359b7438dbfde,224,0,0,2026-09-16T18:06:09.078Z,0,219,5,34,0,190,150,22,52,6a3d6c2b25e2d44604426c08,Soil Health Card RKVY,660f941a5c8405ca8375c7c6,TAMIL NADU,63f9be9f519359b7438d08bb,2026-09-16T18:08:21.181Z,NANJANAD1,635094,63f9c66e519359b7438dc0ff
2,0,0,2,2,0,0,2,0,2,2,0,0,0,2,2,0,UDHAGAMANDALAM,6337,6492fcbf680216eb6c940b19,2026-07-20T17:48:21.249Z,2026-27,THE NILGIRIS,63f9c662519359b7438dbfde,2,0,0,2026-09-16T18:06:09.078Z,0,2,0,2,0,0,2,0,0,6a5e5f655e1e1d31f8f1f919,Soil Health Card RKVY,660f941a5c8405ca8375c7c6,TAMIL NADU,63f9be9f519359b7438d08bb,2026-09-16T18:08:21.181Z,ITHALAR1,635117,63f9c679519359b7438dc1ff
20,0,5,15,20,0,2,18,4,16,4,9,7,1,19,4,16,UDHAGAMANDALAM,6337,6492fcbf680216eb6c940b19,2026-06-30T17:58:09.772Z,2026-27,THE NILGIRIS,63f9c662519359b7438dbfde,18,0,2,2026-09-16T18:06:09.078Z,0,20,0,3,1,16,18,1,1,6a4403b1cd3843ecdb2378a3,Soil Health Card RKVY,660f941a5c8405ca8375c7c6,TAMIL NADU,63f9be9f519359b7438d08bb,2026-09-16T18:08:21.181Z,BALACOLA1,635119,63f9c67a519359b7438dc204
9,1,0,10,10,0,0,10,0,10,0,10,0,10,0,0,10,KADAMALAIKUNDRU MYLADUMPARAI,6341,6492fcbe680216eb6c940b05,2026-09-07T18:11:10.121Z,2026-27,THENI,63f9c67a519359b7438dc208,10,0,0,2026-09-16T18:06:09.078Z,0,10,0,0,0,10,0,3,7,6a9efe3e96c54e28dc2b1f1d,Soil Health Card RKVY,660f941a5c8405ca8375c7c6,TAMIL NADU,63f9be9f519359b7438d08bb,2026-09-16T18:08:21.181Z,Myaladumparai,641166,63f9c692519359b7438dc43b
10,0,0,10,10,0,0,10,0,10,0,8,2,8,2,0,10,KADAMALAIKUNDRU MYLADUMPARAI,6341,6492fcbe680216eb6c940b05,2026-09-07T18:11:10.121Z,2026-27,THENI,63f9c67a519359b7438dc208,10,0,0,2026-09-16T18:06:09.078Z,0,10,0,0,1,9,0,3,7,6a9efe3e96c54e28dc2b1f1e,Soil Health Card RKVY,660f941a5c8405ca8375c7c6,TAMIL NADU,63f9be9f519359b7438d08bb,2026-09-16T18:08:21.181Z,Vallalnathi,641164,63f9c693519359b7438dc440
10,0,0,10,9,1,4,6,4,6,0,7,3,8,2,0,10,KADAMALAIKUNDRU MYLADUMPARAI,6341,6492fcbe680216eb6c940b05,2026-09-07T18:11:10.121Z,2026-27,THENI,63f9c67a519359b7438dc208,10,0,0,2026-09-16T18:06:09.078Z,0,10,0,0,0,10,0,3,7,6a9efe3e96c54e28dc2b1f1f,Soil Health Card RKVY,660f941a5c8405ca8375c7c6,TAMIL NADU,63f9be9f519359b7438d08bb,2026-09-16T18:08:21.181Z,Kanavaipatti,932331,63f9c693519359b7438dc44f
10,0,0,10,6,4,0,10,0,10,0,10,0,10,0,0,10,BODINAYAKKANUR,6339,6492fcbe680216eb6c940b07,2026-09-07T18:11:10.120Z,2026-27,THENI,63f9c67a519359b7438dc208,10,0,0,2026-09-16T18:06:09.078Z,0,10,0,0,0,10,0,0,10,6a9efe3e96c54e28dc2b1f1a,Soil Health Card RKVY,660f941a5c8405ca8375c7c6,TAMIL NADU,63f9be9f519359b7438d08bb,2026-09-16T18:08:21.181Z,Dombucheri,641080,63f9c67a519359b7438dc212
5,5,0,10,10,0,0,10,0,10,4,4,2,10,0,0,10,BODINAYAKKANUR,6339,6492fcbe680216eb6c940b07,2026-09-05T18:05:47.129Z,2026-27,THENI,63f9c67a519359b7438dc208,10,0,0,2026-09-16T18:06:09.078Z,0,8,2,0,0,10,2,1,7,6a9c59fb4c7f9e58219799ae,Soil Health Card RKVY,660f941a5c8405ca8375c7c6,TAMIL NADU,63f9be9f519359b7438d08bb,2026-09-16T18:08:21.181Z,Boothipuram,932366,63f9c67a519359b7438dc217
10,0,0,10,9,1,0,10,0,10,0,10,0,10,0,0,10,BODINAYAKKANUR,6339,6492fcbe680216eb6c940b07,2026-09-07T18:11:10.120Z,2026-27,THENI,63f9c67a519359b7438dc208,10,0,0,2026-09-16T18:06:09.078Z,0,10,0,0,0,10,4,4,2,6a9efe3e96c54e28dc2b1f1b,Soil Health Card RKVY,660f941a5c8405ca8375c7c6,TAMIL NADU,63f9be9f519359b7438d08bb,2026-09-16T18:08:21.181Z,Bodi Hill North,641073,63f9c67c519359b7438dc23f
8,2,0,10,6,4,5,5,2,8,1,9,0,10,0,0,10,BODINAYAKKANUR,6339,6492fcbe680216eb6c940b07,2026-09-07T18:11:10.120Z,2026-27,THENI,63f9c67a519359b7438dc208,10,0,0,2026-09-16T18:06:09.078Z,0,10,0,0,0,10,6,0,4,6a9efe3e96c54e28dc2b1f1c,Soil Health Card RKVY,660f941a5c8405ca8375c7c6,TAMIL NADU,63f9be9f519359b7438d08bb,2026-09-16T18:08:21.181Z,Kodangipatti,641075,63f9c67d519359b7438dc253
7,13,0,20,20,0,0,20,0,20,0,4,16,0,20,0,20,CHINNAMANUR,6340,6492fcbf680216eb6c940b0b,2026-09-16T18:08:24.841Z,2026-27,THENI,63f9c67a519359b7438dc208,20,0,0,2026-09-16T18:06:09.078Z,0,18,2,0,0,20,12,0,8,6aaadb18815951ad19d1c525,Soil Health Card RKVY,660f941a5c8405ca8375c7c6,TAMIL NADU,63f9be9f519359b7438d08bb,2026-09-16T18:08:24.841Z,Muthulapuram,641126,63f9c689519359b7438dc362
9,1,0,9,10,0,3,7,1,9,1,9,0,10,0,0,10,CHINNAMANUR,6340,6492fcbf680216eb6c940b0b,2026-09-09T18:08:01.620Z,2026-27,THENI,63f9c67a519359b7438dc208,10,0,0,2026-09-16T18:06:09.078Z,0,10,0,0,0,10,0,0,10,6aa1a081a9301e4c4acd10f7,Soil Health Card RKVY,660f941a5c8405ca8375c7c6,TAMIL NADU,63f9be9f519359b7438d08bb,2026-09-16T18:08:21.181Z,Pulikkuthi,641121,63f9c689519359b7438dc367
20,0,0,20,20,0,0,20,0,20,1,16,3,20,0,0,20,CHINNAMANUR,6340,6492fcbf680216eb6c940b0b,2026-09-09T18:08:01.620Z,2026-27,THENI,63f9c67a519359b7438dc208,13,3,4,2026-09-16T18:06:09.078Z,0,20,0,5,0,15,13,0,7,6aa1a081a9301e4c4acd10f8,Soil Health Card RKVY,660f941a5c8405ca8375c7c6,TAMIL NADU,63f9be9f519359b7438d08bb,2026-09-16T18:08:21.181Z,Seepalakottai,641118,63f9c68a519359b7438dc36c
19,0,0,19,19,0,2,17,0,19,0,19,0,1,18,0,19,CHINNAMANUR,6340,6492fcbf680216eb6c940b0b,2026-09-16T18:08:24.841Z,2026-27,THENI,63f9c67a519359b7438dc208,19,0,0,2026-09-16T18:06:09.078Z,0,19,0,0,0,19,0,7,12,6aaadb18815951ad19d1c526,Soil Health Card RKVY,660f941a5c8405ca8375c7c6,TAMIL NADU,63f9be9f519359b7438d08bb,2026-09-16T18:08:24.841Z,Veppampatti,641117,63f9c68a519359b7438dc371
4,1,0,5,5,0,0,5,0,5,0,1,4,1,4,0,5,CHINNAMANUR,6340,6492fcbf680216eb6c940b0b,2026-09-16T18:08:24.845Z,2026-27,THENI,63f9c67a519359b7438dc208,5,0,0,2026-09-16T18:06:09.078Z,0,5,0,0,0,5,4,0,1,6aaadb18815951ad19d1c527,Soil Health Card RKVY,660f941a5c8405ca8375c7c6,TAMIL NADU,63f9be9f519359b7438d08bb,2026-09-16T18:08:24.845Z,Kuchanoor ,932580,63f9c68b519359b7438dc38a
10,0,0,10,10,0,3,7,0,10,0,10,0,10,0,0,10,CHINNAMANUR,6340,6492fcbf680216eb6c940b0b,2026-09-03T18:08:02.698Z,2026-27,THENI,63f9c67a519359b7438dc208,10,0,0,2026-09-16T18:06:09.078Z,0,10,0,0,0,10,0,3,7,6a99b7820649dfa6ff11f3bf,Soil Health Card RKVY,660f941a5c8405ca8375c7c6,TAMIL NADU,63f9be9f519359b7438d08bb,2026-09-16T18:08:21.181Z,Markeyankottai,641120,63f9c68f519359b7438dc3f3
2,1,0,3,3,0,0,3,0,3,0,2,1,3,0,0,3,THENI,6344,6492fcbf680216eb6c940b0d,2026-09-02T18:08:59.149Z,2026-27,THENI,63f9c67a519359b7438dc208,3,0,0,2026-09-16T18:06:09.078Z,0,3,0,0,0,3,1,0,2,6a98663bc6fb74a8ae65b40c,Soil Health Card RKVY,660f941a5c8405ca8375c7c6,TAMIL NADU,63f9be9f519359b7438d08bb,2026-09-16T18:08:21.181Z,Thadicheri,641103,63f9c684519359b7438dc2e8
1,0,0,1,1,0,0,1,0,1,0,1,0,1,0,0,1,THENI,6344,6492fcbf680216eb6c940b0d,2026-09-02T18:08:59.149Z,2026-27,THENI,63f9c67a519359b7438dc208,1,0,0,2026-09-16T18:06:09.078Z,0,1,0,0,0,1,0,0,1,6a98663bc6fb74a8ae65b40d,Soil Health Card RKVY,660f941a5c8405ca8375c7c6,TAMIL NADU,63f9be9f519359b7438d08bb,2026-09-16T18:08:21.181Z,Poomalaikundu,641108,63f9c684519359b7438dc2ed
2,0,0,2,2,0,0,2,0,2,0,0,2,2,0,0,2,THENI,6344,6492fcbf680216eb6c940b0d,2026-09-02T18:08:59.149Z,2026-27,THENI,63f9c67a519359b7438dc208,2,0,0,2026-09-16T18:06:09.078Z,0,2,0,0,0,2,0,0,2,6a98663bc6fb74a8ae65b40e,Soil Health Card RKVY,660f941a5c8405ca8375c7c6,TAMIL NADU,63f9be9f519359b7438d08bb,2026-09-16T18:08:21.181Z,Thappukundu,641104,63f9c684519359b7438dc2f2
2,0,0,2,2,0,0,2,0,2,0,2,0,2,0,0,2,THENI,6344,6492fcbf680216eb6c940b0d,2026-09-02T18:08:59.149Z,2026-27,THENI,63f9c67a519359b7438dc208,2,0,0,2026-09-16T18:06:09.078Z,0,2,0,0,0,2,1,0,1,6a98663bc6fb74a8ae65b40f,Soil Health Card RKVY,660f941a5c8405ca8375c7c6,TAMIL NADU,63f9be9f519359b7438d08bb,2026-09-16T18:08:21.181Z,Govindanagaram,641102,63f9c685519359b7438dc30b
4,0,0,4,4,0,0,4,0,4,1,0,3,4,0,0,4,THENI,6344,6492fcbf680216eb6c940b0d,2026-09-02T18:08:59.150Z,2026-27,THENI,63f9c67a519359b7438dc208,4,0,0,2026-09-16T18:06:09.078Z,0,4,0,0,0,4,1,0,3,6a98663bc6fb74a8ae65b410,Soil Health Card RKVY,660f941a5c8405ca8375c7c6,TAMIL NADU,63f9be9f519359b7438d08bb,2026-09-16T18:08:21.181Z,Upparpatty,641105,63f9c686519359b7438dc31a
3,1,0,4,4,0,3,1,0,4,0,4,0,4,0,0,4,THENI,6344,6492fcbf680216eb6c940b0d,2026-09-02T18:08:59.150Z,2026-27,THENI,63f9c67a519359b7438dc208,3,0,1,2026-09-16T18:06:09.078Z,0,4,0,0,0,4,0,3,1,6a98663bc6fb74a8ae65b411,Soil Health Card RKVY,660f941a5c8405ca8375c7c6,TAMIL NADU,63f9be9f519359b7438d08bb,2026-09-16T18:08:21.181Z,Veerapandi,932480,63f9c686519359b7438dc31f
1,0,0,1,1,0,1,0,1,0,0,1,0,1,0,0,1,PALLIPATTU,6350,6492fcbf680216eb6c940b21,2026-09-11T18:14:53.288Z,2026-27,THIRUVALLUR,63f9c696519359b7438dc499,1,0,0,2026-09-16T18:06:09.078Z,0,1,0,0,0,1,0,1,0,6aa4451dbe4706ff667e9537,Soil Health Card RKVY,660f941a5c8405ca8375c7c6,TAMIL NADU,63f9be9f519359b7438d08bb,2026-09-16T18:08:21.181Z,Konasamudram,628947,63f9c702519359b7438dce06
2,0,0,2,2,0,2,0,2,0,0,2,0,2,0,2,0,PALLIPATTU,6350,6492fcbf680216eb6c940b21,2026-09-11T18:14:53.288Z,2026-27,THIRUVALLUR,63f9c696519359b7438dc499,2,0,0,2026-09-16T18:06:09.078Z,0,2,0,0,0,2,0,2,0,6aa4451dbe4706ff667e9538,Soil Health Card RKVY,660f941a5c8405ca8375c7c6,TAMIL NADU,63f9be9f519359b7438d08bb,2026-09-16T18:08:21.181Z,Gollalakuppam,628945,63f9c702519359b7438dce0b
1,0,0,1,1,0,1,0,1,0,0,1,0,1,0,0,1,PALLIPATTU,6350,6492fcbf680216eb6c940b21,2026-09-11T18:14:53.288Z,2026-27,THIRUVALLUR,63f9c696519359b7438dc499,1,0,0,2026-09-16T18:06:09.078Z,0,1,0,0,0,1,0,0,1,6aa4451dbe4706ff667e9539,Soil Health Card RKVY,660f941a5c8405ca8375c7c6,TAMIL NADU,63f9be9f519359b7438d08bb,2026-09-16T18:08:21.181Z,Kodivalasa (CT),628977,63f9c703519359b7438dce1a
10,3,0,13,13,0,13,0,13,0,0,13,0,13,0,1,12,PALLIPATTU,6350,6492fcbf680216eb6c940b21,2026-09-11T18:14:53.288Z,2026-27,THIRUVALLUR,63f9c696519359b7438dc499,13,0,0,2026-09-16T18:06:09.078Z,0,13,0,0,0,13,0,13,0,6aa4451dbe4706ff667e953a,Soil Health Card RKVY,660f941a5c8405ca8375c7c6,TAMIL NADU,63f9be9f519359b7438d08bb,2026-09-16T18:08:21.181Z,Karlambakkam,628948,63f9c703519359b7438dce1f
2,0,0,2,2,0,2,0,2,0,0,2,0,2,0,1,1,PALLIPATTU,6350,6492fcbf680216eb6c940b21,2026-09-11T18:14:53.288Z,2026-27,THIRUVALLUR,63f9c696519359b7438dc499,2,0,0,2026-09-16T18:06:09.078Z,0,2,0,0,0,2,0,0,2,6aa4451dbe4706ff667e953b,Soil Health Card RKVY,660f941a5c8405ca8375c7c6,TAMIL NADU,63f9be9f519359b7438d08bb,2026-09-16T18:08:21.181Z,Athimanjeri,628949,63f9c703519359b7438dce24
1,0,0,1,1,0,1,0,1,0,0,1,0,1,0,1,0,PALLIPATTU,6350,6492fcbf680216eb6c940b21,2026-09-11T18:14:53.288Z,2026-27,THIRUVALLUR,63f9c696519359b7438dc499,1,0,0,2026-09-16T18:06:09.078Z,0,1,0,0,0,1,0,0,1,6aa4451dbe4706ff667e953c,Soil Health Card RKVY,660f941a5c8405ca8375c7c6,TAMIL NADU,63f9be9f519359b7438d08bb,2026-09-16T18:08:21.181Z,Veliagaram,628939,63f9c704519359b7438dce2e
1,0,0,1,1,0,1,0,1,0,0,1,0,1,0,1,0,PALLIPATTU,6350,6492fcbf680216eb6c940b21,2026-09-11T18:14:53.288Z,2026-27,THIRUVALLUR,63f9c696519359b7438dc499,1,0,0,2026-09-16T18:06:09.078Z,0,1,0,0,0,1,0,1,0,6aa4451dbe4706ff667e953d,Soil Health Card RKVY,660f941a5c8405ca8375c7c6,TAMIL NADU,63f9be9f519359b7438d08bb,2026-09-16T18:08:21.181Z,Pettaikandigai,628951,63f9c707519359b7438dce6f
4,0,0,4,4,0,4,0,4,0,0,4,0,4,0,1,3,PALLIPATTU,6350,6492fcbf680216eb6c940b21,2026-09-11T18:14:53.289Z,2026-27,THIRUVALLUR,63f9c696519359b7438dc499,4,0,0,2026-09-16T18:06:09.078Z,0,4,0,0,0,4,0,3,1,6aa4451dbe4706ff667e953e,Soil Health Card RKVY,660f941a5c8405ca8375c7c6,TAMIL NADU,63f9be9f519359b7438d08bb,2026-09-16T18:08:21.181Z,Thirumalrajupettai,932488,63f9c709519359b7438dce9c
1,2,0,3,3,0,3,0,1,2,0,0,3,3,0,0,3,TIRUVALLUR,6357,6492fcc0680216eb6c940b31,2026-08-31T17:56:56.035Z,2026-27,THIRUVALLUR,63f9c696519359b7438dc499,0,3,0,2026-09-16T18:06:09.078Z,0,3,0,0,0,3,0,0,3,6a95c068700f6639f4428896,Soil Health Card RKVY,660f941a5c8405ca8375c7c6,TAMIL NADU,63f9be9f519359b7438d08bb,2026-09-16T18:08:21.181Z,Nallankavanur,629047,63f9c71c519359b7438dd033
3,10,0,13,13,0,10,3,5,8,3,3,7,13,0,0,13,TIRUVALLUR,6357,6492fcc0680216eb6c940b31,2026-08-31T17:56:56.035Z,2026-27,THIRUVALLUR,63f9c696519359b7438dc499,0,12,1,2026-09-16T18:06:09.078Z,0,13,0,0,0,13,0,0,13,6a95c068700f6639f4428897,Soil Health Card RKVY,660f941a5c8405ca8375c7c6,TAMIL NADU,63f9be9f519359b7438d08bb,2026-09-16T18:08:21.181Z,Sivanvoyal,629046,63f9c727519359b7438dd13c
2,2,0,4,4,0,3,1,3,1,0,2,2,4,0,0,4,TIRUVALLUR,6357,6492fcc0680216eb6c940b31,2026-08-31T17:56:56.035Z,2026-27,THIRUVALLUR,63f9c696519359b7438dc499,0,4,0,2026-09-16T18:06:09.078Z,0,4,0,0,0,4,1,0,3,6a95c068700f6639f4428898,Soil Health Card RKVY,660f941a5c8405ca8375c7c6,TAMIL NADU,63f9be9f519359b7438d08bb,2026-09-16T18:08:21.181Z,Melakondaiyur,629022,63f9c72c519359b7438dd1a5
5,0,2,3,5,0,5,0,5,0,0,5,0,5,0,5,0,TIRUTTANI,6356,6492fcc0680216eb6c940b33,2026-08-31T17:56:56.034Z,2026-27,THIRUVALLUR,63f9c696519359b7438dc499,5,0,0,2026-09-16T18:06:09.078Z,0,5,0,0,0,5,0,5,0,6a95c068700f6639f4428891,Soil Health Card RKVY,660f941a5c8405ca8375c7c6,TAMIL NADU,63f9be9f519359b7438d08bb,2026-09-16T18:08:21.181Z,Pattabiramapuram,628903,63f9c6f0519359b7438dcc7e
2,2,0,4,4,0,4,0,4,0,0,4,0,4,0,1,3,TIRUTTANI,6356,6492fcc0680216eb6c940b33,2026-08-31T17:56:56.034Z,2026-27,THIRUVALLUR,63f9c696519359b7438dc499,4,0,0,2026-09-16T18:06:09.078Z,0,4,0,0,0,4,0,4,0,6a95c068700f6639f4428892,Soil Health Card RKVY,660f941a5c8405ca8375c7c6,TAMIL NADU,63f9be9f519359b7438d08bb,2026-09-16T18:08:21.181Z,Murukkambattu,628887,63f9c6f5519359b7438dcce2
1,3,0,4,4,0,4,0,4,0,0,4,0,4,0,4,0,TIRUTTANI,6356,6492fcc0680216eb6c940b33,2026-08-31T17:56:56.034Z,2026-27,THIRUVALLUR,63f9c696519359b7438dc499,4,0,0,2026-09-16T18:06:09.078Z,0,4,0,0,0,4,0,4,0,6a95c068700f6639f4428893,Soil Health Card RKVY,660f941a5c8405ca8375c7c6,TAMIL NADU,63f9be9f519359b7438d08bb,2026-09-16T18:08:21.181Z,Velanjeri,628889,63f9c6f5519359b7438dccec
1,0,0,1,1,0,1,0,1,0,0,1,0,1,0,1,0,TIRUTTANI,6356,6492fcc0680216eb6c940b33,2026-08-31T17:56:56.034Z,2026-27,THIRUVALLUR,63f9c696519359b7438dc499,1,0,0,2026-09-16T18:06:09.078Z,0,1,0,0,0,1,0,1,0,6a95c068700f6639f4428894,Soil Health Card RKVY,660f941a5c8405ca8375c7c6,TAMIL NADU,63f9be9f519359b7438d08bb,2026-09-16T18:08:21.181Z,Tiruttani,628916,63f9c6fa519359b7438dcd5a
2,0,0,2,2,0,2,0,2,0,0,2,0,2,0,2,0,TIRUTTANI,6356,6492fcc0680216eb6c940b33,2026-08-31T17:56:56.034Z,2026-27,THIRUVALLUR,63f9c696519359b7438dc499,2,0,0,2026-09-16T18:06:09.078Z,0,2,0,0,0,2,0,2,0,6a95c068700f6639f4428895,Soil Health Card RKVY,660f941a5c8405ca8375c7c6,TAMIL NADU,63f9be9f519359b7438d08bb,2026-09-16T18:08:21.181Z,Sathuranjaypuram,628890,63f9c6fb519359b7438dcd69
5,0,0,5,5,0,5,0,5,0,0,5,0,5,0,0,5,TIRUTTANI,6356,6492fcc0680216eb6c940b33,2026-09-11T18:14:53.288Z,2026-27,THIRUVALLUR,63f9c696519359b7438dc499,4,0,1,2026-09-16T18:06:09.078Z,0,5,0,0,0,5,0,5,0,6aa4451dbe4706ff667e9536,Soil Health Card RKVY,660f941a5c8405ca8375c7c6,TAMIL NADU,63f9be9f519359b7438d08bb,2026-09-16T18:08:21.181Z,Amirthapuram,933233,63f9c700519359b7438dcddc
1,1,0,2,2,0,2,0,0,2,0,2,0,0,2,0,2,LALGUDI,6371,6492fcc1680216eb6c940b4b,2026-07-06T17:49:44.052Z,2026-27,TIRUCHIRAPPALLI,63f9c7d4519359b7438ddfbd,1,0,1,2026-09-16T18:06:09.078Z,0,2,0,0,0,2,0,2,0,6a4beab881c20c14d160e0ff,Soil Health Card RKVY,660f941a5c8405ca8375c7c6,TAMIL NADU,63f9be9f519359b7438d08bb,2026-09-16T18:08:21.181Z,Puduruthamanur,635901,63f9c817519359b7438de5dd
2,1,0,3,3,0,3,0,0,3,0,3,0,1,2,0,3,LALGUDI,6371,6492fcc1680216eb6c940b4b,2026-07-06T17:49:43.983Z,2026-27,TIRUCHIRAPPALLI,63f9c7d4519359b7438ddfbd,1,0,2,2026-09-16T18:06:09.078Z,0,3,0,0,0,3,0,3,0,6a4beab781c20c14d160e0dd,Soil Health Card RKVY,660f941a5c8405ca8375c7c6,TAMIL NADU,63f9be9f519359b7438d08bb,2026-09-16T18:08:21.181Z,Thachankurichi,635899,63f9c818519359b7438de5e7
2,3,0,5,5,0,0,5,0,5,0,5,0,0,5,0,5,MANACHANELLUR,6372,6492fcc1680216eb6c940b4f,2026-07-27T17:53:09.587Z,2026-27,TIRUCHIRAPPALLI,63f9c7d4519359b7438ddfbd,5,0,0,2026-09-16T18:06:09.078Z,0,5,0,0,0,5,5,0,0,6a679b05403b90c4fa25ce60,Soil Health Card RKVY,660f941a5c8405ca8375c7c6,TAMIL NADU,63f9be9f519359b7438d08bb,2026-09-16T18:08:21.181Z,Samayapuram,635855,63f9c7fe519359b7438de36a
3,2,0,5,5,0,0,5,0,5,0,5,0,0,5,0,5,MANACHANELLUR,6372,6492fcc1680216eb6c940b4f,2026-07-27T17:53:09.587Z,2026-27,TIRUCHIRAPPALLI,63f9c7d4519359b7438ddfbd,5,0,0,2026-09-16T18:06:09.078Z,0,5,0,0,0,5,0,3,2,6a679b05403b90c4fa25ce61,Soil Health Card RKVY,660f941a5c8405ca8375c7c6,TAMIL NADU,63f9be9f519359b7438d08bb,2026-09-16T18:08:21.181Z,Vazhaiyur,635838,63f9c7ff519359b7438de37e
1,0,0,1,1,0,0,1,0,1,0,1,0,0,1,0,1,MANACHANELLUR,6372,6492fcc1680216eb6c940b4f,2026-07-24T17:51:46.674Z,2026-27,TIRUCHIRAPPALLI,63f9c7d4519359b7438ddfbd,1,0,0,2026-09-16T18:06:09.078Z,0,1,0,0,0,1,0,0,1,6a63a6321298ca6884f97dff,Soil Health Card RKVY,660f941a5c8405ca8375c7c6,TAMIL NADU,63f9be9f519359b7438d08bb,2026-09-16T18:08:21.181Z,Valaiyur,635842,63f9c7ff519359b7438de383
1,3,0,4,4,0,0,4,0,4,0,4,0,0,4,0,4,MANACHANELLUR,6372,6492fcc1680216eb6c940b4f,2026-07-24T17:51:46.674Z,2026-27,TIRUCHIRAPPALLI,63f9c7d4519359b7438ddfbd,3,0,1,2026-09-16T18:06:09.078Z,0,4,0,0,0,4,0,4,0,6a63a6321298ca6884f97e00,Soil Health Card RKVY,660f941a5c8405ca8375c7c6,TAMIL NADU,63f9be9f519359b7438d08bb,2026-09-16T18:08:21.181Z,Solanganallur,635862,63f9c801519359b7438de3a6
2,1,0,3,3,0,0,3,0,3,0,3,0,0,3,0,3,MANACHANELLUR,6372,6492fcc1680216eb6c940b4f,2026-07-24T17:51:46.674Z,2026-27,TIRUCHIRAPPALLI,63f9c7d4519359b7438ddfbd,3,0,0,2026-09-16T18:06:09.078Z,0,3,0,0,0,3,0,3,0,6a63a6321298ca6884f97e01,Soil Health Card RKVY,660f941a5c8405ca8375c7c6,TAMIL NADU,63f9be9f519359b7438d08bb,2026-09-16T18:08:21.181Z,Thiruvallarai,635851,63f9c802519359b7438de3c9
3,2,0,5,5,0,0,5,0,5,0,5,0,0,5,0,5,MANACHANELLUR,6372,6492fcc1680216eb6c940b4f,2026-07-27T17:53:09.587Z,2026-27,TIRUCHIRAPPALLI,63f9c7d4519359b7438ddfbd,4,0,1,2026-09-16T18:06:09.078Z,0,5,0,0,0,5,0,1,4,6a679b05403b90c4fa25ce62,Soil Health Card RKVY,660f941a5c8405ca8375c7c6,TAMIL NADU,63f9be9f519359b7438d08bb,2026-09-16T18:08:21.181Z,Irungalur,635854,63f9c803519359b7438de3dd
2,3,0,5,5,0,0,5,0,5,0,5,0,0,5,0,5,MANACHANELLUR,6372,6492fcc1680216eb6c940b4f,2026-07-24T17:51:46.674Z,2026-27,TIRUCHIRAPPALLI,63f9c7d4519359b7438ddfbd,4,0,1,2026-09-16T18:06:09.078Z,0,5,0,0,0,5,0,5,0,6a63a6321298ca6884f97e02,Soil Health Card RKVY,660f941a5c8405ca8375c7c6,TAMIL NADU,63f9be9f519359b7438d08bb,2026-09-16T18:08:21.181Z,Ayyampalayam,635852,63f9c804519359b7438de3fb
0,1,0,1,1,0,0,1,0,1,0,1,0,0,1,0,1,MANACHANELLUR,6372,6492fcc1680216eb6c940b4f,2026-07-24T17:51:46.674Z,2026-27,TIRUCHIRAPPALLI,63f9c7d4519359b7438ddfbd,1,0,0,2026-09-16T18:06:09.078Z,0,1,0,0,0,1,0,1,0,6a63a6321298ca6884f97e03,Soil Health Card RKVY,660f941a5c8405ca8375c7c6,TAMIL NADU,63f9be9f519359b7438d08bb,2026-09-16T18:08:21.181Z,Siruppathur,635850,63f9c804519359b7438de400
3,2,0,5,5,0,0,5,0,5,0,5,0,0,5,0,5,MANACHANELLUR,6372,6492fcc1680216eb6c940b4f,2026-07-27T17:53:09.587Z,2026-27,TIRUCHIRAPPALLI,63f9c7d4519359b7438ddfbd,5,0,0,2026-09-16T18:06:09.078Z,0,5,0,0,0,5,0,1,4,6a679b05403b90c4fa25ce63,Soil Health Card RKVY,660f941a5c8405ca8375c7c6,TAMIL NADU,63f9be9f519359b7438d08bb,2026-09-16T18:08:21.181Z,Palaiyur,635843,63f9c805519359b7438de419
2,2,0,4,4,0,0,4,0,4,0,4,0,0,4,0,4,MANACHANELLUR,6372,6492fcc1680216eb6c940b4f,2026-07-24T17:51:46.674Z,2026-27,TIRUCHIRAPPALLI,63f9c7d4519359b7438ddfbd,4,0,0,2026-09-16T18:06:09.078Z,0,4,0,0,0,4,0,1,3,6a63a6321298ca6884f97e04,Soil Health Card RKVY,660f941a5c8405ca8375c7c6,TAMIL NADU,63f9be9f519359b7438d08bb,2026-09-16T18:08:21.181Z,Kariyamanickam,635848,63f9c805519359b7438de41e
0,1,0,1,1,0,0,1,0,1,0,1,0,0,1,0,1,MANACHANELLUR,6372,6492fcc1680216eb6c940b4f,2026-07-24T17:51:46.674Z,2026-27,TIRUCHIRAPPALLI,63f9c7d4519359b7438ddfbd,1,0,0,2026-09-16T18:06:09.078Z,0,1,0,0,0,1,0,1,0,6a63a6321298ca6884f97e05,Soil Health Card RKVY,660f941a5c8405ca8375c7c6,TAMIL NADU,63f9be9f519359b7438d08bb,2026-09-16T18:08:21.181Z,Omandhur,635840,63f9c806519359b7438de42d
4,1,0,5,5,0,0,5,0,5,0,5,0,0,5,0,5,MANACHANELLUR,6372,6492fcc1680216eb6c940b4f,2026-07-24T17:51:46.674Z,2026-27,TIRUCHIRAPPALLI,63f9c7d4519359b7438ddfbd,4,0,1,2026-09-16T18:06:09.078Z,0,5,0,0,0,5,0,5,0,6a63a6321298ca6884f97e06,Soil Health Card RKVY,660f941a5c8405ca8375c7c6,TAMIL NADU,63f9be9f519359b7438d08bb,2026-09-16T18:08:21.181Z,Poonampalayam,635858,63f9c806519359b7438de432
2,4,0,6,6,0,5,1,0,6,0,6,0,0,6,0,6,MANACHANELLUR,6372,6492fcc1680216eb6c940b4f,2026-07-24T17:51:46.674Z,2026-27,TIRUCHIRAPPALLI,63f9c7d4519359b7438ddfbd,6,0,0,2026-09-16T18:06:09.078Z,0,6,0,0,0,6,5,1,0,6a63a6321298ca6884f97e07,Soil Health Card RKVY,660f941a5c8405ca8375c7c6,TAMIL NADU,63f9be9f519359b7438d08bb,2026-09-16T18:08:21.181Z,MANACHANALLUR,933161,63f9c806519359b7438de437
3,2,0,5,5,0,0,5,0,5,0,5,0,0,5,0,5,TATTAYYANGARPETTAI,6378,6492fcc1680216eb6c940b59,2026-08-07T17:53:16.292Z,2026-27,TIRUCHIRAPPALLI,63f9c7d4519359b7438ddfbd,2,0,3,2026-09-16T18:06:09.078Z,0,5,0,0,0,5,0,3,2,6a761b8ca28634dc2cc140a8,Soil Health Card RKVY,660f941a5c8405ca8375c7c6,TAMIL NADU,63f9be9f519359b7438d08bb,2026-09-16T18:08:21.181Z,Thumbalam,635726,63f9c7db519359b7438de05f
1,3,0,4,4,0,4,0,0,4,0,4,0,0,4,0,4,TATTAYYANGARPETTAI,6378,6492fcc1680216eb6c940b59,2026-08-13T17:49:12.657Z,2026-27,TIRUCHIRAPPALLI,63f9c7d4519359b7438ddfbd,4,0,0,2026-09-16T18:06:09.078Z,0,4,0,0,1,3,0,2,2,6a7e03985649bb3abb470b81,Soil Health Card RKVY,660f941a5c8405ca8375c7c6,TAMIL NADU,63f9be9f519359b7438d08bb,2026-09-16T18:08:21.181Z,Valavandhi East,635724,63f9c7db519359b7438de069
8,5,0,13,13,0,8,5,0,13,0,13,0,0,13,0,13,TATTAYYANGARPETTAI,6378,6492fcc1680216eb6c940b59,2026-08-13T17:49:12.657Z,2026-27,TIRUCHIRAPPALLI,63f9c7d4519359b7438ddfbd,11,0,2,2026-09-16T18:06:09.078Z,0,13,0,0,1,12,0,6,7,6a7e03985649bb3abb470b82,Soil Health Card RKVY,660f941a5c8405ca8375c7c6,TAMIL NADU,63f9be9f519359b7438d08bb,2026-09-16T18:08:21.181Z,Poolancheri,635707,63f9c7dc519359b7438de073
2,3,0,5,5,0,0,5,0,5,0,5,0,0,5,0,5,TATTAYYANGARPETTAI,6378,6492fcc1680216eb6c940b59,2026-08-05T17:46:06.107Z,2026-27,TIRUCHIRAPPALLI,63f9c7d4519359b7438ddfbd,4,0,1,2026-09-16T18:06:09.078Z,0,5,0,0,0,5,0,4,1,6a7376deabd36e5d4e77ba34,Soil Health Card RKVY,660f941a5c8405ca8375c7c6,TAMIL NADU,63f9be9f519359b7438d08bb,2026-09-16T18:08:21.181Z,M.Pudupatti West,635729,63f9c7e4519359b7438de118
7,9,0,16,16,0,11,5,0,16,0,16,0,0,16,0,16,TATTAYYANGARPETTAI,6378,6492fcc1680216eb6c940b59,2026-08-13T17:49:12.657Z,2026-27,TIRUCHIRAPPALLI,63f9c7d4519359b7438ddfbd,9,0,7,2026-09-16T18:06:09.078Z,0,16,0,0,4,12,0,5,11,6a7e03985649bb3abb470b83,Soil Health Card RKVY,660f941a5c8405ca8375c7c6,TAMIL NADU,63f9be9f519359b7438d08bb,2026-09-16T18:08:21.181Z,Anjalam,635700,63f9c7e7519359b7438de15e
2,2,0,4,4,0,0,4,0,4,0,4,0,0,4,0,4,THIRUVERAMBUR,6379,6492fcc2680216eb6c940b5f,2026-08-31T17:56:56.036Z,2026-27,TIRUCHIRAPPALLI,63f9c7d4519359b7438ddfbd,4,0,0,2026-09-16T18:06:09.078Z,0,4,0,0,0,4,4,0,0,6a95c068700f6639f4428899,Soil Health Card RKVY,660f941a5c8405ca8375c7c6,TAMIL NADU,63f9be9f519359b7438d08bb,2026-09-16T18:08:21.181Z,THIRUVERAMBUR,933066,63f9c82a519359b7438de7a5
5,3,0,8,7,1,0,8,0,8,0,8,0,0,8,0,8,THIRUVERAMBUR,6379,6492fcc2680216eb6c940b5f,2026-08-31T17:56:56.036Z,2026-27,TIRUCHIRAPPALLI,63f9c7d4519359b7438ddfbd,8,0,0,2026-09-16T18:06:09.078Z,0,8,0,0,0,8,8,0,0,6a95c068700f6639f442889a,Soil Health Card RKVY,660f941a5c8405ca8375c7c6,TAMIL NADU,63f9be9f519359b7438d08bb,2026-09-16T18:08:21.181Z,THENERIPATTI,933039,63f9c82a519359b7438de7af
1,3,0,4,3,1,0,4,0,4,0,4,0,0,4,0,4,THIRUVERAMBUR,6379,6492fcc2680216eb6c940b5f,2026-08-31T17:56:56.036Z,2026-27,TIRUCHIRAPPALLI,63f9c7d4519359b7438ddfbd,4,0,0,2026-09-16T18:06:09.078Z,0,4,0,0,0,4,4,0,0,6a95c068700f6639f442889b,Soil Health Card RKVY,660f941a5c8405ca8375c7c6,TAMIL NADU,63f9be9f519359b7438d08bb,2026-09-16T18:08:21.181Z,Asur,636027,63f9c82c519359b7438de7d2
3,1,0,4,2,2,0,4,0,4,0,4,0,0,4,0,4,THIRUVERAMBUR,6379,6492fcc2680216eb6c940b5f,2026-08-31T17:56:56.037Z,2026-27,TIRUCHIRAPPALLI,63f9c7d4519359b7438ddfbd,4,0,0,2026-09-16T18:06:09.078Z,0,4,0,0,0,4,4,0,0,6a95c068700f6639f442889c,Soil Health Card RKVY,660f941a5c8405ca8375c7c6,TAMIL NADU,63f9be9f519359b7438d08bb,2026-09-16T18:08:21.181Z,Tirunedunkulam,636026,63f9c82c519359b7438de7d7
1,3,0,4,4,0,0,4,0,4,0,4,0,0,4,0,4,THIRUVERAMBUR,6379,6492fcc2680216eb6c940b5f,2026-08-31T17:56:56.037Z,2026-27,TIRUCHIRAPPALLI,63f9c7d4519359b7438ddfbd,4,0,0,2026-09-16T18:06:09.078Z,0,4,0,0,0,4,4,0,0,6a95c068700f6639f442889d,Soil Health Card RKVY,660f941a5c8405ca8375c7c6,TAMIL NADU,63f9be9f519359b7438d08bb,2026-09-16T18:08:21.181Z,Pathalapattai,636022,63f9c82c519359b7438de7dc
2,1,0,3,3,0,0,3,0,3,0,3,0,0,3,0,3,THIRUVERAMBUR,6379,6492fcc2680216eb6c940b5f,2026-08-31T17:56:56.037Z,2026-27,TIRUCHIRAPPALLI,63f9c7d4519359b7438ddfbd,3,0,0,2026-09-16T18:06:09.078Z,0,3,0,0,0,3,3,0,0,6a95c068700f6639f442889e,Soil Health Card RKVY,660f941a5c8405ca8375c7c6,TAMIL NADU,63f9be9f519359b7438d08bb,2026-09-16T18:08:21.181Z,Gundur,636030,63f9c82e519359b7438de80e
4,2,0,6,6,0,0,6,0,6,0,6,0,0,6,0,6,THIRUVERAMBUR,6379,6492fcc2680216eb6c940b5f,2026-08-31T17:56:56.037Z,2026-27,TIRUCHIRAPPALLI,63f9c7d4519359b7438ddfbd,6,0,0,2026-09-16T18:06:09.078Z,0,6,0,0,0,6,6,0,0,6a95c068700f6639f442889f,Soil Health Card RKVY,660f941a5c8405ca8375c7c6,TAMIL NADU,63f9be9f519359b7438d08bb,2026-09-16T18:08:21.181Z,Kilakurichy,636023,63f9c82f519359b7438de818
5,3,0,8,8,0,8,0,0,8,0,8,0,0,8,0,8,THOTTIAM,6380,6492fcc2680216eb6c940b61,2026-07-17T17:55:54.943Z,2026-27,TIRUCHIRAPPALLI,63f9c7d4519359b7438ddfbd,8,0,0,2026-09-16T18:06:09.078Z,0,8,0,0,0,8,0,5,3,6a5a6caa7c9d19164615050f,Soil Health Card RKVY,660f941a5c8405ca8375c7c6,TAMIL NADU,63f9be9f519359b7438d08bb,2026-09-16T18:08:21.181Z,Kolakudi,635673,63f9c7d5519359b7438ddfd6
4,6,0,10,10,0,0,10,0,10,0,10,0,0,10,0,10,THOTTIAM,6380,6492fcc2680216eb6c940b61,2026-07-17T17:55:54.944Z,2026-27,TIRUCHIRAPPALLI,63f9c7d4519359b7438ddfbd,10,0,0,2026-09-16T18:06:09.078Z,0,10,0,0,0,10,0,10,0,6a5a6caa7c9d191646150510,Soil Health Card RKVY,660f941a5c8405ca8375c7c6,TAMIL NADU,63f9be9f519359b7438d08bb,2026-09-16T18:08:21.181Z,Nagayanallur,635675,63f9c7d5519359b7438ddfdb
2,0,0,2,2,0,2,0,0,2,0,2,0,0,2,0,2,THOTTIAM,6380,6492fcc2680216eb6c940b61,2026-07-31T17:49:49.111Z,2026-27,TIRUCHIRAPPALLI,63f9c7d4519359b7438ddfbd,1,0,1,2026-09-16T18:06:09.078Z,0,2,0,0,0,2,0,2,0,6a6ce03d99b8fb675a4e724e,Soil Health Card RKVY,660f941a5c8405ca8375c7c6,TAMIL NADU,63f9be9f519359b7438d08bb,2026-09-16T18:08:21.181Z,Natham,635684,63f9c7d5519359b7438ddfe0
4,2,0,6,6,0,6,0,0,6,0,6,0,0,6,0,6,THOTTIAM,6380,6492fcc2680216eb6c940b61,2026-07-31T17:49:49.111Z,2026-27,TIRUCHIRAPPALLI,63f9c7d4519359b7438ddfbd,5,0,1,2026-09-16T18:06:09.078Z,0,6,0,0,0,6,0,4,2,6a6ce03d99b8fb675a4e724f,Soil Health Card RKVY,660f941a5c8405ca8375c7c6,TAMIL NADU,63f9be9f519359b7438d08bb,2026-09-16T18:08:21.181Z,Kaduvetti,635683,63f9c7d7519359b7438de00d
2,0,0,2,2,0,0,2,0,2,0,2,0,0,2,0,2,THOTTIAM,6380,6492fcc2680216eb6c940b61,2026-08-03T17:49:24.437Z,2026-27,TIRUCHIRAPPALLI,63f9c7d4519359b7438ddfbd,2,0,0,2026-09-16T18:06:09.078Z,0,2,0,0,0,2,0,1,1,6a70d4a49922d3c3a0c03c3c,Soil Health Card RKVY,660f941a5c8405ca8375c7c6,TAMIL NADU,63f9be9f519359b7438d08bb,2026-09-16T18:08:21.181Z,Arangoor,635671,63f9c7d8519359b7438de021
5,2,0,7,7,0,0,7,0,7,0,7,0,0,7,0,7,THOTTIAM,6380,6492fcc2680216eb6c940b61,2026-07-21T17:49:16.836Z,2026-27,TIRUCHIRAPPALLI,63f9c7d4519359b7438ddfbd,7,0,0,2026-09-16T18:06:09.078Z,0,7,0,0,3,4,0,7,0,6a5fb11c86012d52ad4c7421,Soil Health Card RKVY,660f941a5c8405ca8375c7c6,TAMIL NADU,63f9be9f519359b7438d08bb,2026-09-16T18:08:21.181Z,Appanallur,635672,63f9c7d9519359b7438de026
4,4,0,8,8,0,0,8,0,8,0,8,0,0,8,0,8,THOTTIAM,6380,6492fcc2680216eb6c940b61,2026-08-03T17:49:24.437Z,2026-27,TIRUCHIRAPPALLI,63f9c7d4519359b7438ddfbd,8,0,0,2026-09-16T18:06:09.078Z,0,8,0,0,0,8,0,5,3,6a70d4a49922d3c3a0c03c3d,Soil Health Card RKVY,660f941a5c8405ca8375c7c6,TAMIL NADU,63f9be9f519359b7438d08bb,2026-09-16T18:08:21.181Z,Tholurpatti,635674,63f9c7d9519359b7438de03a
6,4,0,10,10,0,1,9,0,10,0,10,0,0,10,0,10,TURAIYUR,6381,6492fcc2680216eb6c940b63,2026-07-06T17:49:43.848Z,2026-27,TIRUCHIRAPPALLI,63f9c7d4519359b7438ddfbd,10,0,0,2026-09-16T18:06:09.078Z,0,10,0,0,9,1,0,9,1,6a4beab781c20c14d160e09f,Soil Health Card RKVY,660f941a5c8405ca8375c7c6,TAMIL NADU,63f9be9f519359b7438d08bb,2026-09-16T18:08:21.181Z,Veeramachanpatti,635803,63f9c7f0519359b7438de21e
18,7,0,25,25,0,0,25,0,25,0,0,25,14,11,0,25,AMBASAMUDRAM,6385,6492fcc2680216eb6c940b67,2026-08-06T17:51:23.191Z,2026-27,TIRUNELVELI,63f9c84c519359b7438deaa7,20,0,5,2026-09-16T18:06:09.078Z,0,25,0,0,0,25,21,0,4,6a74c99bcb17f79fd1c8b480,Soil Health Card RKVY,660f941a5c8405ca8375c7c6,TAMIL NADU,63f9be9f519359b7438d08bb,2026-09-16T18:08:21.181Z,Vagaikulam,642965,63f9c867519359b7438decf7
12,13,0,25,25,0,0,25,0,25,0,0,25,0,25,0,25,AMBASAMUDRAM,6385,6492fcc2680216eb6c940b67,2026-08-11T17:54:25.144Z,2026-27,TIRUNELVELI,63f9c84c519359b7438deaa7,22,0,3,2026-09-16T18:06:09.078Z,0,25,0,0,0,25,11,5,9,6a7b61d11def2707e2a7d631,Soil Health Card RKVY,660f941a5c8405ca8375c7c6,TAMIL NADU,63f9be9f519359b7438d08bb,2026-09-16T18:08:21.181Z,Mela Ambasamudram,932683,63f9c86d519359b7438ded80
25,0,0,25,25,0,0,25,0,25,0,0,25,0,25,0,25,AMBASAMUDRAM,6385,6492fcc2680216eb6c940b67,2026-08-17T17:52:49.843Z,2026-27,TIRUNELVELI,63f9c84c519359b7438deaa7,1,0,24,2026-09-16T18:06:09.078Z,0,25,0,0,0,25,1,6,18,6a834a71f6e224ac5e5eab13,Soil Health Card RKVY,660f941a5c8405ca8375c7c6,TAMIL NADU,63f9be9f519359b7438d08bb,2026-09-16T18:08:21.181Z,Sattupattu,642956,63f9c86e519359b7438ded9e
43,2,0,45,45,0,1,44,0,45,0,0,45,6,39,0,45,PAPPAKUDI,6396,6492fcc2680216eb6c940b69,2026-08-24T17:50:38.311Z,2026-27,TIRUNELVELI,63f9c84c519359b7438deaa7,45,0,0,2026-09-16T18:06:09.078Z,0,45,0,0,0,45,45,0,0,6a8c846e2ce21ef285530e16,Soil Health Card RKVY,660f941a5c8405ca8375c7c6,TAMIL NADU,63f9be9f519359b7438d08bb,2026-09-16T18:08:21.181Z,Pallakkal,642959,63f9c86f519359b7438dedbc
0,30,0,30,30,0,0,30,0,30,4,0,26,8,22,0,30,PAPPAKUDI,6396,6492fcc2680216eb6c940b69,2026-09-02T18:08:59.154Z,2026-27,TIRUNELVELI,63f9c84c519359b7438deaa7,1,0,29,2026-09-16T18:06:09.078Z,0,28,2,0,0,30,30,0,0,6a98663bc6fb74a8ae65b412,Soil Health Card RKVY,660f941a5c8405ca8375c7c6,TAMIL NADU,63f9be9f519359b7438d08bb,2026-09-16T18:08:21.181Z,Vadakku Ariyanayagipuram Part 2,933477,63f9c890519359b7438df0e4
13,21,0,34,29,5,2,32,0,34,0,17,17,0,34,10,24,CHERANMAHADEVI,6386,6492fcc2680216eb6c940b6b,2026-09-10T18:12:36.895Z,2026-27,TIRUNELVELI,63f9c84c519359b7438deaa7,16,2,16,2026-09-16T18:06:09.078Z,0,31,3,1,0,33,33,0,1,6aa2f314dfa3538f38d26513,Soil Health Card RKVY,660f941a5c8405ca8375c7c6,TAMIL NADU,63f9be9f519359b7438d08bb,2026-09-16T18:08:21.181Z,Thiruviruthanpulli Part 2 - ,933475,63f9c894519359b7438df13e
0,34,0,34,33,1,0,34,0,34,25,0,9,20,14,8,26,PALAYAMKOTTAI,6395,6492fcc2680216eb6c940b73,2026-07-16T17:53:27.435Z,2026-27,TIRUNELVELI,63f9c84c519359b7438deaa7,30,0,4,2026-09-16T18:06:09.078Z,0,34,0,1,0,33,34,0,0,6a591a97cd0ac15cf8209b13,Soil Health Card RKVY,660f941a5c8405ca8375c7c6,TAMIL NADU,63f9be9f519359b7438d08bb,2026-09-16T18:08:21.181Z,Avanapperi,642894,63f9c85e519359b7438dec43
22,0,22,0,22,0,16,6,22,0,1,20,1,22,0,22,0,RADHAPURAM,6397,6492fcc2680216eb6c940b77,2026-08-06T17:51:23.191Z,2026-27,TIRUNELVELI,63f9c84c519359b7438deaa7,15,0,7,2026-09-16T18:06:09.078Z,0,20,2,0,19,3,0,9,13,6a74c99bcb17f79fd1c8b481,Soil Health Card RKVY,660f941a5c8405ca8375c7c6,TAMIL NADU,63f9be9f519359b7438d08bb,2026-09-16T18:08:21.181Z,Parameswarapuram,643079,63f9c883519359b7438defaf
22,3,20,1,25,0,20,5,9,16,4,19,2,25,0,24,0,RADHAPURAM,6397,6492fcc2680216eb6c940b77,2026-07-23T17:53:21.299Z,2026-27,TIRUNELVELI,63f9c84c519359b7438deaa7,25,0,0,2026-09-16T18:06:09.078Z,0,21,4,0,3,22,5,0,20,6a6255112bfcdd291f1f162c,Soil Health Card RKVY,660f941a5c8405ca8375c7c6,TAMIL NADU,63f9be9f519359b7438d08bb,2026-09-16T18:08:21.181Z,Vijayapathi,643076,63f9c885519359b7438defd7
7,15,0,22,22,0,22,0,22,0,2,19,1,0,22,1,21,AVANASHI,6103,6492fcc3680216eb6c940b85,2026-08-21T17:49:37.065Z,2026-27,TIRUPPUR,63f9cbbc519359b7438e3ca7,22,0,0,2026-09-16T18:06:09.078Z,0,21,1,0,3,19,3,0,19,6a888fb1c4bf95656e88a78e,Soil Health Card RKVY,660f941a5c8405ca8375c7c6,TAMIL NADU,63f9be9f519359b7438d08bb,2026-09-16T18:08:21.181Z,Pongalur,644737,63f9cbd7519359b7438e3eef
4,6,0,10,10,0,10,0,9,1,0,10,0,3,7,1,9,AVANASHI,6103,6492fcc3680216eb6c940b85,2026-08-21T17:49:37.065Z,2026-27,TIRUPPUR,63f9cbbc519359b7438e3ca7,10,0,0,2026-09-16T18:06:09.078Z,0,10,0,0,0,10,0,1,9,6a888fb1c4bf95656e88a78f,Soil Health Card RKVY,660f941a5c8405ca8375c7c6,TAMIL NADU,63f9be9f519359b7438d08bb,2026-09-16T18:08:21.181Z,Alathur,644738,63f9cbd8519359b7438e3ef9
0,3,0,3,3,0,3,0,1,2,0,2,1,0,3,0,3,AVANASHI,6103,6492fcc3680216eb6c940b85,2026-08-22T17:51:19.829Z,2026-27,TIRUPPUR,63f9cbbc519359b7438e3ca7,1,0,2,2026-09-16T18:06:09.078Z,0,2,1,0,0,3,1,0,2,6a89e1973b14e122894ff713,Soil Health Card RKVY,660f941a5c8405ca8375c7c6,TAMIL NADU,63f9be9f519359b7438d08bb,2026-09-16T18:08:21.181Z,Velayudampalayam (CT),644776,63f9cbd8519359b7438e3f08
0,2,0,2,2,0,2,0,2,0,0,2,0,0,2,0,2,AVANASHI,6103,6492fcc3680216eb6c940b85,2026-08-22T17:51:19.829Z,2026-27,TIRUPPUR,63f9cbbc519359b7438e3ca7,2,0,0,2026-09-16T18:06:09.078Z,0,2,0,0,0,2,0,0,2,6a89e1973b14e122894ff714,Soil Health Card RKVY,660f941a5c8405ca8375c7c6,TAMIL NADU,63f9be9f519359b7438d08bb,2026-09-16T18:08:21.181Z,Sinnaripalayam,644758,63f9cbda519359b7438e3f26
5,6,0,11,11,0,11,0,10,1,3,6,2,3,8,0,11,AVANASHI,6103,6492fcc3680216eb6c940b85,2026-08-21T17:49:37.065Z,2026-27,TIRUPPUR,63f9cbbc519359b7438e3ca7,11,0,0,2026-09-16T18:06:09.078Z,0,11,0,0,0,11,0,0,11,6a888fb1c4bf95656e88a790,Soil Health Card RKVY,660f941a5c8405ca8375c7c6,TAMIL NADU,63f9be9f519359b7438d08bb,2026-09-16T18:08:21.181Z,Muriandampalayam,644750,63f9cbdb519359b7438e3f3a
0,1,0,1,1,0,1,0,0,1,1,0,0,0,1,0,1,AVANASHI,6103,6492fcc3680216eb6c940b85,2026-08-22T17:51:19.829Z,2026-27,TIRUPPUR,63f9cbbc519359b7438e3ca7,1,0,0,2026-09-16T18:06:09.078Z,0,1,0,0,0,1,0,0,1,6a89e1973b14e122894ff715,Soil Health Card RKVY,660f941a5c8405ca8375c7c6,TAMIL NADU,63f9be9f519359b7438d08bb,2026-09-16T18:08:21.181Z,Punjaithamaraikulam,644744,63f9cbdc519359b7438e3f53
0,8,0,8,7,1,8,0,5,3,1,6,1,1,7,0,8,AVANASHI,6103,6492fcc3680216eb6c940b85,2026-08-22T17:51:19.829Z,2026-27,TIRUPPUR,63f9cbbc519359b7438e3ca7,6,0,2,2026-09-16T18:06:09.078Z,0,7,1,0,0,8,2,0,6,6a89e1973b14e122894ff716,Soil Health Card RKVY,660f941a5c8405ca8375c7c6,TAMIL NADU,63f9be9f519359b7438d08bb,2026-09-16T18:08:21.181Z,RAKKIYAMPALAYAM,931957,63f9cbdd519359b7438e3f6c
7,16,0,23,23,0,23,0,23,0,2,20,1,0,23,2,21,AVANASHI,6103,6492fcc3680216eb6c940b85,2026-08-22T17:51:19.831Z,2026-27,TIRUPPUR,63f9cbbc519359b7438e3ca7,23,0,0,2026-09-16T18:06:09.078Z,0,21,2,0,0,23,0,0,23,6a89e1973b14e122894ff732,Soil Health Card RKVY,660f941a5c8405ca8375c7c6,TAMIL NADU,63f9be9f519359b7438d08bb,2026-09-16T18:08:21.181Z,Pudupalayam,644763,63f9cc0b519359b7438e4388
2,1,0,3,3,0,3,0,2,1,0,3,0,0,3,0,3,UTTUKKULI,6173,6492fcc3680216eb6c940b89,2026-08-22T17:51:19.829Z,2026-27,TIRUPPUR,63f9cbbc519359b7438e3ca7,3,0,0,2026-09-16T18:06:09.078Z,0,3,0,0,0,3,0,0,3,6a89e1973b14e122894ff717,Soil Health Card RKVY,660f941a5c8405ca8375c7c6,TAMIL NADU,63f9be9f519359b7438d08bb,2026-09-16T18:08:21.181Z,Pudupalayam,644696,63f9cbdf519359b7438e3fa8
0,3,0,3,3,0,3,0,3,0,0,3,0,0,3,0,3,UTTUKKULI,6173,6492fcc3680216eb6c940b89,2026-08-22T17:51:19.829Z,2026-27,TIRUPPUR,63f9cbbc519359b7438e3ca7,3,0,0,2026-09-16T18:06:09.078Z,0,3,0,0,0,3,0,0,3,6a89e1973b14e122894ff718,Soil Health Card RKVY,660f941a5c8405ca8375c7c6,TAMIL NADU,63f9be9f519359b7438d08bb,2026-09-16T18:08:21.181Z,RACKIYAPALAYAM,931934,63f9cc02519359b7438e42b6
0,2,0,2,2,0,2,0,1,1,0,1,1,1,1,0,2,UTTUKKULI,6173,6492fcc3680216eb6c940b89,2026-08-22T17:51:19.829Z,2026-27,TIRUPPUR,63f9cbbc519359b7438e3ca7,2,0,0,2026-09-16T18:06:09.078Z,0,2,0,0,0,2,0,0,2,6a89e1973b14e122894ff719,Soil Health Card RKVY,660f941a5c8405ca8375c7c6,TAMIL NADU,63f9be9f519359b7438d08bb,2026-09-16T18:08:21.181Z,Velliampathy,644713,63f9cc03519359b7438e42ca
1,0,0,1,1,0,1,0,1,0,0,0,1,0,1,0,1,UTTUKKULI,6173,6492fcc3680216eb6c940b89,2026-08-22T17:51:19.829Z,2026-27,TIRUPPUR,63f9cbbc519359b7438e3ca7,1,0,0,2026-09-16T18:06:09.078Z,0,1,0,0,0,1,0,0,1,6a89e1973b14e122894ff71a,Soil Health Card RKVY,660f941a5c8405ca8375c7c6,TAMIL NADU,63f9be9f519359b7438d08bb,2026-09-16T18:08:21.181Z,Valayapalayam,644703,63f9cc03519359b7438e42d4
0,6,0,6,6,0,6,0,2,4,0,6,0,0,6,0,6,UTTUKKULI,6173,6492fcc3680216eb6c940b89,2026-08-22T17:51:19.829Z,2026-27,TIRUPPUR,63f9cbbc519359b7438e3ca7,6,0,0,2026-09-16T18:06:09.078Z,0,6,0,0,0,6,1,0,5,6a89e1973b14e122894ff71b,Soil Health Card RKVY,660f941a5c8405ca8375c7c6,TAMIL NADU,63f9be9f519359b7438d08bb,2026-09-16T18:08:21.181Z,Muthampalayam,644716,63f9cc04519359b7438e42de
1,4,0,5,5,0,5,0,5,0,0,5,0,0,5,0,5,UTTUKKULI,6173,6492fcc3680216eb6c940b89,2026-08-24T17:50:38.314Z,2026-27,TIRUPPUR,63f9cbbc519359b7438e3ca7,5,0,0,2026-09-16T18:06:09.078Z,0,5,0,0,0,5,0,0,5,6a8c846e2ce21ef285530e18,Soil Health Card RKVY,660f941a5c8405ca8375c7c6,TAMIL NADU,63f9be9f519359b7438d08bb,2026-09-16T18:08:21.181Z,Agraharaperiapalayam,644731,63f9cc04519359b7438e42e3
0,3,0,3,3,0,3,0,3,0,1,1,1,0,3,2,1,UTTUKKULI,6173,6492fcc3680216eb6c940b89,2026-08-22T17:51:19.829Z,2026-27,TIRUPPUR,63f9cbbc519359b7438e3ca7,3,0,0,2026-09-16T18:06:09.078Z,0,3,0,0,1,2,0,0,3,6a89e1973b14e122894ff71c,Soil Health Card RKVY,660f941a5c8405ca8375c7c6,TAMIL NADU,63f9be9f519359b7438d08bb,2026-09-16T18:08:21.181Z,Vellaravalli (CT),644772,63f9cc04519359b7438e42f2
0,2,0,2,2,0,2,0,2,0,0,2,0,0,2,0,2,UTTUKKULI,6173,6492fcc3680216eb6c940b89,2026-08-22T17:51:19.830Z,2026-27,TIRUPPUR,63f9cbbc519359b7438e3ca7,2,0,0,2026-09-16T18:06:09.078Z,0,2,0,0,0,2,0,0,2,6a89e1973b14e122894ff71d,Soil Health Card RKVY,660f941a5c8405ca8375c7c6,TAMIL NADU,63f9be9f519359b7438d08bb,2026-09-16T18:08:21.181Z,Vattalapathy,644712,63f9cc05519359b7438e42fc
0,4,0,4,4,0,4,0,3,1,0,0,4,1,3,0,4,UTTUKKULI,6173,6492fcc3680216eb6c940b89,2026-08-22T17:51:19.830Z,2026-27,TIRUPPUR,63f9cbbc519359b7438e3ca7,4,0,0,2026-09-16T18:06:09.078Z,0,4,0,0,0,4,0,0,4,6a89e1973b14e122894ff71e,Soil Health Card RKVY,660f941a5c8405ca8375c7c6,TAMIL NADU,63f9be9f519359b7438d08bb,2026-09-16T18:08:21.181Z,Thenmugam Kangayapalayam,644717,63f9cc05519359b7438e4301
0,1,0,1,1,0,1,0,1,0,0,1,0,0,1,0,1,UTTUKKULI,6173,6492fcc3680216eb6c940b89,2026-08-22T17:51:19.830Z,2026-27,TIRUPPUR,63f9cbbc519359b7438e3ca7,1,0,0,2026-09-16T18:06:09.078Z,0,1,0,0,0,1,0,0,1,6a89e1973b14e122894ff71f,Soil Health Card RKVY,660f941a5c8405ca8375c7c6,TAMIL NADU,63f9be9f519359b7438d08bb,2026-09-16T18:08:21.181Z,Punjaithalavaipalayam,644727,63f9cc05519359b7438e4306
2,3,0,5,5,0,5,0,5,0,0,5,0,0,5,0,5,UTTUKKULI,6173,6492fcc3680216eb6c940b89,2026-08-22T17:51:19.830Z,2026-27,TIRUPPUR,63f9cbbc519359b7438e3ca7,5,0,0,2026-09-16T18:06:09.078Z,0,5,0,0,0,5,1,0,4,6a89e1973b14e122894ff720,Soil Health Card RKVY,660f941a5c8405ca8375c7c6,TAMIL NADU,63f9be9f519359b7438d08bb,2026-09-16T18:08:21.181Z,Sengalipalayam,644719,63f9cc05519359b7438e430b
0,1,0,1,1,0,1,0,0,1,0,0,1,0,1,0,1,UTTUKKULI,6173,6492fcc3680216eb6c940b89,2026-08-22T17:51:19.830Z,2026-27,TIRUPPUR,63f9cbbc519359b7438e3ca7,1,0,0,2026-09-16T18:06:09.078Z,0,1,0,0,0,1,0,0,1,6a89e1973b14e122894ff721,Soil Health Card RKVY,660f941a5c8405ca8375c7c6,TAMIL NADU,63f9be9f519359b7438d08bb,2026-09-16T18:08:21.181Z,Puthur Pallapalayam,644726,63f9cc06519359b7438e4310
0,2,0,2,2,0,2,0,2,0,0,2,0,0,2,0,2,UTTUKKULI,6173,6492fcc3680216eb6c940b89,2026-08-22T17:51:19.830Z,2026-27,TIRUPPUR,63f9cbbc519359b7438e3ca7,2,0,0,2026-09-16T18:06:09.078Z,0,2,0,0,0,2,1,0,1,6a89e1973b14e122894ff722,Soil Health Card RKVY,660f941a5c8405ca8375c7c6,TAMIL NADU,63f9be9f519359b7438d08bb,2026-09-16T18:08:21.181Z,Kavuthampalayam,644720,63f9cc06519359b7438e4315
0,2,0,2,2,0,2,0,2,0,0,2,0,0,2,0,2,UTTUKKULI,6173,6492fcc3680216eb6c940b89,2026-08-22T17:51:19.830Z,2026-27,TIRUPPUR,63f9cbbc519359b7438e3ca7,1,0,1,2026-09-16T18:06:09.078Z,0,2,0,0,0,2,0,0,2,6a89e1973b14e122894ff723,Soil Health Card RKVY,660f941a5c8405ca8375c7c6,TAMIL NADU,63f9be9f519359b7438d08bb,2026-09-16T18:08:21.181Z,Chinnagoundanvalasu,644711,63f9cc07519359b7438e4324
1,0,0,1,1,0,1,0,0,1,0,1,0,0,1,0,1,UTTUKKULI,6173,6492fcc3680216eb6c940b89,2026-08-22T17:51:19.830Z,2026-27,TIRUPPUR,63f9cbbc519359b7438e3ca7,1,0,0,2026-09-16T18:06:09.078Z,0,1,0,0,0,1,0,0,1,6a89e1973b14e122894ff724,Soil Health Card RKVY,660f941a5c8405ca8375c7c6,TAMIL NADU,63f9be9f519359b7438d08bb,2026-09-16T18:08:21.181Z,Sundakkampalayam,644714,63f9cc07519359b7438e4329
2,5,0,7,7,0,7,0,7,0,4,2,1,0,7,0,7,UTTUKKULI,6173,6492fcc3680216eb6c940b89,2026-08-22T17:51:19.830Z,2026-27,TIRUPPUR,63f9cbbc519359b7438e3ca7,7,0,0,2026-09-16T18:06:09.078Z,0,7,0,0,0,7,0,0,7,6a89e1973b14e122894ff725,Soil Health Card RKVY,660f941a5c8405ca8375c7c6,TAMIL NADU,63f9be9f519359b7438d08bb,2026-09-16T18:08:21.181Z,Velampalayam,644706,63f9cc07519359b7438e432e
1,0,0,1,1,0,1,0,1,0,0,1,0,0,1,0,1,UTTUKKULI,6173,6492fcc3680216eb6c940b89,2026-08-22T17:51:19.830Z,2026-27,TIRUPPUR,63f9cbbc519359b7438e3ca7,1,0,0,2026-09-16T18:06:09.078Z,0,1,0,0,0,1,0,0,1,6a89e1973b14e122894ff726,Soil Health Card RKVY,660f941a5c8405ca8375c7c6,TAMIL NADU,63f9be9f519359b7438d08bb,2026-09-16T18:08:21.181Z,Karumanchirai,644708,63f9cc08519359b7438e433d
0,1,0,1,1,0,1,0,1,0,0,1,0,0,1,0,1,UTTUKKULI,6173,6492fcc3680216eb6c940b89,2026-08-22T17:51:19.830Z,2026-27,TIRUPPUR,63f9cbbc519359b7438e3ca7,1,0,0,2026-09-16T18:06:09.078Z,0,1,0,0,0,1,0,0,1,6a89e1973b14e122894ff727,Soil Health Card RKVY,660f941a5c8405ca8375c7c6,TAMIL NADU,63f9be9f519359b7438d08bb,2026-09-16T18:08:21.181Z,Kavandampalayam,644730,63f9cc08519359b7438e4342
1,0,0,1,1,0,1,0,1,0,0,1,0,0,1,0,1,UTTUKKULI,6173,6492fcc3680216eb6c940b89,2026-08-22T17:51:19.830Z,2026-27,TIRUPPUR,63f9cbbc519359b7438e3ca7,1,0,0,2026-09-16T18:06:09.078Z,0,1,0,0,0,1,0,0,1,6a89e1973b14e122894ff728,Soil Health Card RKVY,660f941a5c8405ca8375c7c6,TAMIL NADU,63f9be9f519359b7438d08bb,2026-09-16T18:08:21.181Z,Kurichi,644700,63f9cc08519359b7438e4347
0,2,0,2,2,0,2,0,2,0,0,2,0,0,2,0,2,UTTUKKULI,6173,6492fcc3680216eb6c940b89,2026-08-22T17:51:19.830Z,2026-27,TIRUPPUR,63f9cbbc519359b7438e3ca7,2,0,0,2026-09-16T18:06:09.078Z,0,2,0,0,0,2,0,0,2,6a89e1973b14e122894ff729,Soil Health Card RKVY,660f941a5c8405ca8375c7c6,TAMIL NADU,63f9be9f519359b7438d08bb,2026-09-16T18:08:21.181Z,Mettupalayam,644697,63f9cc09519359b7438e4356
0,1,0,1,1,0,1,0,1,0,0,1,0,0,1,0,1,UTTUKKULI,6173,6492fcc3680216eb6c940b89,2026-08-22T17:51:19.830Z,2026-27,TIRUPPUR,63f9cbbc519359b7438e3ca7,1,0,0,2026-09-16T18:06:09.078Z,0,1,0,0,0,1,0,0,1,6a89e1973b14e122894ff72a,Soil Health Card RKVY,660f941a5c8405ca8375c7c6,TAMIL NADU,63f9be9f519359b7438d08bb,2026-09-16T18:08:21.181Z,Komaragoundanpalayam,644699,63f9cc09519359b7438e435b
2,0,0,2,2,0,2,0,1,1,0,2,0,1,1,0,2,UTTUKKULI,6173,6492fcc3680216eb6c940b89,2026-08-22T17:51:19.830Z,2026-27,TIRUPPUR,63f9cbbc519359b7438e3ca7,2,0,0,2026-09-16T18:06:09.078Z,0,2,0,0,0,2,0,0,2,6a89e1973b14e122894ff72b,Soil Health Card RKVY,660f941a5c8405ca8375c7c6,TAMIL NADU,63f9be9f519359b7438d08bb,2026-09-16T18:08:21.181Z,Nalligoundanpalayam,644698,63f9cc09519359b7438e4360
1,3,0,4,4,0,4,0,2,2,0,0,4,0,4,0,4,UTTUKKULI,6173,6492fcc3680216eb6c940b89,2026-08-22T17:51:19.830Z,2026-27,TIRUPPUR,63f9cbbc519359b7438e3ca7,4,0,0,2026-09-16T18:06:09.078Z,0,4,0,0,0,4,0,0,4,6a89e1973b14e122894ff72c,Soil Health Card RKVY,660f941a5c8405ca8375c7c6,TAMIL NADU,63f9be9f519359b7438d08bb,2026-09-16T18:08:21.181Z,Mukasipallagoundanpalayam,644724,63f9cc0a519359b7438e436a
0,1,0,1,1,0,1,0,1,0,0,1,0,0,1,0,1,UTTUKKULI,6173,6492fcc3680216eb6c940b89,2026-08-22T17:51:19.830Z,2026-27,TIRUPPUR,63f9cbbc519359b7438e3ca7,1,0,0,2026-09-16T18:06:09.078Z,0,1,0,0,0,1,0,0,1,6a89e1973b14e122894ff72d,Soil Health Card RKVY,660f941a5c8405ca8375c7c6,TAMIL NADU,63f9be9f519359b7438d08bb,2026-09-16T18:08:21.181Z,Anaipalayam,644732,63f9cc0a519359b7438e436f
0,2,0,2,2,0,2,0,2,0,0,2,0,0,2,1,1,UTTUKKULI,6173,6492fcc3680216eb6c940b89,2026-08-22T17:51:19.831Z,2026-27,TIRUPPUR,63f9cbbc519359b7438e3ca7,2,0,0,2026-09-16T18:06:09.078Z,0,2,0,0,0,2,0,0,2,6a89e1973b14e122894ff72e,Soil Health Card RKVY,660f941a5c8405ca8375c7c6,TAMIL NADU,63f9be9f519359b7438d08bb,2026-09-16T18:08:21.181Z,Reddipalayam,644728,63f9cc0a519359b7438e4374
0,2,0,2,2,0,2,0,2,0,0,2,0,0,2,0,2,UTTUKKULI,6173,6492fcc3680216eb6c940b89,2026-08-22T17:51:19.831Z,2026-27,TIRUPPUR,63f9cbbc519359b7438e3ca7,1,0,1,2026-09-16T18:06:09.078Z,0,2,0,0,0,2,0,0,2,6a89e1973b14e122894ff72f,Soil Health Card RKVY,660f941a5c8405ca8375c7c6,TAMIL NADU,63f9be9f519359b7438d08bb,2026-09-16T18:08:21.181Z,Sircar Periapalayam (CT),644779,63f9cc0a519359b7438e4379
0,1,0,1,1,0,1,0,1,0,0,1,0,0,1,0,1,UTTUKKULI,6173,6492fcc3680216eb6c940b89,2026-08-22T17:51:19.831Z,2026-27,TIRUPPUR,63f9cbbc519359b7438e3ca7,1,0,0,2026-09-16T18:06:09.078Z,0,1,0,0,0,1,0,0,1,6a89e1973b14e122894ff730,Soil Health Card RKVY,660f941a5c8405ca8375c7c6,TAMIL NADU,63f9be9f519359b7438d08bb,2026-09-16T18:08:21.181Z,Morattupalayam (CT),644778,63f9cc0a519359b7438e437e
0,2,0,2,2,0,2,0,1,1,0,2,0,0,2,0,2,UTTUKKULI,6173,6492fcc3680216eb6c940b89,2026-08-22T17:51:19.831Z,2026-27,TIRUPPUR,63f9cbbc519359b7438e3ca7,2,0,0,2026-09-16T18:06:09.078Z,0,2,0,0,0,2,0,0,2,6a89e1973b14e122894ff731,Soil Health Card RKVY,660f941a5c8405ca8375c7c6,TAMIL NADU,63f9be9f519359b7438d08bb,2026-09-16T18:08:21.181Z,Chengappalli (CT),644777,63f9cc0b519359b7438e4383
0,1,0,1,1,0,1,0,1,0,0,1,0,0,1,0,1,UTTUKKULI,6173,6492fcc3680216eb6c940b89,2026-08-22T17:51:19.831Z,2026-27,TIRUPPUR,63f9cbbc519359b7438e3ca7,1,0,0,2026-09-16T18:06:09.078Z,0,1,0,0,0,1,0,0,1,6a89e1973b14e122894ff733,Soil Health Card RKVY,660f941a5c8405ca8375c7c6,TAMIL NADU,63f9be9f519359b7438d08bb,2026-09-16T18:08:21.181Z,Koonampatti,644722,63f9cc0b519359b7438e438d
0,2,0,2,2,0,2,0,1,1,0,0,2,0,2,0,2,UTTUKKULI,6173,6492fcc3680216eb6c940b89,2026-08-22T17:51:19.831Z,2026-27,TIRUPPUR,63f9cbbc519359b7438e3ca7,2,0,0,2026-09-16T18:06:09.078Z,0,2,0,0,0,2,0,0,2,6a89e1973b14e122894ff734,Soil Health Card RKVY,660f941a5c8405ca8375c7c6,TAMIL NADU,63f9be9f519359b7438d08bb,2026-09-16T18:08:21.181Z,Virumandampalayam,644715,63f9cc0b519359b7438e4392
0,1,0,1,1,0,1,0,1,0,0,0,1,0,1,0,1,UTTUKKULI,6173,6492fcc3680216eb6c940b89,2026-08-22T17:51:19.831Z,2026-27,TIRUPPUR,63f9cbbc519359b7438e3ca7,1,0,0,2026-09-16T18:06:09.078Z,0,1,0,0,0,1,0,0,1,6a89e1973b14e122894ff735,Soil Health Card RKVY,660f941a5c8405ca8375c7c6,TAMIL NADU,63f9be9f519359b7438d08bb,2026-09-16T18:08:21.181Z,Vadamugam Kangayapalayam,644718,63f9cc0c519359b7438e4397
2,4,0,6,6,0,6,0,6,0,0,4,2,2,4,0,6,UTTUKKULI,6173,6492fcc3680216eb6c940b89,2026-08-22T17:51:19.831Z,2026-27,TIRUPPUR,63f9cbbc519359b7438e3ca7,6,0,0,2026-09-16T18:06:09.078Z,0,6,0,0,0,6,1,0,5,6a89e1973b14e122894ff736,Soil Health Card RKVY,660f941a5c8405ca8375c7c6,TAMIL NADU,63f9be9f519359b7438d08bb,2026-09-16T18:08:21.181Z,Sircar Kathaganni,644736,63f9cc0c519359b7438e439c
1,2,0,3,3,0,3,0,3,0,0,3,0,0,3,0,3,UTTUKKULI,6173,6492fcc3680216eb6c940b89,2026-08-22T17:51:19.831Z,2026-27,TIRUPPUR,63f9cbbc519359b7438e3ca7,3,0,0,2026-09-16T18:06:09.078Z,0,3,0,0,1,2,0,0,3,6a89e1973b14e122894ff737,Soil Health Card RKVY,660f941a5c8405ca8375c7c6,TAMIL NADU,63f9be9f519359b7438d08bb,2026-09-16T18:08:21.181Z,Ichipalayam,644735,63f9cc0c519359b7438e43a1
1,1,0,2,2,0,2,0,2,0,0,2,0,0,2,0,2,UTTUKKULI,6173,6492fcc3680216eb6c940b89,2026-08-22T17:51:19.831Z,2026-27,TIRUPPUR,63f9cbbc519359b7438e3ca7,2,0,0,2026-09-16T18:06:09.078Z,0,2,0,0,0,2,0,0,2,6a89e1973b14e122894ff738,Soil Health Card RKVY,660f941a5c8405ca8375c7c6,TAMIL NADU,63f9be9f519359b7438d08bb,2026-09-16T18:08:21.181Z,Agrahara Kathaganni,644734,63f9cc0c519359b7438e43a6
7,2,0,9,9,0,6,3,6,3,0,9,0,0,9,0,9,DHARAPURAM,6160,6492fcc3680216eb6c940b8b,2026-09-12T17:59:25.535Z,2026-27,TIRUPPUR,63f9cbbc519359b7438e3ca7,9,0,0,2026-09-16T18:06:09.078Z,0,9,0,0,2,7,0,7,2,6aa592fdaed4427d2640d2e0,Soil Health Card RKVY,660f941a5c8405ca8375c7c6,TAMIL NADU,63f9be9f519359b7438d08bb,2026-09-16T18:08:21.181Z,KUNDADAM,931876,63f9cbc8519359b7438e3dbc
6,17,0,23,23,0,23,0,17,6,0,23,0,2,21,1,22,MULANUR,6167,6492fcc3680216eb6c940b8d,2026-08-22T17:51:19.828Z,2026-27,TIRUPPUR,63f9cbbc519359b7438e3ca7,23,0,0,2026-09-16T18:06:09.078Z,0,22,1,0,0,23,1,0,22,6a89e1973b14e122894ff710,Soil Health Card RKVY,660f941a5c8405ca8375c7c6,TAMIL NADU,63f9be9f519359b7438d08bb,2026-09-16T18:08:21.181Z,MULANUR ,931877,63f9cbc9519359b7438e3dc6
7,15,0,22,22,0,22,0,22,0,1,18,3,1,21,2,20,MULANUR,6167,6492fcc3680216eb6c940b8d,2026-08-22T17:51:19.829Z,2026-27,TIRUPPUR,63f9cbbc519359b7438e3ca7,22,0,0,2026-09-16T18:06:09.078Z,0,20,2,0,0,22,0,0,22,6a89e1973b14e122894ff711,Soil Health Card RKVY,660f941a5c8405ca8375c7c6,TAMIL NADU,63f9be9f519359b7438d08bb,2026-09-16T18:08:21.181Z,Komarapalayam,644654,63f9cbcc519359b7438e3e07
8,15,0,23,23,0,23,0,22,1,4,15,4,4,19,0,23,MULANUR,6167,6492fcc3680216eb6c940b8d,2026-08-22T17:51:19.829Z,2026-27,TIRUPPUR,63f9cbbc519359b7438e3ca7,23,0,0,2026-09-16T18:06:09.078Z,0,21,2,0,0,23,1,0,22,6a89e1973b14e122894ff712,Soil Health Card RKVY,660f941a5c8405ca8375c7c6,TAMIL NADU,63f9be9f519359b7438d08bb,2026-09-16T18:08:21.181Z,Ponnivadi,644689,63f9cbd5519359b7438e3ecf
7,2,0,9,9,0,9,0,2,7,0,9,0,0,9,2,7,KUNDADAM,6165,6492fcc3680216eb6c940b8f,2026-09-12T17:59:25.534Z,2026-27,TIRUPPUR,63f9cbbc519359b7438e3ca7,9,0,0,2026-09-16T18:06:09.078Z,0,9,0,0,5,4,2,3,4,6aa592fdaed4427d2640d2dc,Soil Health Card RKVY,660f941a5c8405ca8375c7c6,TAMIL NADU,63f9be9f519359b7438d08bb,2026-09-16T18:08:21.181Z,Uthiyur,644631,63f9cbc2519359b7438e3d38
6,0,0,6,6,0,6,0,5,1,0,6,0,5,1,0,6,KUNDADAM,6165,6492fcc3680216eb6c940b8f,2026-09-12T17:59:25.535Z,2026-27,TIRUPPUR,63f9cbbc519359b7438e3ca7,6,0,0,2026-09-16T18:06:09.078Z,0,6,0,0,1,5,1,1,4,6aa592fdaed4427d2640d2dd,Soil Health Card RKVY,660f941a5c8405ca8375c7c6,TAMIL NADU,63f9be9f519359b7438d08bb,2026-09-16T18:08:21.181Z,Nelali,644633,63f9cbc3519359b7438e3d42
1,0,0,1,1,0,0,1,1,0,0,1,0,0,1,0,1,KUNDADAM,6165,6492fcc3680216eb6c940b8f,2026-09-12T17:59:25.535Z,2026-27,TIRUPPUR,63f9cbbc519359b7438e3ca7,1,0,0,2026-09-16T18:06:09.078Z,0,1,0,0,1,0,0,1,0,6aa592fdaed4427d2640d2df,Soil Health Card RKVY,660f941a5c8405ca8375c7c6,TAMIL NADU,63f9be9f519359b7438d08bb,2026-09-16T18:08:21.181Z,Kokkampalayam,644634,63f9cbc7519359b7438e3da8
7,1,0,8,8,0,5,3,2,6,0,7,1,0,8,0,8,KUNDADAM,6165,6492fcc3680216eb6c940b8f,2026-09-12T17:59:25.535Z,2026-27,TIRUPPUR,63f9cbbc519359b7438e3ca7,8,0,0,2026-09-16T18:06:09.078Z,0,8,0,0,5,3,1,2,5,6aa592fdaed4427d2640d2e1,Soil Health Card RKVY,660f941a5c8405ca8375c7c6,TAMIL NADU,63f9be9f519359b7438d08bb,2026-09-16T18:08:21.181Z,Jothiampatti,644635,63f9cbcf519359b7438e3e48
2,0,0,2,2,0,2,0,2,0,0,2,0,1,1,1,1,KUNDADAM,6165,6492fcc3680216eb6c940b8f,2026-09-12T17:59:25.535Z,2026-27,TIRUPPUR,63f9cbbc519359b7438e3ca7,2,0,0,2026-09-16T18:06:09.078Z,0,2,0,0,1,1,0,1,1,6aa592fdaed4427d2640d2e2,Soil Health Card RKVY,660f941a5c8405ca8375c7c6,TAMIL NADU,63f9be9f519359b7438d08bb,2026-09-16T18:08:21.181Z,Muthiampatti,644671,63f9cbd0519359b7438e3e5c
12,1,0,13,13,0,11,2,9,4,0,13,0,0,13,2,11,KUNDADAM,6165,6492fcc3680216eb6c940b8f,2026-09-12T17:59:25.535Z,2026-27,TIRUPPUR,63f9cbbc519359b7438e3ca7,13,0,0,2026-09-16T18:06:09.078Z,0,13,0,0,7,6,0,8,5,6aa592fdaed4427d2640d2e3,Soil Health Card RKVY,660f941a5c8405ca8375c7c6,TAMIL NADU,63f9be9f519359b7438d08bb,2026-09-16T18:08:21.181Z,Manurpalayam,644668,63f9cbd1519359b7438e3e70
15,0,0,15,15,0,14,1,11,4,0,14,1,11,4,0,15,KUNDADAM,6165,6492fcc3680216eb6c940b8f,2026-09-12T17:59:25.535Z,2026-27,TIRUPPUR,63f9cbbc519359b7438e3ca7,15,0,0,2026-09-16T18:06:09.078Z,0,15,0,0,2,13,1,1,13,6aa592fdaed4427d2640d2e4,Soil Health Card RKVY,660f941a5c8405ca8375c7c6,TAMIL NADU,63f9be9f519359b7438d08bb,2026-09-16T18:08:21.181Z,Nandavanampalayam,644669,63f9cbd4519359b7438e3eb6
8,1,0,9,9,0,8,1,7,2,0,9,0,5,4,0,9,KUNDADAM,6165,6492fcc3680216eb6c940b8f,2026-09-12T17:59:25.535Z,2026-27,TIRUPPUR,63f9cbbc519359b7438e3ca7,9,0,0,2026-09-16T18:06:09.078Z,0,9,0,0,1,8,0,4,5,6aa592fdaed4427d2640d2e5,Soil Health Card RKVY,660f941a5c8405ca8375c7c6,TAMIL NADU,63f9be9f519359b7438d08bb,2026-09-16T18:08:21.181Z,Periyakumarapalayam,644672,63f9cbd5519359b7438e3ebb
9,2,0,11,11,0,8,3,7,4,0,11,0,0,11,1,10,KUNDADAM,6165,6492fcc3680216eb6c940b8f,2026-09-12T17:59:25.535Z,2026-27,TIRUPPUR,63f9cbbc519359b7438e3ca7,11,0,0,2026-09-16T18:06:09.078Z,0,11,0,0,8,3,2,6,3,6aa592fdaed4427d2640d2e6,Soil Health Card RKVY,660f941a5c8405ca8375c7c6,TAMIL NADU,63f9be9f519359b7438d08bb,2026-09-16T18:08:21.181Z,Kasilingapalayam,644670,63f9cbd7519359b7438e3ee8
3,0,0,3,3,0,3,0,0,3,0,3,0,0,3,0,3,KUNDADAM,6165,6492fcc3680216eb6c940b8f,2026-09-12T17:59:25.952Z,2026-27,TIRUPPUR,63f9cbbc519359b7438e3ca7,3,0,0,2026-09-16T18:06:09.078Z,0,3,0,0,1,2,0,2,1,6aa592fdaed4427d2640d498,Soil Health Card RKVY,660f941a5c8405ca8375c7c6,TAMIL NADU,63f9be9f519359b7438d08bb,2026-09-16T18:08:21.182Z,Kurukkapalayam,644632,66712997c85c11594671b434
33,7,0,40,40,0,36,4,19,21,0,38,2,11,29,8,32,KANGAYAM,6163,6492fcc3680216eb6c940b93,2026-09-12T17:59:25.535Z,2026-27,TIRUPPUR,63f9cbbc519359b7438e3ca7,38,0,2,2026-09-16T18:06:09.078Z,0,40,0,0,15,25,4,16,20,6aa592fdaed4427d2640d2de,Soil Health Card RKVY,660f941a5c8405ca8375c7c6,TAMIL NADU,63f9be9f519359b7438d08bb,2026-09-16T18:08:21.181Z,Padiyur,644616,63f9cbc6519359b7438e3d7e
1,0,0,1,1,0,1,0,0,1,0,1,0,0,1,1,0,ALWARTHIRUNAGARI,6421,6492fcc5680216eb6c940bc5,2026-07-03T17:57:34.210Z,2026-27,TUTICORIN,63f9c989519359b7438e084c,1,0,0,2026-09-16T18:06:09.078Z,0,1,0,0,0,1,0,0,1,6a47f80e21a0eb11d1e8a525,Soil Health Card RKVY,660f941a5c8405ca8375c7c6,TAMIL NADU,63f9be9f519359b7438d08bb,2026-09-16T18:08:21.181Z,Alagiamanavalapuram,642562,63f9c9e8519359b7438e1141
299,0,2,297,260,39,299,0,0,299,0,298,1,87,212,106,193,KOVILPATTI,6424,6492fcc5680216eb6c940bc9,2026-08-11T17:54:25.145Z,2026-27,TUTICORIN,63f9c989519359b7438e084c,299,0,0,2026-09-16T18:06:09.078Z,3,296,0,0,12,287,31,39,229,6a7b61d11def2707e2a7d632,Soil Health Card RKVY,660f941a5c8405ca8375c7c6,TAMIL NADU,63f9be9f519359b7438d08bb,2026-09-16T18:08:21.181Z,Duraiyoor,642189,63f9c98a519359b7438e086a
198,2,0,200,200,0,200,0,0,200,0,200,0,173,27,63,137,KOVILPATTI,6424,6492fcc5680216eb6c940bc9,2026-07-20T17:48:21.249Z,2026-27,TUTICORIN,63f9c989519359b7438e084c,200,0,0,2026-09-16T18:06:09.078Z,0,200,0,0,1,199,0,78,122,6a5e5f655e1e1d31f8f1f91a,Soil Health Card RKVY,660f941a5c8405ca8375c7c6,TAMIL NADU,63f9be9f519359b7438d08bb,2026-09-16T18:08:21.181Z,Idaiseval II,933407,63f9c98a519359b7438e086f
119,0,0,119,117,2,119,0,0,119,0,119,0,0,119,61,58,KOVILPATTI,6424,6492fcc5680216eb6c940bc9,2026-07-03T17:57:33.643Z,2026-27,TUTICORIN,63f9c989519359b7438e084c,119,0,0,2026-09-16T18:06:09.078Z,0,119,0,0,3,116,0,1,118,6a47f80d21a0eb11d1e8a3a2,Soil Health Card RKVY,660f941a5c8405ca8375c7c6,TAMIL NADU,63f9be9f519359b7438d08bb,2026-09-16T18:08:21.181Z,Tittangulam (CT),642241,63f9c98b519359b7438e0879
240,0,0,240,239,1,240,0,0,240,0,239,1,196,44,207,33,KOVILPATTI,6424,6492fcc5680216eb6c940bc9,2026-07-28T18:06:04.941Z,2026-27,TUTICORIN,63f9c989519359b7438e084c,240,0,0,2026-09-16T18:06:09.078Z,1,239,0,0,0,240,0,131,109,6a68ef8c1a76497cd6b2160f,Soil Health Card RKVY,660f941a5c8405ca8375c7c6,TAMIL NADU,63f9be9f519359b7438d08bb,2026-09-16T18:08:21.181Z,Nalattinputhur - 642174,642174,63f9c98c519359b7438e0897
6,0,0,6,5,1,6,0,0,6,0,6,0,0,6,2,4,KOVILPATTI,6424,6492fcc5680216eb6c940bc9,2026-07-07T17:55:52.733Z,2026-27,TUTICORIN,63f9c989519359b7438e084c,6,0,0,2026-09-16T18:06:09.078Z,0,6,0,0,0,6,0,0,6,6a4d3da86ecf7c5914c58852,Soil Health Card RKVY,660f941a5c8405ca8375c7c6,TAMIL NADU,63f9be9f519359b7438d08bb,2026-09-16T18:08:21.181Z,Alampatti,933409,63f9c98c519359b7438e08a1
258,0,0,258,258,0,258,0,1,257,1,257,0,0,258,191,67,KOVILPATTI,6424,6492fcc5680216eb6c940bc9,2026-07-11T17:48:41.538Z,2026-27,TUTICORIN,63f9c989519359b7438e084c,257,0,1,2026-09-16T18:06:09.078Z,2,256,0,0,0,258,0,52,206,6a5281f91452a5b36fdec92f,Soil Health Card RKVY,660f941a5c8405ca8375c7c6,TAMIL NADU,63f9be9f519359b7438d08bb,2026-09-16T18:08:21.181Z,Kilavipatti - 642186,642186,63f9c98d519359b7438e08ab
130,0,1,129,123,7,130,0,0,130,0,130,0,0,130,75,55,KOVILPATTI,6424,6492fcc5680216eb6c940bc9,2026-08-10T17:48:51.636Z,2026-27,TUTICORIN,63f9c989519359b7438e084c,130,0,0,2026-09-16T18:06:09.078Z,0,130,0,0,0,130,0,69,61,6a7a0f03d5288ecb5564d0fa,Soil Health Card RKVY,660f941a5c8405ca8375c7c6,TAMIL NADU,63f9be9f519359b7438d08bb,2026-09-16T18:08:21.181Z,Manthithoppu (CT),642244,63f9c98e519359b7438e08c9
217,0,0,217,217,0,215,2,0,217,0,217,0,57,160,30,187,KOVILPATTI,6424,6492fcc5680216eb6c940bc9,2026-08-07T17:53:16.293Z,2026-27,TUTICORIN,63f9c989519359b7438e084c,217,0,0,2026-09-16T18:06:09.078Z,5,212,0,0,0,217,0,46,171,6a761b8ca28634dc2cc140a9,Soil Health Card RKVY,660f941a5c8405ca8375c7c6,TAMIL NADU,63f9be9f519359b7438d08bb,2026-09-16T18:08:21.181Z,Ettilappanaickenpatti,642297,63f9c995519359b7438e0970
148,0,0,148,148,0,148,0,0,148,0,147,1,115,33,1,147,KOVILPATTI,6424,6492fcc5680216eb6c940bc9,2026-08-07T17:53:16.293Z,2026-27,TUTICORIN,63f9c989519359b7438e084c,148,0,0,2026-09-16T18:06:09.078Z,0,148,0,0,0,148,0,40,108,6a761b8ca28634dc2cc140aa,Soil Health Card RKVY,660f941a5c8405ca8375c7c6,TAMIL NADU,63f9be9f519359b7438d08bb,2026-09-16T18:08:21.181Z,Manjanaickenpatti,642293,63f9c996519359b7438e098e
39,0,0,39,39,0,39,0,0,39,0,39,0,0,39,8,31,KOVILPATTI,6424,6492fcc5680216eb6c940bc9,2026-09-07T18:11:10.125Z,2026-27,TUTICORIN,63f9c989519359b7438e084c,39,0,0,2026-09-16T18:06:09.078Z,0,39,0,0,0,39,0,19,20,6a9efe3e96c54e28dc2b1f20,Soil Health Card RKVY,660f941a5c8405ca8375c7c6,TAMIL NADU,63f9be9f519359b7438d08bb,2026-09-16T18:08:21.181Z,Kadalaiyur,642260,63f9c997519359b7438e099d
77,0,0,77,77,0,77,0,0,77,0,77,0,0,77,1,76,KOVILPATTI,6424,6492fcc5680216eb6c940bc9,2026-09-03T18:08:02.713Z,2026-27,TUTICORIN,63f9c989519359b7438e084c,77,0,0,2026-09-16T18:06:09.078Z,0,76,1,0,0,77,0,27,50,6a99b7820649dfa6ff11f3c4,Soil Health Card RKVY,660f941a5c8405ca8375c7c6,TAMIL NADU,63f9be9f519359b7438d08bb,2026-09-16T18:08:21.181Z,Vadakkuppatti,642235,63f9cdc5519359b7438e6a72
180,0,0,180,180,0,180,0,0,180,0,180,0,179,1,1,179,KOVILPATTI,6424,6492fcc5680216eb6c940bc9,2026-08-27T17:52:33.500Z,2026-27,TUTICORIN,63f9c989519359b7438e084c,180,0,0,2026-09-16T18:06:09.078Z,7,173,0,0,0,180,0,49,131,6a90796166839ee331802e8e,Soil Health Card RKVY,660f941a5c8405ca8375c7c6,TAMIL NADU,63f9be9f519359b7438d08bb,2026-09-16T18:08:21.181Z,Nakkalamuthanpatti,642234,63f9cdc5519359b7438e6a77
150,0,0,150,150,0,150,0,0,150,1,147,2,1,149,147,3,KOVILPATTI,6424,6492fcc5680216eb6c940bc9,2026-07-21T17:49:16.838Z,2026-27,TUTICORIN,63f9c989519359b7438e084c,150,0,0,2026-09-16T18:06:09.078Z,0,150,0,0,2,148,0,29,121,6a5fb11c86012d52ad4c7422,Soil Health Card RKVY,660f941a5c8405ca8375c7c6,TAMIL NADU,63f9be9f519359b7438d08bb,2026-09-16T18:08:21.181Z,Pitchaithalaivanpatti,642236,63f9cdc5519359b7438e6a7c
31,107,0,138,138,0,138,0,0,138,0,138,0,0,138,137,1,PUDUR,6426,6492fcc5680216eb6c940bcb,2026-09-10T18:12:36.896Z,2026-27,TUTICORIN,63f9c989519359b7438e084c,138,0,0,2026-09-16T18:06:09.078Z,2,136,0,0,2,136,99,1,38,6aa2f314dfa3538f38d26514,Soil Health Card RKVY,660f941a5c8405ca8375c7c6,TAMIL NADU,63f9be9f519359b7438d08bb,2026-09-16T18:08:21.181Z,Vedapatti,642267,63f9c990519359b7438e08fd
159,62,0,221,221,0,221,0,93,128,1,220,0,24,197,60,161,PUDUR,6426,6492fcc5680216eb6c940bcb,2026-09-02T18:08:59.155Z,2026-27,TUTICORIN,63f9c989519359b7438e084c,221,0,0,2026-09-16T18:06:09.078Z,0,221,0,0,0,221,48,15,158,6a98663bc6fb74a8ae65b413,Soil Health Card RKVY,660f941a5c8405ca8375c7c6,TAMIL NADU,63f9be9f519359b7438d08bb,2026-09-16T18:08:21.181Z,Ayan Vadamalaipuram,642252,63f9c990519359b7438e0902
80,0,0,80,80,0,44,36,0,80,0,80,0,66,14,79,1,PUDUR,6426,6492fcc5680216eb6c940bcb,2026-09-02T18:08:59.155Z,2026-27,TUTICORIN,63f9c989519359b7438e084c,80,0,0,2026-09-16T18:06:09.078Z,0,80,0,0,0,80,5,42,33,6a98663bc6fb74a8ae65b414,Soil Health Card RKVY,660f941a5c8405ca8375c7c6,TAMIL NADU,63f9be9f519359b7438d08bb,2026-09-16T18:08:21.181Z,Melakarandai,642248,63f9c991519359b7438e0911
122,189,1,310,311,0,306,5,0,311,0,298,13,83,228,172,139,PUDUR,6426,6492fcc5680216eb6c940bcb,2026-09-02T18:08:59.155Z,2026-27,TUTICORIN,63f9c989519359b7438e084c,309,0,2,2026-09-16T18:06:09.078Z,0,311,0,0,31,280,25,202,84,6a98663bc6fb74a8ae65b415,Soil Health Card RKVY,660f941a5c8405ca8375c7c6,TAMIL NADU,63f9be9f519359b7438d08bb,2026-09-16T18:08:21.181Z,Madalapuram,642309,63f9c99d519359b7438e0a3a
0,45,0,45,45,0,45,0,0,45,0,45,0,0,45,45,0,PUDUR,6426,6492fcc5680216eb6c940bcb,2026-09-02T18:08:59.156Z,2026-27,TUTICORIN,63f9c989519359b7438e084c,45,0,0,2026-09-16T18:06:09.078Z,0,45,0,0,0,45,12,0,33,6a98663bc6fb74a8ae65b416,Soil Health Card RKVY,660f941a5c8405ca8375c7c6,TAMIL NADU,63f9be9f519359b7438d08bb,2026-09-16T18:08:21.181Z,Mavilodai,642322,63f9c9a0519359b7438e0a85
3,58,0,61,61,0,61,0,1,60,0,61,0,1,60,51,10,PUDUR,6426,6492fcc5680216eb6c940bcb,2026-09-05T18:05:47.140Z,2026-27,TUTICORIN,63f9c989519359b7438e084c,60,1,0,2026-09-16T18:06:09.078Z,0,61,0,0,0,61,16,0,45,6a9c59fb4c7f9e58219799af,Soil Health Card RKVY,660f941a5c8405ca8375c7c6,TAMIL NADU,63f9be9f519359b7438d08bb,2026-09-16T18:08:21.181Z,Muthiahpuram,642341,63f9c9a3519359b7438e0aad
5,97,1,101,102,0,101,1,0,102,0,102,0,0,102,59,43,PUDUR,6426,6492fcc5680216eb6c940bcb,2026-09-05T18:05:47.140Z,2026-27,TUTICORIN,63f9c989519359b7438e084c,102,0,0,2026-09-16T18:06:09.078Z,0,100,2,0,3,99,27,0,75,6a9c59fb4c7f9e58219799b0,Soil Health Card RKVY,660f941a5c8405ca8375c7c6,TAMIL NADU,63f9be9f519359b7438d08bb,2026-09-16T18:08:21.181Z,Ramachandrapuram,642340,63f9c9a6519359b7438e0af8
43,229,0,272,272,0,272,0,1,271,0,269,3,100,172,76,196,PUDUR,6426,6492fcc5680216eb6c940bcb,2026-09-07T18:11:10.126Z,2026-27,TUTICORIN,63f9c989519359b7438e084c,271,1,0,2026-09-16T18:06:09.078Z,0,272,0,0,31,241,7,102,163,6a9efe3e96c54e28dc2b1f21,Soil Health Card RKVY,660f941a5c8405ca8375c7c6,TAMIL NADU,63f9be9f519359b7438d08bb,2026-09-16T18:08:21.181Z,Shankaralinapuram,642316,63f9c9a7519359b7438e0b1b
34,196,0,231,231,0,225,6,2,229,0,231,0,5,226,215,16,PUDUR,6426,6492fcc5680216eb6c940bcb,2026-09-03T18:08:02.702Z,2026-27,TUTICORIN,63f9c989519359b7438e084c,231,0,0,2026-09-16T18:06:09.078Z,0,231,0,0,1,230,79,0,152,6a99b7820649dfa6ff11f3c0,Soil Health Card RKVY,660f941a5c8405ca8375c7c6,TAMIL NADU,63f9be9f519359b7438d08bb,2026-09-16T18:08:21.181Z,Mettilpatti,642300,63f9c9aa519359b7438e0b5c
100,0,0,100,74,26,100,0,0,100,0,100,0,0,100,100,0,KAYATHAR,6423,6492fcc5680216eb6c940bcd,2026-08-29T17:52:22.744Z,2026-27,TUTICORIN,63f9c989519359b7438e084c,100,0,0,2026-09-16T18:06:09.078Z,0,100,0,0,0,100,0,10,90,6a931c56dfe37efc9fb7b629,Soil Health Card RKVY,660f941a5c8405ca8375c7c6,TAMIL NADU,63f9be9f519359b7438d08bb,2026-09-16T18:08:21.181Z,Chettikurichi,642194,63f9c9dd519359b7438e1031
99,0,0,99,99,0,99,0,0,99,0,99,0,1,98,7,92,KAYATHAR,6423,6492fcc5680216eb6c940bcd,2026-08-12T17:53:19.046Z,2026-27,TUTICORIN,63f9c989519359b7438e084c,88,1,10,2026-09-16T18:06:09.078Z,4,95,0,0,0,99,0,13,86,6a7cb30fa35788b129ffe119,Soil Health Card RKVY,660f941a5c8405ca8375c7c6,TAMIL NADU,63f9be9f519359b7438d08bb,2026-09-16T18:08:21.181Z,Terku Ilandaikulam,642222,63f9c9df519359b7438e105e
175,0,0,175,175,0,175,0,0,175,0,175,0,0,175,23,152,KAYATHAR,6423,6492fcc5680216eb6c940bcd,2026-08-12T17:53:19.046Z,2026-27,TUTICORIN,63f9c989519359b7438e084c,173,0,2,2026-09-16T18:06:09.078Z,6,169,0,0,0,175,0,27,148,6a7cb30fa35788b129ffe11a,Soil Health Card RKVY,660f941a5c8405ca8375c7c6,TAMIL NADU,63f9be9f519359b7438d08bb,2026-09-16T18:08:21.181Z,Vadakku Ilandaikulam,642218,63f9c9df519359b7438e1068
87,0,0,87,87,0,87,0,0,87,0,87,0,87,0,45,42,KAYATHAR,6423,6492fcc5680216eb6c940bcd,2026-09-01T17:56:44.448Z,2026-27,TUTICORIN,63f9c989519359b7438e084c,87,0,0,2026-09-16T18:06:09.078Z,3,84,0,0,0,87,0,48,39,6a9711dc0fb5ed24f8eeec4c,Soil Health Card RKVY,660f941a5c8405ca8375c7c6,TAMIL NADU,63f9be9f519359b7438d08bb,2026-09-16T18:08:21.181Z,Savalapperi - 642197,642197,63f9c9e2519359b7438e10ae
69,0,0,69,69,0,69,0,0,69,0,69,0,0,69,2,67,KAYATHAR,6423,6492fcc5680216eb6c940bcd,2026-08-21T17:49:37.064Z,2026-27,TUTICORIN,63f9c989519359b7438e084c,69,0,0,2026-09-16T18:06:09.078Z,0,69,0,0,0,69,0,25,44,6a888fb1c4bf95656e88a78d,Soil Health Card RKVY,660f941a5c8405ca8375c7c6,TAMIL NADU,63f9be9f519359b7438d08bb,2026-09-16T18:08:21.181Z,Asoor,642198,63f9c9e2519359b7438e10b3
1,0,0,1,1,0,1,0,0,1,0,1,0,0,1,0,1,VILATHIKULAM,6432,6492fcc6680216eb6c940bcf,2026-08-07T17:53:16.293Z,2026-27,TUTICORIN,63f9c989519359b7438e084c,1,0,0,2026-09-16T18:06:09.078Z,0,1,0,0,0,1,0,0,1,6a761b8ca28634dc2cc140ab,Soil Health Card RKVY,660f941a5c8405ca8375c7c6,TAMIL NADU,63f9be9f519359b7438d08bb,2026-09-16T18:08:21.181Z,Ariyanayakipuram,642342,63f9c99f519359b7438e0a71
14,33,0,47,47,0,0,47,1,46,0,47,0,1,46,46,1,OTTAPIDARAM,6425,6492fcc6680216eb6c940bd1,2026-08-04T17:50:37.740Z,2026-27,TUTICORIN,63f9c989519359b7438e084c,47,0,0,2026-09-16T18:06:09.078Z,0,47,0,0,0,47,0,3,44,6a72266d707b2ec6eb4935e9,Soil Health Card RKVY,660f941a5c8405ca8375c7c6,TAMIL NADU,63f9be9f519359b7438d08bb,2026-09-16T18:08:21.181Z,Minakshipuram,642391,63f9c9ae519359b7438e0bb8
149,1,0,148,150,0,149,1,8,142,0,150,0,48,102,132,18,OTTAPIDARAM,6425,6492fcc6680216eb6c940bd1,2026-06-19T18:03:29.727Z,2026-27,TUTICORIN,63f9c989519359b7438e084c,150,0,0,2026-09-16T18:06:09.078Z,0,150,0,0,1,149,4,83,63,6a3584713540dd9c519cdef2,Soil Health Card RKVY,660f941a5c8405ca8375c7c6,TAMIL NADU,63f9be9f519359b7438d08bb,2026-09-16T18:08:21.181Z,Kumara Ettaiyapuram,642392,63f9c9ae519359b7438e0bbd
0,270,0,270,269,1,270,0,0,270,0,179,91,249,21,261,9,OTTAPIDARAM,6425,6492fcc6680216eb6c940bd1,2026-09-11T18:14:53.292Z,2026-27,TUTICORIN,63f9c989519359b7438e084c,268,0,2,2026-09-16T18:06:09.078Z,0,270,0,0,0,270,1,169,100,6aa4451dbe4706ff667e953f,Soil Health Card RKVY,660f941a5c8405ca8375c7c6,TAMIL NADU,63f9be9f519359b7438d08bb,2026-09-16T18:08:21.181Z,Chandragiri,642401,63f9c9b3519359b7438e0c35
104,1,0,105,105,0,105,0,0,105,0,105,0,101,4,104,1,OTTAPIDARAM,6425,6492fcc6680216eb6c940bd1,2026-07-03T17:57:33.879Z,2026-27,TUTICORIN,63f9c989519359b7438e084c,104,0,1,2026-09-16T18:06:09.078Z,0,105,0,0,0,105,0,47,58,6a47f80d21a0eb11d1e8a434,Soil Health Card RKVY,660f941a5c8405ca8375c7c6,TAMIL NADU,63f9be9f519359b7438d08bb,2026-09-16T18:08:21.181Z,Swaminatham,642444,63f9c9b4519359b7438e0c49
108,77,0,185,183,2,183,2,21,164,0,185,0,29,156,114,71,OTTAPIDARAM,6425,6492fcc6680216eb6c940bd1,2026-07-15T17:50:52.201Z,2026-27,TUTICORIN,63f9c989519359b7438e084c,169,1,15,2026-09-16T18:06:09.078Z,0,185,0,3,7,175,27,24,134,6a57c87cd5731d6bd6441396,Soil Health Card RKVY,660f941a5c8405ca8375c7c6,TAMIL NADU,63f9be9f519359b7438d08bb,2026-09-16T18:08:21.181Z,Marudanvalvoonaraikinar,642432,63f9c9b4519359b7438e0c53
5,6,0,11,10,1,4,7,0,11,0,11,0,0,11,2,9,OTTAPIDARAM,6425,6492fcc6680216eb6c940bd1,2026-08-07T17:53:16.294Z,2026-27,TUTICORIN,63f9c989519359b7438e084c,11,0,0,2026-09-16T18:06:09.078Z,0,11,0,0,0,11,3,0,8,6a761b8ca28634dc2cc140ad,Soil Health Card RKVY,660f941a5c8405ca8375c7c6,TAMIL NADU,63f9be9f519359b7438d08bb,2026-09-16T18:08:21.181Z,Panchalamkurich,642417,63f9c9b5519359b7438e0c7b
20,143,0,163,146,17,163,0,0,163,0,163,0,40,123,0,163,OTTAPIDARAM,6425,6492fcc6680216eb6c940bd1,2026-09-03T18:08:02.702Z,2026-27,TUTICORIN,63f9c989519359b7438e084c,137,0,26,2026-09-16T18:06:09.078Z,0,163,0,0,4,159,0,123,40,6a99b7820649dfa6ff11f3c1,Soil Health Card RKVY,660f941a5c8405ca8375c7c6,TAMIL NADU,63f9be9f519359b7438d08bb,2026-09-16T18:08:21.181Z,Malaipatti,642410,63f9c9b8519359b7438e0cb7
15,142,0,157,137,20,157,0,0,157,0,157,0,8,149,0,157,OTTAPIDARAM,6425,6492fcc6680216eb6c940bd1,2026-09-02T18:08:59.156Z,2026-27,TUTICORIN,63f9c989519359b7438e084c,128,0,29,2026-09-16T18:06:09.078Z,0,157,0,0,0,157,0,110,47,6a98663bc6fb74a8ae65b417,Soil Health Card RKVY,660f941a5c8405ca8375c7c6,TAMIL NADU,63f9be9f519359b7438d08bb,2026-09-16T18:08:21.181Z,Muramban,642429,63f9c9b9519359b7438e0cc6
138,79,0,217,216,1,86,131,46,171,0,217,0,157,60,170,47,SATTANKULAM,6427,6492fcc6680216eb6c940bd3,2026-08-31T17:56:56.038Z,2026-27,TUTICORIN,63f9c989519359b7438e084c,123,41,53,2026-09-16T18:06:09.078Z,0,217,0,16,0,201,76,20,121,6a95c068700f6639f44288a0,Soil Health Card RKVY,660f941a5c8405ca8375c7c6,TAMIL NADU,63f9be9f519359b7438d08bb,2026-09-16T18:08:21.181Z,Pudukulam,642610,63f9c9d3519359b7438e0f44
289,0,0,288,265,24,159,130,0,289,0,289,0,79,210,89,200,SATTANKULAM,6427,6492fcc6680216eb6c940bd3,2026-07-01T17:48:12.028Z,2026-27,TUTICORIN,63f9c989519359b7438e084c,289,0,0,2026-09-16T18:06:09.078Z,0,289,0,0,0,289,8,32,249,6a4552dcfde36702e709996d,Soil Health Card RKVY,660f941a5c8405ca8375c7c6,TAMIL NADU,63f9be9f519359b7438d08bb,2026-09-16T18:08:21.181Z,Pannamparai,642604,63f9c9d3519359b7438e0f49
93,179,35,237,269,3,56,216,40,232,0,272,0,146,126,163,109,SATTANKULAM,6427,6492fcc6680216eb6c940bd3,2026-07-28T18:06:04.942Z,2026-27,TUTICORIN,63f9c989519359b7438e084c,157,42,73,2026-09-16T18:06:09.078Z,0,272,0,0,0,272,10,26,236,6a68ef8c1a76497cd6b21610,Soil Health Card RKVY,660f941a5c8405ca8375c7c6,TAMIL NADU,63f9be9f519359b7438d08bb,2026-09-16T18:08:21.181Z,Palangulam ,642600,63f9c9d4519359b7438e0f62
2,93,67,28,95,0,65,30,27,68,0,95,0,32,63,27,68,SATTANKULAM,6427,6492fcc6680216eb6c940bd3,2026-08-31T17:56:56.038Z,2026-27,TUTICORIN,63f9c989519359b7438e084c,0,94,1,2026-09-16T18:06:09.078Z,0,95,0,23,0,72,64,0,31,6a95c068700f6639f44288a1,Soil Health Card RKVY,660f941a5c8405ca8375c7c6,TAMIL NADU,63f9be9f519359b7438d08bb,2026-09-16T18:08:21.181Z,Naduvakkurichi,642615,63f9c9d4519359b7438e0f67
0,10,0,10,10,0,10,0,0,10,0,0,10,8,2,0,10,THOOTHUKKUDI,6429,6492fcc6680216eb6c940bd7,2026-09-15T18:09:34.228Z,2026-27,TUTICORIN,63f9c989519359b7438e084c,10,0,0,2026-09-16T18:06:09.078Z,0,10,0,0,0,10,2,2,6,6aa989de05ad99588db77b21,Soil Health Card RKVY,660f941a5c8405ca8375c7c6,TAMIL NADU,63f9be9f519359b7438d08bb,2026-09-16T18:08:21.181Z,Kumaragiri (CT),642479,63f9c9b9519359b7438e0cd7
0,128,0,128,122,6,128,0,0,128,11,34,83,29,99,0,128,THOOTHUKKUDI,6429,6492fcc6680216eb6c940bd7,2026-09-04T18:06:34.821Z,2026-27,TUTICORIN,63f9c989519359b7438e084c,127,1,0,2026-09-16T18:06:09.078Z,0,115,13,0,4,124,0,34,94,6a9b08aa38dadf9c04333cef,Soil Health Card RKVY,660f941a5c8405ca8375c7c6,TAMIL NADU,63f9be9f519359b7438d08bb,2026-09-16T18:08:21.181Z,Maravanmatam,642464,63f9c9ba519359b7438e0cfa
0,92,0,92,92,0,92,0,0,92,5,40,47,10,82,0,92,THOOTHUKKUDI,6429,6492fcc6680216eb6c940bd7,2026-09-04T18:06:34.822Z,2026-27,TUTICORIN,63f9c989519359b7438e084c,88,0,4,2026-09-16T18:06:09.078Z,0,91,1,0,5,87,0,43,49,6a9b08aa38dadf9c04333cf0,Soil Health Card RKVY,660f941a5c8405ca8375c7c6,TAMIL NADU,63f9be9f519359b7438d08bb,2026-09-16T18:08:21.181Z,Kuttudankadu,642467,63f9c9bd519359b7438e0d36
0,34,0,34,34,0,34,0,0,34,0,21,13,0,34,33,1,THOOTHUKKUDI,6429,6492fcc6680216eb6c940bd7,2026-09-15T18:09:34.228Z,2026-27,TUTICORIN,63f9c989519359b7438e084c,34,0,0,2026-09-16T18:06:09.078Z,0,34,0,0,0,34,0,34,0,6aa989de05ad99588db77b22,Soil Health Card RKVY,660f941a5c8405ca8375c7c6,TAMIL NADU,63f9be9f519359b7438d08bb,2026-09-16T18:08:21.181Z,Varthakareddipatti,642468,63f9c9bd519359b7438e0d3b
0,18,0,18,18,0,18,0,0,18,0,18,0,10,8,3,15,THOOTHUKKUDI,6429,6492fcc6680216eb6c940bd7,2026-09-15T18:09:34.228Z,2026-27,TUTICORIN,63f9c989519359b7438e084c,18,0,0,2026-09-16T18:06:09.078Z,0,18,0,0,0,18,0,18,0,6aa989de05ad99588db77b23,Soil Health Card RKVY,660f941a5c8405ca8375c7c6,TAMIL NADU,63f9be9f519359b7438d08bb,2026-09-16T18:08:21.181Z,Ramanathapuram,642469,63f9c9be519359b7438e0d45
0,38,0,38,38,0,38,0,0,38,0,32,6,32,6,35,3,THOOTHUKKUDI,6429,6492fcc6680216eb6c940bd7,2026-09-15T18:09:34.228Z,2026-27,TUTICORIN,63f9c989519359b7438e084c,38,0,0,2026-09-16T18:06:09.078Z,0,38,0,0,0,38,0,38,0,6aa989de05ad99588db77b24,Soil Health Card RKVY,660f941a5c8405ca8375c7c6,TAMIL NADU,63f9be9f519359b7438d08bb,2026-09-16T18:08:21.181Z,Dalvaypuram,642459,63f9c9be519359b7438e0d54
139,1,0,140,140,0,86,54,0,140,0,140,0,1,139,4,136,THOOTHUKKUDI,6429,6492fcc6680216eb6c940bd7,2026-09-01T17:56:44.447Z,2026-27,TUTICORIN,63f9c989519359b7438e084c,21,0,119,2026-09-16T18:06:09.078Z,0,140,0,1,0,139,19,65,56,6a9711dc0fb5ed24f8eeec4b,Soil Health Card RKVY,660f941a5c8405ca8375c7c6,TAMIL NADU,63f9be9f519359b7438d08bb,2026-09-16T18:08:21.181Z,Mudivaithanendal,642470,63f9c9bf519359b7438e0d59
28,32,0,60,60,0,60,0,0,60,0,60,0,0,60,0,60,MADHANUR,6444,6492fcc3680216eb6c940b79,2026-08-31T17:56:56.044Z,2026-27,Tirupathur,63f9cd80519359b7438e6435,0,0,60,2026-09-16T18:06:09.078Z,0,60,0,0,0,60,0,0,60,6a95c068700f6639f44288a6,Soil Health Card RKVY,660f941a5c8405ca8375c7c6,TAMIL NADU,63f9be9f519359b7438d08bb,2026-09-16T18:08:21.181Z,Karapattu,631013,63f9cd9a519359b7438e6685
9,0,0,9,9,0,9,0,0,9,0,9,0,0,9,0,9,JOLARPET,6438,6492fcc3680216eb6c940b7d,2026-09-07T18:11:10.135Z,2026-27,Tirupathur,63f9cd80519359b7438e6435,0,0,9,2026-09-16T18:06:09.078Z,0,9,0,0,0,9,0,0,9,6a9efe3e96c54e28dc2b1f29,Soil Health Card RKVY,660f941a5c8405ca8375c7c6,TAMIL NADU,63f9be9f519359b7438d08bb,2026-09-16T18:08:21.181Z,Chinnamottur,631074,63f9cdb2519359b7438e68b4
0,34,0,34,34,0,34,0,4,30,0,34,0,2,32,0,34,JOLARPET,6438,6492fcc3680216eb6c940b7d,2026-08-28T17:53:48.077Z,2026-27,Tirupathur,63f9cd80519359b7438e6435,0,0,34,2026-09-16T18:06:09.078Z,0,34,0,0,0,34,0,0,34,6a91cb2c5c17f4f3a547d9b7,Soil Health Card RKVY,660f941a5c8405ca8375c7c6,TAMIL NADU,63f9be9f519359b7438d08bb,2026-09-16T18:08:21.181Z,Agraharam,631090,63f9cdb4519359b7438e68d2
6,46,0,52,52,0,52,0,0,52,0,46,6,0,52,0,52,JOLARPET,6438,6492fcc3680216eb6c940b7d,2026-08-19T17:52:00.838Z,2026-27,Tirupathur,63f9cd80519359b7438e6435,4,1,47,2026-09-16T18:06:09.078Z,0,52,0,0,0,52,0,9,43,6a85ed4046db0790f5186ea5,Soil Health Card RKVY,660f941a5c8405ca8375c7c6,TAMIL NADU,63f9be9f519359b7438d08bb,2026-09-16T18:08:21.181Z,Mallapalli,631089,63f9cdb4519359b7438e68dc
0,8,0,8,8,0,8,0,0,8,0,8,0,1,7,0,8,JOLARPET,6438,6492fcc3680216eb6c940b7d,2026-08-31T17:56:56.044Z,2026-27,Tirupathur,63f9cd80519359b7438e6435,0,0,8,2026-09-16T18:06:09.078Z,0,8,0,0,0,8,0,0,8,6a95c068700f6639f44288a7,Soil Health Card RKVY,660f941a5c8405ca8375c7c6,TAMIL NADU,63f9be9f519359b7438d08bb,2026-09-16T18:08:21.181Z,Peddakallupalli,630945,63f9cdb5519359b7438e68f5
18,8,0,26,26,0,26,0,0,26,0,26,0,9,17,0,26,NATRAMPALLI,6445,6492fcc3680216eb6c940b7f,2026-09-08T18:04:10.756Z,2026-27,Tirupathur,63f9cd80519359b7438e6435,2,0,24,2026-09-16T18:06:09.078Z,0,26,0,0,0,26,4,0,22,6aa04e1a4fbfe3b4fac524ec,Soil Health Card RKVY,660f941a5c8405ca8375c7c6,TAMIL NADU,63f9be9f519359b7438d08bb,2026-09-16T18:08:21.181Z,Nayanaseruvu,631069,63f9cdb3519359b7438e68c3
6,0,0,6,6,0,6,0,0,6,0,6,0,2,4,0,6,NATRAMPALLI,6445,6492fcc3680216eb6c940b7f,2026-09-08T18:04:10.756Z,2026-27,Tirupathur,63f9cd80519359b7438e6435,0,0,6,2026-09-16T18:06:09.078Z,0,6,0,0,0,6,0,0,6,6aa04e1a4fbfe3b4fac524ed,Soil Health Card RKVY,660f941a5c8405ca8375c7c6,TAMIL NADU,63f9be9f519359b7438d08bb,2026-09-16T18:08:21.181Z,Mallangunda,630948,63f9cdb3519359b7438e68cd
1,0,0,1,1,0,1,0,0,1,0,1,0,0,1,0,1,NATRAMPALLI,6445,6492fcc3680216eb6c940b7f,2026-09-08T18:04:10.756Z,2026-27,Tirupathur,63f9cd80519359b7438e6435,0,0,1,2026-09-16T18:06:09.078Z,0,1,0,0,0,1,0,0,1,6aa04e1a4fbfe3b4fac524ee,Soil Health Card RKVY,660f941a5c8405ca8375c7c6,TAMIL NADU,63f9be9f519359b7438d08bb,2026-09-16T18:08:21.181Z,Sorakanatham,631068,63f9cdb5519359b7438e68fa
0,2,0,2,2,0,2,0,0,2,0,2,0,2,0,0,2,NATRAMPALLI,6445,6492fcc3680216eb6c940b7f,2026-09-08T18:04:10.756Z,2026-27,Tirupathur,63f9cd80519359b7438e6435,0,0,2,2026-09-16T18:06:09.078Z,0,2,0,0,0,2,0,0,2,6aa04e1a4fbfe3b4fac524ef,Soil Health Card RKVY,660f941a5c8405ca8375c7c6,TAMIL NADU,63f9be9f519359b7438d08bb,2026-09-16T18:08:21.181Z,Kurumbavanigunta,630935,63f9cdb6519359b7438e6913
3,0,0,3,3,0,3,0,2,1,0,1,2,3,0,1,2,VIKRAVANDI,6474,6492fcc8680216eb6c940bff,2026-09-09T18:08:01.625Z,2026-27,VILLUPURAM,63f9ca3a519359b7438e194b,1,0,2,2026-09-16T18:06:09.078Z,0,3,0,0,0,3,3,0,0,6aa1a081a9301e4c4acd10f9,Soil Health Card RKVY,660f941a5c8405ca8375c7c6,TAMIL NADU,63f9be9f519359b7438d08bb,2026-09-16T18:08:21.181Z,Vikravandi R.F.,633049,63f9caa8519359b7438e239c
6,0,0,6,6,0,6,0,6,0,0,6,0,0,6,0,6,VIKRAVANDI,6474,6492fcc8680216eb6c940bff,2026-09-15T18:09:34.229Z,2026-27,VILLUPURAM,63f9ca3a519359b7438e194b,0,0,6,2026-09-16T18:06:09.078Z,0,6,0,0,0,6,6,0,0,6aa989de05ad99588db77b28,Soil Health Card RKVY,660f941a5c8405ca8375c7c6,TAMIL NADU,63f9be9f519359b7438d08bb,2026-09-16T18:08:21.181Z,Sattanur,632884,63f9cab5519359b7438e24d9
9,0,0,9,9,0,9,0,9,0,1,7,1,9,0,1,8,VIKRAVANDI,6474,6492fcc8680216eb6c940bff,2026-09-09T18:08:01.625Z,2026-27,VILLUPURAM,63f9ca3a519359b7438e194b,7,0,2,2026-09-16T18:06:09.078Z,0,9,0,0,0,9,2,0,7,6aa1a081a9301e4c4acd10fc,Soil Health Card RKVY,660f941a5c8405ca8375c7c6,TAMIL NADU,63f9be9f519359b7438d08bb,2026-09-16T18:08:21.181Z,Kundalappuliyur,632872,63f9cab6519359b7438e24f7
7,0,0,7,7,0,7,0,7,0,0,7,0,0,7,0,7,VIKRAVANDI,6474,6492fcc8680216eb6c940bff,2026-09-15T18:09:34.229Z,2026-27,VILLUPURAM,63f9ca3a519359b7438e194b,0,0,7,2026-09-16T18:06:09.078Z,0,7,0,0,0,7,7,0,0,6aa989de05ad99588db77b29,Soil Health Card RKVY,660f941a5c8405ca8375c7c6,TAMIL NADU,63f9be9f519359b7438d08bb,2026-09-16T18:08:21.181Z,Vakkur,632935,63f9cabf519359b7438e25bf
2,0,0,2,2,0,2,0,2,0,0,2,0,0,2,0,2,VIKRAVANDI,6474,6492fcc8680216eb6c940bff,2026-09-15T18:09:34.229Z,2026-27,VILLUPURAM,63f9ca3a519359b7438e194b,0,0,2,2026-09-16T18:06:09.078Z,0,2,0,0,0,2,2,0,0,6aa989de05ad99588db77b2a,Soil Health Card RKVY,660f941a5c8405ca8375c7c6,TAMIL NADU,63f9be9f519359b7438d08bb,2026-09-16T18:08:21.181Z,Pappanapattu,632892,63f9cac2519359b7438e2600
1,0,0,1,1,0,1,0,1,0,0,1,0,0,1,0,1,VIKRAVANDI,6474,6492fcc8680216eb6c940bff,2026-09-15T18:09:34.229Z,2026-27,VILLUPURAM,63f9ca3a519359b7438e194b,0,0,1,2026-09-16T18:06:09.078Z,0,1,0,0,0,1,1,0,0,6aa989de05ad99588db77b2b,Soil Health Card RKVY,660f941a5c8405ca8375c7c6,TAMIL NADU,63f9be9f519359b7438d08bb,2026-09-16T18:08:21.181Z,Panappakkam,632891,63f9cac2519359b7438e2605
4,0,0,4,4,0,4,0,4,0,2,1,1,4,0,1,3,VIKRAVANDI,6474,6492fcc8680216eb6c940bff,2026-09-09T18:08:01.626Z,2026-27,VILLUPURAM,63f9ca3a519359b7438e194b,1,0,3,2026-09-16T18:06:09.078Z,0,4,0,0,0,4,4,0,0,6aa1a081a9301e4c4acd10fd,Soil Health Card RKVY,660f941a5c8405ca8375c7c6,TAMIL NADU,63f9be9f519359b7438d08bb,2026-09-16T18:08:21.181Z,Avadaiyarpattu,632885,63f9cac3519359b7438e2619
2,0,0,2,2,0,2,0,2,0,0,2,0,2,0,0,2,VIKRAVANDI,6474,6492fcc8680216eb6c940bff,2026-09-09T18:08:01.626Z,2026-27,VILLUPURAM,63f9ca3a519359b7438e194b,1,0,1,2026-09-16T18:06:09.078Z,0,2,0,0,0,2,2,0,0,6aa1a081a9301e4c4acd10fe,Soil Health Card RKVY,660f941a5c8405ca8375c7c6,TAMIL NADU,63f9be9f519359b7438d08bb,2026-09-16T18:08:21.181Z,Salai (Vikravandi),632862,63f9cac4519359b7438e2641
8,0,0,8,8,0,8,0,8,0,0,8,0,0,8,0,8,VIKRAVANDI,6474,6492fcc8680216eb6c940bff,2026-09-15T18:09:34.230Z,2026-27,VILLUPURAM,63f9ca3a519359b7438e194b,1,0,7,2026-09-16T18:06:09.078Z,0,8,0,0,0,8,4,0,4,6aa989de05ad99588db77b2c,Soil Health Card RKVY,660f941a5c8405ca8375c7c6,TAMIL NADU,63f9be9f519359b7438d08bb,2026-09-16T18:08:21.181Z,Senji kunnathur,632825,63f9cac8519359b7438e2696
1,0,0,1,1,0,1,0,1,0,0,1,0,0,1,0,1,KOLIYANUR,6459,6492fcc8680216eb6c940c01,2026-09-15T18:09:34.229Z,2026-27,VILLUPURAM,63f9ca3a519359b7438e194b,1,0,0,2026-09-16T18:06:09.078Z,0,1,0,0,0,1,1,0,0,6aa989de05ad99588db77b25,Soil Health Card RKVY,660f941a5c8405ca8375c7c6,TAMIL NADU,63f9be9f519359b7438d08bb,2026-09-16T18:08:21.181Z,Melpadi,632950,63f9ca97519359b7438e21fd
4,0,0,4,3,1,4,0,4,0,0,4,0,1,3,0,4,KOLIYANUR,6459,6492fcc8680216eb6c940c01,2026-09-16T18:08:24.852Z,2026-27,VILLUPURAM,63f9ca3a519359b7438e194b,0,0,4,2026-09-16T18:06:09.078Z,0,4,0,0,0,4,4,0,0,6aaadb18815951ad19d1c528,Soil Health Card RKVY,660f941a5c8405ca8375c7c6,TAMIL NADU,63f9be9f519359b7438d08bb,2026-09-16T18:08:24.852Z,Naraiyur,632968,63f9ca97519359b7438e2207
5,0,0,5,5,0,5,0,5,0,0,5,0,0,5,1,4,KOLIYANUR,6459,6492fcc8680216eb6c940c01,2026-09-16T18:08:24.853Z,2026-27,VILLUPURAM,63f9ca3a519359b7438e194b,2,0,3,2026-09-16T18:06:09.078Z,0,5,0,0,0,5,5,0,0,6aaadb18815951ad19d1c529,Soil Health Card RKVY,660f941a5c8405ca8375c7c6,TAMIL NADU,63f9be9f519359b7438d08bb,2026-09-16T18:08:24.853Z,Valavanur - ,933127,63f9ca9c519359b7438e2266
1,0,0,1,1,0,1,0,1,0,0,1,0,0,1,0,1,KOLIYANUR,6459,6492fcc8680216eb6c940c01,2026-09-16T18:08:24.853Z,2026-27,VILLUPURAM,63f9ca3a519359b7438e194b,0,0,1,2026-09-16T18:06:09.078Z,0,1,0,0,0,1,1,0,0,6aaadb18815951ad19d1c52a,Soil Health Card RKVY,660f941a5c8405ca8375c7c6,TAMIL NADU,63f9be9f519359b7438d08bb,2026-09-16T18:08:24.853Z,Kudumiyankuppam,632967,63f9caa2519359b7438e2306
4,0,0,4,4,0,4,0,4,0,0,4,0,0,4,0,4,KOLIYANUR,6459,6492fcc8680216eb6c940c01,2026-09-16T18:08:24.853Z,2026-27,VILLUPURAM,63f9ca3a519359b7438e194b,2,0,2,2026-09-16T18:06:09.078Z,0,4,0,0,0,4,4,0,0,6aaadb18815951ad19d1c52b,Soil Health Card RKVY,660f941a5c8405ca8375c7c6,TAMIL NADU,63f9be9f519359b7438d08bb,2026-09-16T18:08:24.853Z,Illangadu,632957,63f9caa3519359b7438e231a
2,0,0,2,2,0,2,0,2,0,0,2,0,1,1,1,1,KOLIYANUR,6459,6492fcc8680216eb6c940c01,2026-09-11T18:14:53.294Z,2026-27,VILLUPURAM,63f9ca3a519359b7438e194b,2,0,0,2026-09-16T18:06:09.078Z,0,2,0,0,0,2,2,0,0,6aa4451dbe4706ff667e9540,Soil Health Card RKVY,660f941a5c8405ca8375c7c6,TAMIL NADU,63f9be9f519359b7438d08bb,2026-09-16T18:08:21.181Z,Asarakuppam,632903,63f9caa5519359b7438e2347
4,0,0,4,4,0,4,0,4,0,1,3,0,0,4,1,3,KOLIYANUR,6459,6492fcc8680216eb6c940c01,2026-09-11T18:14:53.294Z,2026-27,VILLUPURAM,63f9ca3a519359b7438e194b,1,0,3,2026-09-16T18:06:09.078Z,0,4,0,0,0,4,4,0,0,6aa4451dbe4706ff667e9541,Soil Health Card RKVY,660f941a5c8405ca8375c7c6,TAMIL NADU,63f9be9f519359b7438d08bb,2026-09-16T18:08:21.181Z,Cholampundi,632919,63f9caa5519359b7438e234c
4,0,0,4,4,0,4,0,4,0,0,4,0,0,4,1,3,KOLIYANUR,6459,6492fcc8680216eb6c940c01,2026-09-15T18:09:34.229Z,2026-27,VILLUPURAM,63f9ca3a519359b7438e194b,0,0,4,2026-09-16T18:06:09.078Z,0,4,0,0,0,4,4,0,0,6aa989de05ad99588db77b26,Soil Health Card RKVY,660f941a5c8405ca8375c7c6,TAMIL NADU,63f9be9f519359b7438d08bb,2026-09-16T18:08:21.181Z,Erumananthangal - ,933085,63f9caa7519359b7438e2383
8,0,0,8,8,0,8,0,6,2,1,7,0,8,0,2,6,KOLIYANUR,6459,6492fcc8680216eb6c940c01,2026-09-09T18:08:01.625Z,2026-27,VILLUPURAM,63f9ca3a519359b7438e194b,5,0,3,2026-09-16T18:06:09.078Z,0,8,0,0,0,8,7,0,1,6aa1a081a9301e4c4acd10fa,Soil Health Card RKVY,660f941a5c8405ca8375c7c6,TAMIL NADU,63f9be9f519359b7438d08bb,2026-09-16T18:08:21.181Z,Malavarayanur,632987,63f9caad519359b7438e2405
2,0,0,2,2,0,2,0,2,0,0,2,0,2,0,0,2,KOLIYANUR,6459,6492fcc8680216eb6c940c01,2026-09-09T18:08:01.625Z,2026-27,VILLUPURAM,63f9ca3a519359b7438e194b,2,0,0,2026-09-16T18:06:09.078Z,0,2,0,0,0,2,2,0,0,6aa1a081a9301e4c4acd10fb,Soil Health Card RKVY,660f941a5c8405ca8375c7c6,TAMIL NADU,63f9be9f519359b7438d08bb,2026-09-16T18:08:21.181Z,Salayampalayam (East),632988,63f9caad519359b7438e240a
3,0,0,3,3,0,3,0,3,0,0,3,0,1,2,0,3,KOLIYANUR,6459,6492fcc8680216eb6c940c01,2026-09-16T18:08:24.853Z,2026-27,VILLUPURAM,63f9ca3a519359b7438e194b,1,0,2,2026-09-16T18:06:09.078Z,0,3,0,0,0,3,3,0,0,6aaadb18815951ad19d1c52c,Soil Health Card RKVY,660f941a5c8405ca8375c7c6,TAMIL NADU,63f9be9f519359b7438d08bb,2026-09-16T18:08:24.853Z,Peddureddikuppam,632956,63f9caad519359b7438e240f
3,0,0,3,3,0,3,0,3,0,0,3,0,1,2,0,3,KOLIYANUR,6459,6492fcc8680216eb6c940c01,2026-09-16T18:08:24.853Z,2026-27,VILLUPURAM,63f9ca3a519359b7438e194b,1,0,2,2026-09-16T18:06:09.078Z,0,3,0,0,0,3,3,0,0,6aaadb18815951ad19d1c52d,Soil Health Card RKVY,660f941a5c8405ca8375c7c6,TAMIL NADU,63f9be9f519359b7438d08bb,2026-09-16T18:08:24.853Z,Kallappattu,632955,63f9caae519359b7438e2428
4,0,0,4,4,0,4,0,4,0,0,4,0,2,2,0,4,KOLIYANUR,6459,6492fcc8680216eb6c940c01,2026-09-15T18:09:34.229Z,2026-27,VILLUPURAM,63f9ca3a519359b7438e194b,2,0,2,2026-09-16T18:06:09.078Z,0,4,0,0,0,4,2,0,2,6aa989de05ad99588db77b27,Soil Health Card RKVY,660f941a5c8405ca8375c7c6,TAMIL NADU,63f9be9f519359b7438d08bb,2026-09-16T18:08:21.181Z,Salaiagaram,632953,63f9caaf519359b7438e242d
2,0,0,2,2,0,2,0,2,0,0,2,0,2,0,0,2,KOLIYANUR,6459,6492fcc8680216eb6c940c01,2026-09-11T18:14:53.294Z,2026-27,VILLUPURAM,63f9ca3a519359b7438e194b,1,0,1,2026-09-16T18:06:09.078Z,0,2,0,0,0,2,1,0,1,6aa4451dbe4706ff667e9542,Soil Health Card RKVY,660f941a5c8405ca8375c7c6,TAMIL NADU,63f9be9f519359b7438d08bb,2026-09-16T18:08:21.181Z,Idappalaiyam,632928,63f9caaf519359b7438e2441
5,35,8,32,40,0,40,0,0,40,0,32,8,40,0,27,13,TIRUCHULI,6482,6492fcc8680216eb6c940c03,2026-09-02T18:08:59.158Z,2026-27,VIRUDHUNAGAR,63f9cb02519359b7438e2c10,40,0,0,2026-09-16T18:06:09.078Z,0,40,0,0,1,39,0,37,3,6a98663bc6fb74a8ae65b418,Soil Health Card RKVY,660f941a5c8405ca8375c7c6,TAMIL NADU,63f9be9f519359b7438d08bb,2026-09-16T18:08:21.181Z,Aladipatti,641642,63f9cb5d519359b7438e3487
4,24,5,23,28,0,28,0,0,28,0,20,8,28,0,15,13,TIRUCHULI,6482,6492fcc8680216eb6c940c03,2026-09-02T18:08:59.159Z,2026-27,VIRUDHUNAGAR,63f9cb02519359b7438e2c10,28,0,0,2026-09-16T18:06:09.078Z,0,28,0,0,0,28,0,28,0,6a98663bc6fb74a8ae65b419,Soil Health Card RKVY,660f941a5c8405ca8375c7c6,TAMIL NADU,63f9be9f519359b7438d08bb,2026-09-16T18:08:21.181Z,Muthuramalingapuram,641659,63f9cb62519359b7438e34eb
11,8,4,15,19,0,19,0,0,19,0,14,5,19,0,9,10,TIRUCHULI,6482,6492fcc8680216eb6c940c03,2026-09-02T18:08:59.159Z,2026-27,VIRUDHUNAGAR,63f9cb02519359b7438e2c10,19,0,0,2026-09-16T18:06:09.078Z,0,19,0,0,0,19,0,19,0,6a98663bc6fb74a8ae65b41a,Soil Health Card RKVY,660f941a5c8405ca8375c7c6,TAMIL NADU,63f9be9f519359b7438d08bb,2026-09-16T18:08:21.181Z,Kurunaikulam,641640,63f9cb62519359b7438e34f0
15,22,1,36,37,0,37,0,0,37,0,22,15,37,0,17,20,TIRUCHULI,6482,6492fcc8680216eb6c940c03,2026-09-02T18:08:59.159Z,2026-27,VIRUDHUNAGAR,63f9cb02519359b7438e2c10,37,0,0,2026-09-16T18:06:09.078Z,0,37,0,0,0,37,0,37,0,6a98663bc6fb74a8ae65b41b,Soil Health Card RKVY,660f941a5c8405ca8375c7c6,TAMIL NADU,63f9be9f519359b7438d08bb,2026-09-16T18:08:21.181Z,Kallumadam,641664,63f9cb62519359b7438e34f5
22,3,10,15,25,0,24,1,0,25,0,23,2,25,0,11,14,TIRUCHULI,6482,6492fcc8680216eb6c940c03,2026-09-01T17:56:44.449Z,2026-27,VIRUDHUNAGAR,63f9cb02519359b7438e2c10,25,0,0,2026-09-16T18:06:09.078Z,0,25,0,0,0,25,1,24,0,6a9711dc0fb5ed24f8eeec4e,Soil Health Card RKVY,660f941a5c8405ca8375c7c6,TAMIL NADU,63f9be9f519359b7438d08bb,2026-09-16T18:08:21.181Z,Narthampatti,641660,63f9cb63519359b7438e34ff
18,7,3,22,25,0,25,0,0,25,0,18,7,25,0,18,7,TIRUCHULI,6482,6492fcc8680216eb6c940c03,2026-09-02T18:08:59.160Z,2026-27,VIRUDHUNAGAR,63f9cb02519359b7438e2c10,25,0,0,2026-09-16T18:06:09.078Z,0,25,0,0,0,25,1,24,0,6a98663bc6fb74a8ae65b41c,Soil Health Card RKVY,660f941a5c8405ca8375c7c6,TAMIL NADU,63f9be9f519359b7438d08bb,2026-09-16T18:08:21.181Z,Kullampatti,641658,63f9cb6a519359b7438e359f
16,11,12,15,27,0,27,0,0,27,0,20,7,27,0,12,15,TIRUCHULI,6482,6492fcc8680216eb6c940c03,2026-09-01T17:56:44.449Z,2026-27,VIRUDHUNAGAR,63f9cb02519359b7438e2c10,26,1,0,2026-09-16T18:06:09.078Z,0,27,0,0,0,27,0,27,0,6a9711dc0fb5ed24f8eeec4f,Soil Health Card RKVY,660f941a5c8405ca8375c7c6,TAMIL NADU,63f9be9f519359b7438d08bb,2026-09-16T18:08:21.181Z,Savaspuram,641647,63f9cb6b519359b7438e35bd
104,115,30,189,219,0,217,2,0,219,27,176,16,204,15,50,169,ARUPPUKOTTAI,6475,6492fcc8680216eb6c940c05,2026-07-09T17:50:23.047Z,2026-27,VIRUDHUNAGAR,63f9cb02519359b7438e2c10,218,0,1,2026-09-16T18:06:09.078Z,0,219,0,0,23,196,0,209,10,6a4fdf5f073f10ca17afa0b5,Soil Health Card RKVY,660f941a5c8405ca8375c7c6,TAMIL NADU,63f9be9f519359b7438d08bb,2026-09-16T18:08:21.181Z,Velayudhapuram,641679,63f9cb5d519359b7438e3478
116,105,24,197,221,0,200,12,1,220,15,162,44,172,49,36,133,ARUPPUKOTTAI,6475,6492fcc8680216eb6c940c05,2026-07-09T17:50:23.047Z,2026-27,VIRUDHUNAGAR,63f9cb02519359b7438e2c10,217,0,4,2026-09-16T18:06:09.078Z,0,221,0,0,53,168,2,182,37,6a4fdf5f073f10ca17afa0b6,Soil Health Card RKVY,660f941a5c8405ca8375c7c6,TAMIL NADU,63f9be9f519359b7438d08bb,2026-09-16T18:08:21.181Z,T.Koppuchithampatti,641673,63f9cb5e519359b7438e349b
160,60,56,164,220,0,220,0,1,219,0,208,12,220,0,114,106,ARUPPUKOTTAI,6475,6492fcc8680216eb6c940c05,2026-09-07T18:11:10.128Z,2026-27,VIRUDHUNAGAR,63f9cb02519359b7438e2c10,220,0,0,2026-09-16T18:06:09.078Z,0,220,0,0,0,220,143,1,76,6a9efe3e96c54e28dc2b1f28,Soil Health Card RKVY,660f941a5c8405ca8375c7c6,TAMIL NADU,63f9be9f519359b7438d08bb,2026-09-16T18:08:21.181Z,Athipatti (CT),641701,63f9cb5f519359b7438e34a5
16,139,4,151,154,0,155,0,7,148,0,149,6,144,11,46,109,ARUPPUKOTTAI,6475,6492fcc8680216eb6c940c05,2026-08-27T17:52:33.497Z,2026-27,VIRUDHUNAGAR,63f9cb02519359b7438e2c10,136,3,16,2026-09-16T18:06:09.078Z,0,155,0,0,0,155,1,153,1,6a90796166839ee331802e8b,Soil Health Card RKVY,660f941a5c8405ca8375c7c6,TAMIL NADU,63f9be9f519359b7438d08bb,2026-09-16T18:08:21.181Z,Vaduvarpatti,641676,63f9cb61519359b7438e34d2
59,6,5,60,65,0,65,0,2,63,1,30,34,65,0,8,57,ARUPPUKOTTAI,6475,6492fcc8680216eb6c940c05,2026-08-18T17:51:55.018Z,2026-27,VIRUDHUNAGAR,63f9cb02519359b7438e2c10,65,0,0,2026-09-16T18:06:09.078Z,0,65,0,0,0,65,0,58,7,6a849bbb4086310a56a6c48e,Soil Health Card RKVY,660f941a5c8405ca8375c7c6,TAMIL NADU,63f9be9f519359b7438d08bb,2026-09-16T18:08:21.181Z,Podampatti,641656,63f9cb63519359b7438e350e
65,154,33,186,219,0,207,12,3,216,0,170,49,212,7,87,131,ARUPPUKOTTAI,6475,6492fcc8680216eb6c940c05,2026-08-16T17:53:53.861Z,2026-27,VIRUDHUNAGAR,63f9cb02519359b7438e2c10,217,1,1,2026-09-16T18:06:09.078Z,0,219,0,0,4,215,2,128,89,6a81f931466b776955ee7ecb,Soil Health Card RKVY,660f941a5c8405ca8375c7c6,TAMIL NADU,63f9be9f519359b7438d08bb,2026-09-16T18:08:21.181Z,Chettikurichi,641657,63f9cb64519359b7438e3513
7,214,0,221,221,0,184,12,0,221,0,215,6,71,150,40,179,ARUPPUKOTTAI,6475,6492fcc8680216eb6c940c05,2026-07-24T17:51:46.675Z,2026-27,VIRUDHUNAGAR,63f9cb02519359b7438e2c10,202,0,19,2026-09-16T18:06:09.078Z,1,220,0,0,18,203,1,219,1,6a63a6321298ca6884f97e08,Soil Health Card RKVY,660f941a5c8405ca8375c7c6,TAMIL NADU,63f9be9f519359b7438d08bb,2026-09-16T18:08:21.181Z,Amanakkunatham,641653,63f9cb64519359b7438e3518
41,179,0,220,218,2,218,0,9,198,49,71,100,150,70,48,166,ARUPPUKOTTAI,6475,6492fcc8680216eb6c940c05,2026-06-18T18:06:11.747Z,2026-27,VIRUDHUNAGAR,63f9cb02519359b7438e2c10,197,4,19,2026-09-16T18:06:09.078Z,0,220,0,0,15,205,0,109,111,6a343393a6092e046bf46811,Soil Health Card RKVY,660f941a5c8405ca8375c7c6,TAMIL NADU,63f9be9f519359b7438d08bb,2026-09-16T18:08:21.181Z,Periyapuliampatti West,641633,63f9cb66519359b7438e354f
0,3,0,3,3,0,0,3,0,3,0,3,0,2,1,0,3,ARUPPUKOTTAI,6475,6492fcc8680216eb6c940c05,2026-06-18T18:06:11.631Z,2026-27,VIRUDHUNAGAR,63f9cb02519359b7438e2c10,3,0,0,2026-09-16T18:06:09.078Z,0,3,0,0,0,3,0,3,0,6a343393a6092e046bf45dcf,Soil Health Card RKVY,660f941a5c8405ca8375c7c6,TAMIL NADU,63f9be9f519359b7438d08bb,2026-09-16T18:08:21.181Z,Gopalapuram,641625,63f9cb67519359b7438e3563
4,132,0,136,136,0,136,0,0,136,72,26,38,136,0,22,114,ARUPPUKOTTAI,6475,6492fcc8680216eb6c940c05,2026-09-15T18:09:34.232Z,2026-27,VIRUDHUNAGAR,63f9cb02519359b7438e2c10,133,0,3,2026-09-16T18:06:09.078Z,0,135,1,0,1,135,7,45,84,6aa989de05ad99588db77b2e,Soil Health Card RKVY,660f941a5c8405ca8375c7c6,TAMIL NADU,63f9be9f519359b7438d08bb,2026-09-16T18:08:21.181Z,Palavanatham,641624,63f9cb6e519359b7438e35f4
1,4,1,4,5,0,5,0,0,5,0,3,2,5,0,0,5,NARIKUDI,6477,6492fcc8680216eb6c940c09,2026-09-07T18:11:10.128Z,2026-27,VIRUDHUNAGAR,63f9cb02519359b7438e2c10,5,0,0,2026-09-16T18:06:09.078Z,0,5,0,4,0,1,0,5,0,6a9efe3e96c54e28dc2b1f22,Soil Health Card RKVY,660f941a5c8405ca8375c7c6,TAMIL NADU,63f9be9f519359b7438d08bb,2026-09-16T18:08:21.181Z,Veeracholan,641567,63f9cb40519359b7438e31fb
11,4,5,10,15,0,15,0,0,15,0,6,9,15,0,7,8,NARIKUDI,6477,6492fcc8680216eb6c940c09,2026-09-07T18:11:10.128Z,2026-27,VIRUDHUNAGAR,63f9cb02519359b7438e2c10,14,1,0,2026-09-16T18:06:09.078Z,0,15,0,10,0,5,0,14,1,6a9efe3e96c54e28dc2b1f23,Soil Health Card RKVY,660f941a5c8405ca8375c7c6,TAMIL NADU,63f9be9f519359b7438d08bb,2026-09-16T18:08:21.181Z,Kamalipuliyankulam,641530,63f9cb44519359b7438e325a
6,8,1,13,14,0,14,0,0,14,1,6,7,14,0,5,9,NARIKUDI,6477,6492fcc8680216eb6c940c09,2026-09-07T18:11:10.128Z,2026-27,VIRUDHUNAGAR,63f9cb02519359b7438e2c10,14,0,0,2026-09-16T18:06:09.078Z,0,14,0,6,0,8,0,13,1,6a9efe3e96c54e28dc2b1f24,Soil Health Card RKVY,660f941a5c8405ca8375c7c6,TAMIL NADU,63f9be9f519359b7438d08bb,2026-09-16T18:08:21.181Z,Varisaiyur,641508,63f9cb46519359b7438e328c
1,0,0,1,1,0,1,0,0,1,0,0,1,1,0,0,1,NARIKUDI,6477,6492fcc8680216eb6c940c09,2026-09-07T18:11:10.128Z,2026-27,VIRUDHUNAGAR,63f9cb02519359b7438e2c10,1,0,0,2026-09-16T18:06:09.078Z,0,1,0,0,0,1,0,1,0,6a9efe3e96c54e28dc2b1f25,Soil Health Card RKVY,660f941a5c8405ca8375c7c6,TAMIL NADU,63f9be9f519359b7438d08bb,2026-09-16T18:08:21.181Z,Keelapuliyandarkottai,641565,63f9cb51519359b7438e3377
9,9,4,14,18,0,18,0,0,18,1,5,12,18,0,10,8,NARIKUDI,6477,6492fcc8680216eb6c940c09,2026-09-07T18:11:10.128Z,2026-27,VIRUDHUNAGAR,63f9cb02519359b7438e2c10,18,0,0,2026-09-16T18:06:09.078Z,0,18,0,0,0,18,0,18,0,6a9efe3e96c54e28dc2b1f26,Soil Health Card RKVY,660f941a5c8405ca8375c7c6,TAMIL NADU,63f9be9f519359b7438d08bb,2026-09-16T18:08:21.181Z,Melaparuttiyur,641526,63f9cb55519359b7438e33d1
31,16,12,35,47,0,47,0,0,47,7,15,25,47,0,27,20,NARIKUDI,6477,6492fcc8680216eb6c940c09,2026-09-07T18:11:10.128Z,2026-27,VIRUDHUNAGAR,63f9cb02519359b7438e2c10,40,0,7,2026-09-16T18:06:09.078Z,0,47,0,3,0,44,0,46,1,6a9efe3e96c54e28dc2b1f27,Soil Health Card RKVY,660f941a5c8405ca8375c7c6,TAMIL NADU,63f9be9f519359b7438d08bb,2026-09-16T18:08:21.181Z,Usilangulam,641525,63f9cb55519359b7438e33d6
0,10,0,10,10,0,10,0,0,10,0,4,6,10,0,2,8,SATTUR,6479,6492fcc8680216eb6c940c0f,2026-08-28T17:53:48.074Z,2026-27,VIRUDHUNAGAR,63f9cb02519359b7438e2c10,6,0,4,2026-09-16T18:06:09.078Z,0,10,0,0,0,10,0,10,0,6a91cb2c5c17f4f3a547d9b3,Soil Health Card RKVY,660f941a5c8405ca8375c7c6,TAMIL NADU,63f9be9f519359b7438d08bb,2026-09-16T18:08:21.181Z,Padandal (Part),641716,63f9cb6f519359b7438e360f
46,17,16,47,63,0,63,0,0,63,2,36,25,63,0,38,25,SATTUR,6479,6492fcc8680216eb6c940c0f,2026-09-01T17:56:44.449Z,2026-27,VIRUDHUNAGAR,63f9cb02519359b7438e2c10,43,0,20,2026-09-16T18:06:09.078Z,0,63,0,0,0,63,0,63,0,6a9711dc0fb5ed24f8eeec50,Soil Health Card RKVY,660f941a5c8405ca8375c7c6,TAMIL NADU,63f9be9f519359b7438d08bb,2026-09-16T18:08:21.181Z,Chinnakamanpatti,641714,63f9cb6f519359b7438e3614
11,10,2,19,21,0,21,0,0,21,0,21,0,21,0,5,16,SATTUR,6479,6492fcc8680216eb6c940c0f,2026-08-30T17:50:39.032Z,2026-27,VIRUDHUNAGAR,63f9cb02519359b7438e2c10,21,0,0,2026-09-16T18:06:09.078Z,0,21,0,0,0,21,0,21,0,6a946d6f72269a77ebb56896,Soil Health Card RKVY,660f941a5c8405ca8375c7c6,TAMIL NADU,63f9be9f519359b7438d08bb,2026-09-16T18:08:21.181Z,Sinduvampatti,641732,63f9cb70519359b7438e361e
11,31,3,39,42,0,42,0,1,41,0,38,4,42,0,17,25,SATTUR,6479,6492fcc8680216eb6c940c0f,2026-08-30T17:50:39.033Z,2026-27,VIRUDHUNAGAR,63f9cb02519359b7438e2c10,42,0,0,2026-09-16T18:06:09.078Z,0,42,0,0,0,42,0,42,0,6a946d6f72269a77ebb56897,Soil Health Card RKVY,660f941a5c8405ca8375c7c6,TAMIL NADU,63f9be9f519359b7438d08bb,2026-09-16T18:08:21.181Z,Mulliseval Muthusamipuram,641756,63f9cb71519359b7438e3628
13,2,6,9,15,0,15,0,0,15,0,5,10,15,0,10,5,SATTUR,6479,6492fcc8680216eb6c940c0f,2026-09-01T17:56:44.449Z,2026-27,VIRUDHUNAGAR,63f9cb02519359b7438e2c10,15,0,0,2026-09-16T18:06:09.078Z,0,15,0,0,0,15,0,15,0,6a9711dc0fb5ed24f8eeec51,Soil Health Card RKVY,660f941a5c8405ca8375c7c6,TAMIL NADU,63f9be9f519359b7438d08bb,2026-09-16T18:08:21.181Z,Mullisevel (a)Chokkalingapuram,641757,63f9cb71519359b7438e362d
13,2,2,13,15,0,15,0,0,15,0,7,8,15,0,8,7,SATTUR,6479,6492fcc8680216eb6c940c0f,2026-09-01T17:56:44.449Z,2026-27,VIRUDHUNAGAR,63f9cb02519359b7438e2c10,15,0,0,2026-09-16T18:06:09.078Z,0,15,0,0,0,15,0,15,0,6a9711dc0fb5ed24f8eeec52,Soil Health Card RKVY,660f941a5c8405ca8375c7c6,TAMIL NADU,63f9be9f519359b7438d08bb,2026-09-16T18:08:21.181Z,Mettamalai (CT),641763,63f9cb71519359b7438e3632
36,29,38,27,65,0,65,0,2,63,0,62,3,65,0,31,34,SATTUR,6479,6492fcc8680216eb6c940c0f,2026-08-31T17:56:56.040Z,2026-27,VIRUDHUNAGAR,63f9cb02519359b7438e2c10,4,12,49,2026-09-16T18:06:09.078Z,0,65,0,0,12,53,0,65,0,6a95c068700f6639f44288a3,Soil Health Card RKVY,660f941a5c8405ca8375c7c6,TAMIL NADU,63f9be9f519359b7438d08bb,2026-09-16T18:08:21.181Z,Chinnathambiyapuram,641741,63f9cb72519359b7438e3646
42,0,11,31,42,0,42,0,0,42,0,37,5,42,0,20,22,SATTUR,6479,6492fcc8680216eb6c940c0f,2026-08-28T17:53:48.074Z,2026-27,VIRUDHUNAGAR,63f9cb02519359b7438e2c10,30,1,11,2026-09-16T18:06:09.078Z,0,42,0,0,24,18,0,42,0,6a91cb2c5c17f4f3a547d9b4,Soil Health Card RKVY,660f941a5c8405ca8375c7c6,TAMIL NADU,63f9be9f519359b7438d08bb,2026-09-16T18:08:21.181Z,N.Mettupatti (Nenmani),641720,63f9cb72519359b7438e3650
51,27,15,63,78,0,78,0,4,74,0,68,10,78,0,50,28,SATTUR,6479,6492fcc8680216eb6c940c0f,2026-08-30T17:50:39.033Z,2026-27,VIRUDHUNAGAR,63f9cb02519359b7438e2c10,78,0,0,2026-09-16T18:06:09.078Z,0,78,0,0,37,41,0,78,0,6a946d6f72269a77ebb56898,Soil Health Card RKVY,660f941a5c8405ca8375c7c6,TAMIL NADU,63f9be9f519359b7438d08bb,2026-09-16T18:08:21.181Z,Subramaniyapuram,641737,63f9cb73519359b7438e365f
51,18,27,42,69,0,69,0,0,69,9,17,43,69,0,17,52,SATTUR,6479,6492fcc8680216eb6c940c0f,2026-09-01T17:56:44.450Z,2026-27,VIRUDHUNAGAR,63f9cb02519359b7438e2c10,68,1,0,2026-09-16T18:06:09.078Z,0,69,0,0,0,69,0,69,0,6a9711dc0fb5ed24f8eeec53,Soil Health Card RKVY,660f941a5c8405ca8375c7c6,TAMIL NADU,63f9be9f519359b7438d08bb,2026-09-16T18:08:21.181Z,Peddureddipatti,641738,63f9cb73519359b7438e3664
45,24,27,42,67,2,69,0,0,69,1,60,8,69,0,31,38,SATTUR,6479,6492fcc8680216eb6c940c0f,2026-09-01T17:56:44.450Z,2026-27,VIRUDHUNAGAR,63f9cb02519359b7438e2c10,63,0,6,2026-09-16T18:06:09.078Z,0,69,0,0,2,67,0,69,0,6a9711dc0fb5ed24f8eeec54,Soil Health Card RKVY,660f941a5c8405ca8375c7c6,TAMIL NADU,63f9be9f519359b7438d08bb,2026-09-16T18:08:21.181Z,Mudittalai Nagalapuram,641721,63f9cb74519359b7438e366e
72,1,5,68,73,0,73,0,0,73,0,72,1,73,0,35,38,SATTUR,6479,6492fcc8680216eb6c940c0f,2026-08-29T17:52:22.746Z,2026-27,VIRUDHUNAGAR,63f9cb02519359b7438e2c10,73,0,0,2026-09-16T18:06:09.078Z,0,73,0,0,7,66,0,73,0,6a931c56dfe37efc9fb7b62a,Soil Health Card RKVY,660f941a5c8405ca8375c7c6,TAMIL NADU,63f9be9f519359b7438d08bb,2026-09-16T18:08:21.181Z,Pottireddiyapatti,641731,63f9cb74519359b7438e3678
7,19,1,25,26,0,26,0,0,26,0,18,8,26,0,3,23,SATTUR,6479,6492fcc8680216eb6c940c0f,2026-08-18T17:51:55.019Z,2026-27,VIRUDHUNAGAR,63f9cb02519359b7438e2c10,19,0,7,2026-09-16T18:06:09.078Z,0,26,0,0,0,26,0,26,0,6a849bbb4086310a56a6c48f,Soil Health Card RKVY,660f941a5c8405ca8375c7c6,TAMIL NADU,63f9be9f519359b7438d08bb,2026-09-16T18:08:21.181Z,Othaiyal Mettupatti,641726,63f9cb74519359b7438e367d
28,7,4,31,35,0,35,0,0,35,0,28,7,35,0,19,16,SATTUR,6479,6492fcc8680216eb6c940c0f,2026-09-02T18:08:59.161Z,2026-27,VIRUDHUNAGAR,63f9cb02519359b7438e2c10,35,0,0,2026-09-16T18:06:09.078Z,0,35,0,0,30,5,0,35,0,6a98663bc6fb74a8ae65b41d,Soil Health Card RKVY,660f941a5c8405ca8375c7c6,TAMIL NADU,63f9be9f519359b7438d08bb,2026-09-16T18:08:21.181Z,Nenmeni,641722,63f9cb75519359b7438e3682
27,7,12,22,34,0,34,0,0,34,0,34,0,34,0,16,18,SATTUR,6479,6492fcc8680216eb6c940c0f,2026-08-29T17:52:22.746Z,2026-27,VIRUDHUNAGAR,63f9cb02519359b7438e2c10,34,0,0,2026-09-16T18:06:09.078Z,0,34,0,0,0,34,0,34,0,6a931c56dfe37efc9fb7b62b,Soil Health Card RKVY,660f941a5c8405ca8375c7c6,TAMIL NADU,63f9be9f519359b7438d08bb,2026-09-16T18:08:21.181Z,Periagollapatti,641723,63f9cb75519359b7438e3687
39,13,11,41,52,0,52,0,1,51,0,40,12,52,0,21,31,SATTUR,6479,6492fcc8680216eb6c940c0f,2026-08-07T17:53:16.295Z,2026-27,VIRUDHUNAGAR,63f9cb02519359b7438e2c10,52,0,0,2026-09-16T18:06:09.078Z,0,52,0,0,0,52,0,52,0,6a761b8ca28634dc2cc140b0,Soil Health Card RKVY,660f941a5c8405ca8375c7c6,TAMIL NADU,63f9be9f519359b7438d08bb,2026-09-16T18:08:21.181Z,Chinnagollapatti,641724,63f9cb75519359b7438e368c
55,0,3,52,55,0,55,0,0,55,0,49,6,55,0,27,28,SATTUR,6479,6492fcc8680216eb6c940c0f,2026-08-29T17:52:22.746Z,2026-27,VIRUDHUNAGAR,63f9cb02519359b7438e2c10,54,1,0,2026-09-16T18:06:09.078Z,0,55,0,0,0,55,0,55,0,6a931c56dfe37efc9fb7b62c,Soil Health Card RKVY,660f941a5c8405ca8375c7c6,TAMIL NADU,63f9be9f519359b7438d08bb,2026-09-16T18:08:21.181Z,Kattalampatti,641717,63f9cb76519359b7438e3696
54,16,18,52,70,0,70,0,0,70,2,39,29,69,1,35,35,SATTUR,6479,6492fcc8680216eb6c940c0f,2026-09-01T17:56:44.450Z,2026-27,VIRUDHUNAGAR,63f9cb02519359b7438e2c10,65,1,4,2026-09-16T18:06:09.078Z,0,69,1,0,0,70,1,69,0,6a9711dc0fb5ed24f8eeec56,Soil Health Card RKVY,660f941a5c8405ca8375c7c6,TAMIL NADU,63f9be9f519359b7438d08bb,2026-09-16T18:08:21.181Z,Ammapatti,641713,63f9cb76519359b7438e36a0
30,16,17,29,45,1,46,0,0,46,1,31,14,46,0,20,26,SATTUR,6479,6492fcc8680216eb6c940c0f,2026-09-02T18:08:59.161Z,2026-27,VIRUDHUNAGAR,63f9cb02519359b7438e2c10,46,0,0,2026-09-16T18:06:09.078Z,0,46,0,0,18,28,0,45,1,6a98663bc6fb74a8ae65b41f,Soil Health Card RKVY,660f941a5c8405ca8375c7c6,TAMIL NADU,63f9be9f519359b7438d08bb,2026-09-16T18:08:21.181Z,Kosukkundu,641710,63f9cb78519359b7438e36b4
50,30,18,62,80,0,80,0,1,79,0,73,7,80,0,44,36,SATTUR,6479,6492fcc8680216eb6c940c0f,2026-08-31T17:56:56.040Z,2026-27,VIRUDHUNAGAR,63f9cb02519359b7438e2c10,59,5,16,2026-09-16T18:06:09.078Z,0,80,0,0,4,76,0,80,0,6a95c068700f6639f44288a4,Soil Health Card RKVY,660f941a5c8405ca8375c7c6,TAMIL NADU,63f9be9f519359b7438d08bb,2026-09-16T18:08:21.181Z,Perayyampatti,641760,63f9cb78519359b7438e36be
28,47,23,52,48,27,75,0,4,71,0,64,11,75,0,48,27,SATTUR,6479,6492fcc8680216eb6c940c0f,2026-08-30T17:50:39.033Z,2026-27,VIRUDHUNAGAR,63f9cb02519359b7438e2c10,63,0,12,2026-09-16T18:06:09.078Z,0,75,0,1,0,74,0,75,0,6a946d6f72269a77ebb56899,Soil Health Card RKVY,660f941a5c8405ca8375c7c6,TAMIL NADU,63f9be9f519359b7438d08bb,2026-09-16T18:08:21.181Z,Kanjampatti,641761,63f9cb79519359b7438e36cd
5,69,2,72,74,0,74,0,0,74,0,33,41,74,0,16,58,SATTUR,6479,6492fcc8680216eb6c940c0f,2026-08-20T17:50:36.017Z,2026-27,VIRUDHUNAGAR,63f9cb02519359b7438e2c10,32,1,41,2026-09-16T18:06:09.078Z,0,74,0,0,0,74,0,74,0,6a873e6c8241b4e3ac630554,Soil Health Card RKVY,660f941a5c8405ca8375c7c6,TAMIL NADU,63f9be9f519359b7438d08bb,2026-09-16T18:08:21.181Z,Padandal (CT),641765,63f9cb7a519359b7438e36d7
6,7,1,12,13,0,13,0,0,13,6,1,6,13,0,8,5,SATTUR,6479,6492fcc8680216eb6c940c0f,2026-09-01T17:56:44.451Z,2026-27,VIRUDHUNAGAR,63f9cb02519359b7438e2c10,13,0,0,2026-09-16T18:06:09.078Z,0,13,0,0,0,13,0,13,0,6a9711dc0fb5ed24f8eeec58,Soil Health Card RKVY,660f941a5c8405ca8375c7c6,TAMIL NADU,63f9be9f519359b7438d08bb,2026-09-16T18:08:21.181Z,Madathukadu,933795,63f9cb7a519359b7438e36dc
21,42,2,61,63,0,63,0,4,59,1,56,6,63,0,38,24,SATTUR,6479,6492fcc8680216eb6c940c0f,2026-08-31T17:56:56.040Z,2026-27,VIRUDHUNAGAR,63f9cb02519359b7438e2c10,38,0,25,2026-09-16T18:06:09.078Z,0,63,0,0,1,62,0,63,0,6a95c068700f6639f44288a5,Soil Health Card RKVY,660f941a5c8405ca8375c7c6,TAMIL NADU,63f9be9f519359b7438d08bb,2026-09-16T18:08:21.181Z,Karisalpatti,641755,63f9cb7b519359b7438e36eb
10,52,7,55,62,0,62,0,1,61,0,58,4,62,0,42,20,SATTUR,6479,6492fcc8680216eb6c940c0f,2026-08-30T17:50:39.033Z,2026-27,VIRUDHUNAGAR,63f9cb02519359b7438e2c10,62,0,0,2026-09-16T18:06:09.078Z,0,62,0,0,2,60,0,62,0,6a946d6f72269a77ebb5689a,Soil Health Card RKVY,660f941a5c8405ca8375c7c6,TAMIL NADU,63f9be9f519359b7438d08bb,2026-09-16T18:08:21.181Z,Uppattur,641734,63f9cb7b519359b7438e36f0
43,66,20,90,110,0,110,0,0,110,6,39,65,95,15,34,76,SATTUR,6479,6492fcc8680216eb6c940c0f,2026-08-28T17:53:48.074Z,2026-27,VIRUDHUNAGAR,63f9cb02519359b7438e2c10,87,3,20,2026-09-16T18:06:09.078Z,0,110,0,0,55,55,0,109,1,6a91cb2c5c17f4f3a547d9b5,Soil Health Card RKVY,660f941a5c8405ca8375c7c6,TAMIL NADU,63f9be9f519359b7438d08bb,2026-09-16T18:08:21.181Z,Melamadai,641719,63f9cb7b519359b7438e36f5
22,40,8,54,62,0,62,0,0,62,0,52,10,62,0,26,36,SATTUR,6479,6492fcc8680216eb6c940c0f,2026-08-28T17:53:48.074Z,2026-27,VIRUDHUNAGAR,63f9cb02519359b7438e2c10,29,1,32,2026-09-16T18:06:09.078Z,0,62,0,0,35,27,0,62,0,6a91cb2c5c17f4f3a547d9b6,Soil Health Card RKVY,660f941a5c8405ca8375c7c6,TAMIL NADU,63f9be9f519359b7438d08bb,2026-09-16T18:08:21.181Z,Sirukulam,641712,63f9cb7c519359b7438e3704
36,19,13,42,55,0,55,0,1,54,0,51,4,55,0,32,23,SATTUR,6479,6492fcc8680216eb6c940c0f,2026-08-30T17:50:39.034Z,2026-27,VIRUDHUNAGAR,63f9cb02519359b7438e2c10,30,0,25,2026-09-16T18:06:09.078Z,0,55,0,0,0,55,0,55,0,6a946d6f72269a77ebb5689b,Soil Health Card RKVY,660f941a5c8405ca8375c7c6,TAMIL NADU,63f9be9f519359b7438d08bb,2026-09-16T18:08:21.181Z,Sindapalli,641291,63f9cb7c519359b7438e370e
20,85,1,104,105,0,105,0,0,105,0,86,19,1,104,105,0,VIRUDHUNAGAR,6484,6492fcc8680216eb6c940c11,2026-09-06T18:07:14.004Z,2026-27,VIRUDHUNAGAR,63f9cb02519359b7438e2c10,84,1,20,2026-09-16T18:06:09.078Z,0,105,0,0,0,105,32,26,47,6a9dabd2506f0d8706d7b9f9,Soil Health Card RKVY,660f941a5c8405ca8375c7c6,TAMIL NADU,63f9be9f519359b7438d08bb,2026-09-16T18:08:21.181Z,Periaparali,641322,63f9cb19519359b7438e2e4b
0,29,4,25,14,15,29,0,0,29,0,23,6,0,29,29,0,VIRUDHUNAGAR,6484,6492fcc8680216eb6c940c11,2026-09-16T18:08:24.854Z,2026-27,VIRUDHUNAGAR,63f9cb02519359b7438e2c10,29,0,0,2026-09-16T18:06:09.078Z,0,29,0,0,0,29,0,11,18,6aaadb18815951ad19d1c52e,Soil Health Card RKVY,660f941a5c8405ca8375c7c6,TAMIL NADU,63f9be9f519359b7438d08bb,2026-09-16T18:08:24.854Z,Amathur (CT),641368,63f9cb19519359b7438e2e55
0,60,0,60,54,6,60,0,0,60,0,60,0,16,44,60,0,VIRUDHUNAGAR,6484,6492fcc8680216eb6c940c11,2026-08-07T17:53:16.294Z,2026-27,VIRUDHUNAGAR,63f9cb02519359b7438e2c10,60,0,0,2026-09-16T18:06:09.078Z,0,60,0,0,0,60,0,16,44,6a761b8ca28634dc2cc140ae,Soil Health Card RKVY,660f941a5c8405ca8375c7c6,TAMIL NADU,63f9be9f519359b7438d08bb,2026-09-16T18:08:21.181Z,Appayyanayakkanpatti,641364,63f9cb1a519359b7438e2e64
0,5,2,3,5,0,5,0,0,5,0,5,0,0,5,5,0,VIRUDHUNAGAR,6484,6492fcc8680216eb6c940c11,2026-09-10T18:12:36.898Z,2026-27,VIRUDHUNAGAR,63f9cb02519359b7438e2c10,5,0,0,2026-09-16T18:06:09.078Z,0,5,0,0,0,5,5,0,0,6aa2f314dfa3538f38d26515,Soil Health Card RKVY,660f941a5c8405ca8375c7c6,TAMIL NADU,63f9be9f519359b7438d08bb,2026-09-16T18:08:21.181Z,Virudhunagar,932421,63f9cb1a519359b7438e2e69
5,81,16,70,56,30,86,0,0,86,0,72,14,0,86,65,21,VIRUDHUNAGAR,6484,6492fcc8680216eb6c940c11,2026-09-06T18:07:14.005Z,2026-27,VIRUDHUNAGAR,63f9cb02519359b7438e2c10,86,0,0,2026-09-16T18:06:09.078Z,1,85,0,0,0,86,34,2,50,6a9dabd2506f0d8706d7b9fa,Soil Health Card RKVY,660f941a5c8405ca8375c7c6,TAMIL NADU,63f9be9f519359b7438d08bb,2026-09-16T18:08:21.181Z,Chathirareddipatti (CT),641366,63f9cb1b519359b7438e2e78
0,23,0,23,23,0,23,0,0,23,0,19,4,0,23,23,0,VIRUDHUNAGAR,6484,6492fcc8680216eb6c940c11,2026-09-06T18:07:14.005Z,2026-27,VIRUDHUNAGAR,63f9cb02519359b7438e2c10,23,0,0,2026-09-16T18:06:09.078Z,0,23,0,0,0,23,17,0,6,6a9dabd2506f0d8706d7b9fb,Soil Health Card RKVY,660f941a5c8405ca8375c7c6,TAMIL NADU,63f9be9f519359b7438d08bb,2026-09-16T18:08:21.181Z,Allampatti,932294,63f9cb1b519359b7438e2e7d
0,20,4,16,20,0,20,0,0,20,0,19,1,0,20,20,0,VIRUDHUNAGAR,6484,6492fcc8680216eb6c940c11,2026-09-10T18:12:36.898Z,2026-27,VIRUDHUNAGAR,63f9cb02519359b7438e2c10,20,0,0,2026-09-16T18:06:09.078Z,0,20,0,0,0,20,17,0,3,6aa2f314dfa3538f38d26516,Soil Health Card RKVY,660f941a5c8405ca8375c7c6,TAMIL NADU,63f9be9f519359b7438d08bb,2026-09-16T18:08:21.181Z,Rosalpatti (CT),641369,63f9cb1b519359b7438e2e87
0,33,0,33,33,0,33,0,0,33,3,22,8,0,33,33,0,VIRUDHUNAGAR,6484,6492fcc8680216eb6c940c11,2026-09-01T17:56:44.448Z,2026-27,VIRUDHUNAGAR,63f9cb02519359b7438e2c10,33,0,0,2026-09-16T18:06:09.078Z,0,32,1,1,0,32,9,0,24,6a9711dc0fb5ed24f8eeec4d,Soil Health Card RKVY,660f941a5c8405ca8375c7c6,TAMIL NADU,63f9be9f519359b7438d08bb,2026-09-16T18:08:21.181Z,Chinnavadi,641360,63f9cb1c519359b7438e2ea0
0,54,2,52,54,0,54,0,0,54,0,48,6,5,49,54,0,VIRUDHUNAGAR,6484,6492fcc8680216eb6c940c11,2026-08-07T17:53:16.294Z,2026-27,VIRUDHUNAGAR,63f9cb02519359b7438e2c10,54,0,0,2026-09-16T18:06:09.078Z,1,53,0,0,0,54,15,4,35,6a761b8ca28634dc2cc140af,Soil Health Card RKVY,660f941a5c8405ca8375c7c6,TAMIL NADU,63f9be9f519359b7438d08bb,2026-09-16T18:08:21.181Z,Mettukkundu,641339,63f9cb1e519359b7438e2ed2
0,104,0,104,104,0,104,0,0,104,0,102,2,1,103,103,1,VIRUDHUNAGAR,6484,6492fcc8680216eb6c940c11,2026-08-28T17:53:48.073Z,2026-27,VIRUDHUNAGAR,63f9cb02519359b7438e2c10,104,0,0,2026-09-16T18:06:09.078Z,0,104,0,1,16,87,12,9,83,6a91cb2c5c17f4f3a547d9b2,Soil Health Card RKVY,660f941a5c8405ca8375c7c6,TAMIL NADU,63f9be9f519359b7438d08bb,2026-09-16T18:08:21.181Z,Misalur,641328,63f9cb1e519359b7438e2ed7
0,118,0,118,115,3,118,0,1,117,0,118,0,0,118,107,11,VIRUDHUNAGAR,6484,6492fcc8680216eb6c940c11,2026-09-15T18:09:34.230Z,2026-27,VIRUDHUNAGAR,63f9cb02519359b7438e2c10,85,0,33,2026-09-16T18:06:09.078Z,0,118,0,1,81,36,0,61,57,6aa989de05ad99588db77b2d,Soil Health Card RKVY,660f941a5c8405ca8375c7c6,TAMIL NADU,63f9be9f519359b7438d08bb,2026-09-16T18:08:21.181Z,Moolippatti,641324,63f9cb1f519359b7438e2ee1
0,11,0,11,3,8,11,0,0,11,0,9,2,0,11,2,9,VIRUDHUNAGAR,6484,6492fcc8680216eb6c940c11,2026-09-06T18:07:14.005Z,2026-27,VIRUDHUNAGAR,63f9cb02519359b7438e2c10,11,0,0,2026-09-16T18:06:09.078Z,0,11,0,0,0,11,7,0,4,6a9dabd2506f0d8706d7b9fc,Soil Health Card RKVY,660f941a5c8405ca8375c7c6,TAMIL NADU,63f9be9f519359b7438d08bb,2026-09-16T18:08:21.181Z,Kooraikundu (CT),641370,63f9cb1f519359b7438e2ef0
0,80,0,80,1,79,80,0,0,80,0,80,0,8,72,80,0,VIRUDHUNAGAR,6484,6492fcc8680216eb6c940c11,2026-08-05T17:46:06.109Z,2026-27,VIRUDHUNAGAR,63f9cb02519359b7438e2c10,80,0,0,2026-09-16T18:06:09.078Z,0,80,0,0,0,80,21,4,55,6a7376deabd36e5d4e77ba35,Soil Health Card RKVY,660f941a5c8405ca8375c7c6,TAMIL NADU,63f9be9f519359b7438d08bb,2026-09-16T18:08:21.181Z,Sengottai,641318,63f9cb22519359b7438e2f31
0,98,20,78,60,38,97,1,1,97,0,98,0,0,98,96,2,VIRUDHUNAGAR,6484,6492fcc8680216eb6c940c11,2026-09-10T18:12:36.899Z,2026-27,VIRUDHUNAGAR,63f9cb02519359b7438e2c10,98,0,0,2026-09-16T18:06:09.078Z,0,98,0,0,0,98,18,34,46,6aa2f314dfa3538f38d26517,Soil Health Card RKVY,660f941a5c8405ca8375c7c6,TAMIL NADU,63f9be9f519359b7438d08bb,2026-09-16T18:08:21.181Z,Ellinganayakkampatti,641319,63f9cb22519359b7438e2f36
0,137,0,137,0,137,137,0,0,137,0,136,1,15,122,136,1,VIRUDHUNAGAR,6484,6492fcc8680216eb6c940c11,2026-08-03T17:49:24.439Z,2026-27,VIRUDHUNAGAR,63f9cb02519359b7438e2c10,135,0,2,2026-09-16T18:06:09.078Z,0,125,12,0,1,136,62,10,65,6a70d4a49922d3c3a0c03c3e,Soil Health Card RKVY,660f941a5c8405ca8375c7c6,TAMIL NADU,63f9be9f519359b7438d08bb,2026-09-16T18:08:21.181Z,Kadambankulam,641340,63f9cb23519359b7438e2f3b
0,63,0,63,63,0,63,0,0,63,4,15,44,0,63,63,0,VIRUDHUNAGAR,6484,6492fcc8680216eb6c940c11,2026-08-31T17:56:56.039Z,2026-27,VIRUDHUNAGAR,63f9cb02519359b7438e2c10,61,2,0,2026-09-16T18:06:09.078Z,0,63,0,0,0,63,31,2,30,6a95c068700f6639f44288a2,Soil Health Card RKVY,660f941a5c8405ca8375c7c6,TAMIL NADU,63f9be9f519359b7438d08bb,2026-09-16T18:08:21.181Z,Kumaralingapuram,641326,63f9cb23519359b7438e2f45
9,29,0,38,38,0,38,0,0,38,11,12,15,0,38,38,0,VIRUDHUNAGAR,6484,6492fcc8680216eb6c940c11,2026-09-01T17:56:44.450Z,2026-27,VIRUDHUNAGAR,63f9cb02519359b7438e2c10,37,0,1,2026-09-16T18:06:09.078Z,0,38,0,0,1,37,4,5,29,6a9711dc0fb5ed24f8eeec55,Soil Health Card RKVY,660f941a5c8405ca8375c7c6,TAMIL NADU,63f9be9f519359b7438d08bb,2026-09-16T18:08:21.181Z,Golwarpatti,641706,63f9cb76519359b7438e369b
0,50,0,50,50,0,50,0,4,46,8,5,37,0,50,49,1,VIRUDHUNAGAR,6484,6492fcc8680216eb6c940c11,2026-09-02T18:08:59.161Z,2026-27,VIRUDHUNAGAR,63f9cb02519359b7438e2c10,50,0,0,2026-09-16T18:06:09.078Z,0,50,0,0,4,46,18,2,30,6a98663bc6fb74a8ae65b41e,Soil Health Card RKVY,660f941a5c8405ca8375c7c6,TAMIL NADU,63f9be9f519359b7438d08bb,2026-09-16T18:08:21.181Z,Sandaiyur,641705,63f9cb77519359b7438e36aa
0,25,0,25,25,0,23,2,0,25,0,10,15,0,25,24,1,VIRUDHUNAGAR,6484,6492fcc8680216eb6c940c11,2026-09-02T18:08:59.161Z,2026-27,VIRUDHUNAGAR,63f9cb02519359b7438e2c10,25,0,0,2026-09-16T18:06:09.078Z,0,25,0,0,0,25,10,1,14,6a98663bc6fb74a8ae65b420,Soil Health Card RKVY,660f941a5c8405ca8375c7c6,TAMIL NADU,63f9be9f519359b7438d08bb,2026-09-16T18:08:21.181Z,Muthulingapuram,641703,63f9cb78519359b7438e36b9
0,58,0,58,58,0,57,1,0,58,11,25,22,0,58,58,0,VIRUDHUNAGAR,6484,6492fcc8680216eb6c940c11,2026-09-03T18:08:02.709Z,2026-27,VIRUDHUNAGAR,63f9cb02519359b7438e2c10,57,1,0,2026-09-16T18:06:09.078Z,0,58,0,0,0,58,30,3,25,6a99b7820649dfa6ff11f3c2,Soil Health Card RKVY,660f941a5c8405ca8375c7c6,TAMIL NADU,63f9be9f519359b7438d08bb,2026-09-16T18:08:21.181Z,Veppilaipatti,641704,63f9cb79519359b7438e36c8
1,45,0,46,46,0,46,0,1,45,0,38,8,0,46,46,0,VIRUDHUNAGAR,6484,6492fcc8680216eb6c940c11,2026-09-01T17:56:44.450Z,2026-27,VIRUDHUNAGAR,63f9cb02519359b7438e2c10,46,0,0,2026-09-16T18:06:09.078Z,0,46,0,0,0,46,0,2,44,6a9711dc0fb5ed24f8eeec57,Soil Health Card RKVY,660f941a5c8405ca8375c7c6,TAMIL NADU,63f9be9f519359b7438d08bb,2026-09-16T18:08:21.181Z,Kumaralingapuram,641702,63f9cb79519359b7438e36d2
84,36,1,119,120,0,120,0,0,120,59,25,36,120,0,50,70,VEMBAKOTTAI,6483,6492fcc9680216eb6c940c13,2026-08-13T17:49:12.660Z,2026-27,VIRUDHUNAGAR,63f9cb02519359b7438e2c10,96,0,24,2026-09-16T18:06:09.078Z,0,119,1,0,13,107,0,120,0,6a7e03985649bb3abb470b85,Soil Health Card RKVY,660f941a5c8405ca8375c7c6,TAMIL NADU,63f9be9f519359b7438d08bb,2026-09-16T18:08:21.181Z,Thlukkankurichchi,641744,63f9cb7e519359b7438e3738
1,339,0,340,317,23,292,48,9,331,0,306,34,55,285,330,10,SIVAKASI,6480,6492fcc9680216eb6c940c15,2026-08-13T17:49:12.660Z,2026-27,VIRUDHUNAGAR,63f9cb02519359b7438e2c10,338,2,0,2026-09-16T18:06:09.078Z,0,340,0,0,28,312,5,172,163,6a7e03985649bb3abb470b84,Soil Health Card RKVY,660f941a5c8405ca8375c7c6,TAMIL NADU,63f9be9f519359b7438d08bb,2026-09-16T18:08:21.181Z,Erichchanatham,641268,63f9cb14519359b7438e2dd1
